,0
2016-01-01,0.047647
2016-01-02,0.04682325
2016-01-03,0.048986250000000016
2016-01-04,0.08553924999999996
2016-01-05,0.07821399999999999
2016-01-06,0.08958025000000006
2016-01-07,0.0611085
2016-01-08,0.062457249999999985
2016-01-09,0.05387275
2016-01-10,0.04262850000000002
2016-01-11,0.07292449999999995
2016-01-12,0.06173774999999997
2016-01-13,0.07643525
2016-01-14,0.08674825
2016-01-15,0.10116424999999996
2016-01-16,0.056683999999999984
2016-01-17,0.06005425
2016-01-18,0.14529424999999996
2016-01-19,0.16232175
2016-01-20,0.17529525
2016-01-21,0.17928724999999995
2016-01-22,0.14302475000000006
2016-01-23,0.06096599999999997
2016-01-24,0.05624650000000002
2016-01-25,0.08731599999999999
2016-01-26,0.07256575000000003
2016-01-27,0.04747200000000002
2016-01-28,0.06252125
2016-01-29,0.04968025
2016-01-30,0.04253374999999999
2016-01-31,0.039254000000000025
2016-02-01,0.05081825
2016-02-02,0.05049824999999998
2016-02-03,0.05395849999999999
2016-02-04,0.052346250000000025
2016-02-05,0.06300349999999996
2016-02-06,0.04060125000000001
2016-02-07,0.035083500000000004
2016-02-08,0.0450735
2016-02-09,0.0476815
2016-02-10,0.06227925
2016-02-11,0.06724649999999997
2016-02-12,0.07711724999999997
2016-02-13,0.05527050000000002
2016-02-14,0.051266999999999986
2016-02-15,0.060877
2016-02-16,0.09983725
2016-02-17,0.07826799999999999
2016-02-18,0.08165799999999998
2016-02-19,0.07156349999999999
2016-02-20,0.043629750000000016
2016-02-21,0.033878
2016-02-22,0.04702675000000001
2016-02-23,0.056684749999999985
2016-02-24,0.0664365
2016-02-25,0.07475899999999998
2016-02-26,0.07323225
2016-02-27,0.04725149999999999
2016-02-28,0.04355174999999998
2016-02-29,0.0541
2016-03-01,0.0485165
2016-03-02,0.04601924999999999
2016-03-03,0.06264625
2016-03-04,0.04742974999999999
2016-03-05,0.04654
2016-03-06,0.04269175
2016-03-07,0.07872824999999999
2016-03-08,0.08435225000000005
2016-03-09,0.045100250000000015
2016-03-10,0.047489750000000025
2016-03-11,0.05606850000000002
2016-03-12,0.041377249999999983
2016-03-13,0.03790499999999999
2016-03-14,0.04905500000000002
2016-03-15,0.06426350000000003
2016-03-16,0.048557499999999996
2016-03-17,0.050339000000000016
2016-03-18,0.04787050000000002
2016-03-19,0.04421074999999998
2016-03-20,0.0398405
2016-03-21,0.04396199999999999
2016-03-22,0.05766750000000001
2016-03-23,0.059662750000000014
2016-03-24,0.05906899999999999
2016-03-25,0.03508975
2016-03-26,0.03143575000000001
2016-03-27,0.024501
2016-03-28,0.02648375
2016-03-29,0.03319224999999998
2016-03-30,0.04928299999999998
2016-03-31,0.05722275
2016-04-01,0.05290575000000002
2016-04-02,0.02764100000000001
2016-04-03,0.024880250000000003
2016-04-04,0.043091000000000004
2016-04-05,0.04692349999999999
2016-04-06,0.029343250000000005
2016-04-07,0.02911125
2016-04-08,0.04971949999999999
2016-04-09,0.031056249999999987
2016-04-10,0.0309335
2016-04-11,0.02842175
2016-04-12,0.057141
2016-04-13,0.06385674999999999
2016-04-14,0.06100725
2016-04-15,0.05146275
2016-04-16,0.02448875
2016-04-17,0.02068550000000001
2016-04-18,0.04376924999999998
2016-04-19,0.031107500000000007
2016-04-20,0.034147999999999984
2016-04-21,0.034745000000000005
2016-04-22,0.03339175000000001
2016-04-23,0.025668999999999983
2016-04-24,0.026619
2016-04-25,0.03753125000000001
2016-04-26,0.04285
2016-04-27,0.040504249999999985
2016-04-28,0.040149249999999984
2016-04-29,0.03727300000000002
2016-04-30,0.030534500000000006
2016-05-01,0.028863249999999993
2016-05-02,0.03501799999999999
2016-05-03,0.038724000000000015
2016-05-04,0.037846250000000005
2016-05-05,0.0313455
2016-05-06,0.03167575
2016-05-07,0.02348425
2016-05-08,0.02266175
2016-05-09,0.034413000000000006
2016-05-10,0.04402425000000002
2016-05-11,0.029200749999999994
2016-05-12,0.036095999999999996
2016-05-13,0.0388065
2016-05-14,0.028211250000000007
2016-05-15,0.02187574999999999
2016-05-16,0.023698500000000004
2016-05-17,0.046167
2016-05-18,0.05241424999999998
2016-05-19,0.06167475000000003
2016-05-20,0.05016275000000001
2016-05-21,0.0315525
2016-05-22,0.02141075
2016-05-23,0.050008750000000005
2016-05-24,0.06479450000000002
2016-05-25,0.06863775000000001
2016-05-26,0.047435250000000005
2016-05-27,0.036112249999999985
2016-05-28,0.031028499999999987
2016-05-29,0.029537499999999994
2016-05-30,0.0399
2016-05-31,0.05144825000000002
2016-06-01,0.05165649999999998
2016-06-02,0.04900874999999998
2016-06-03,0.03827650000000001
2016-06-04,0.027335499999999992
2016-06-05,0.02682675000000001
2016-06-06,0.03104125000000002
2016-06-07,0.029285750000000006
2016-06-08,0.030457249999999988
2016-06-09,0.04341675000000002
2016-06-10,0.02947025
2016-06-11,0.026971749999999985
2016-06-12,0.02657625
2016-06-13,0.047377249999999975
2016-06-14,0.05024174999999999
2016-06-15,0.05245075
2016-06-16,0.03629299999999999
2016-06-17,0.03994450000000002
2016-06-18,0.03217675000000001
2016-06-19,0.031631500000000014
2016-06-20,0.0372325
2016-06-21,0.050287499999999985
2016-06-22,0.03821899999999999
2016-06-23,0.03851550000000002
2016-06-24,0.03564375
2016-06-25,0.028018249999999988
2016-06-26,0.02651700000000001
2016-06-27,0.03453375
2016-06-28,0.04915750000000002
2016-06-29,0.031830249999999984
2016-06-30,0.046520499999999985
2016-07-01,0.02966125
2016-07-02,0.02571349999999999
2016-07-03,0.02591375
2016-07-04,0.04400425
2016-07-05,0.03700275000000002
2016-07-06,0.0338635
2016-07-07,0.032617000000000014
2016-07-08,0.03266449999999998
2016-07-09,0.028714000000000007
2016-07-10,0.0277375
2016-07-11,0.03560925
2016-07-12,0.03684175
2016-07-13,0.04743225000000001
2016-07-14,0.034297499999999995
2016-07-15,0.033809
2016-07-16,0.03133825
2016-07-17,0.02860825
2016-07-18,0.03920199999999998
2016-07-19,0.055844500000000005
2016-07-20,0.047494000000000015
2016-07-21,0.05353400000000001
2016-07-22,0.046457500000000033
2016-07-23,0.026290000000000004
2016-07-24,0.02453925000000001
2016-07-25,0.05255374999999997
2016-07-26,0.05469575
2016-07-27,0.055719500000000005
2016-07-28,0.054561000000000005
2016-07-29,0.0336805
2016-07-30,0.020654750000000003
2016-07-31,0.02165925000000001
2016-08-01,0.0413255
2016-08-02,0.04896350000000002
2016-08-03,0.043974750000000035
2016-08-04,0.05036725
2016-08-05,0.04984024999999998
2016-08-06,0.02575875
2016-08-07,0.02362075
2016-08-08,0.02906200000000001
2016-08-09,0.04407675
2016-08-10,0.04718699999999998
2016-08-11,0.04003725
2016-08-12,0.029718
2016-08-13,0.022896499999999983
2016-08-14,0.024067
2016-08-15,0.027297749999999985
2016-08-16,0.05859575000000002
2016-08-17,0.07231349999999999
2016-08-18,0.08213225
2016-08-19,0.080613
2016-08-20,0.03325199999999999
2016-08-21,0.022536500000000008
2016-08-22,0.07663849999999997
2016-08-23,0.1104755
2016-08-24,0.1065385
2016-08-25,0.10093974999999994
2016-08-26,0.10209875
2016-08-27,0.058953249999999985
2016-08-28,0.02798175
2016-08-29,0.08241699999999999
2016-08-30,0.10214675000000004
2016-08-31,0.10179099999999996
2016-09-01,0.10233049999999999
2016-09-02,0.07648300000000001
2016-09-03,0.028725000000000007
2016-09-04,0.02943525
2016-09-05,0.07444974999999998
2016-09-06,0.10357249999999996
2016-09-07,0.10405325
2016-09-08,0.09877399999999996
2016-09-09,0.10334700000000002
2016-09-10,0.05918
2016-09-11,0.05569599999999998
2016-09-12,0.09930674999999996
2016-09-13,0.10543325
2016-09-14,0.09688624999999997
2016-09-15,0.07829699999999998
2016-09-16,0.1037145
2016-09-17,0.05716075
2016-09-18,0.0422275
2016-09-19,0.10634449999999997
2016-09-20,0.11589624999999992
2016-09-21,0.11324875
2016-09-22,0.10541500000000001
2016-09-23,0.07137450000000002
2016-09-24,0.05977100000000001
2016-09-25,0.03490325
2016-09-26,0.09962649999999998
2016-09-27,0.10327125000000004
2016-09-28,0.0365675
2016-09-29,0.033489
2016-09-30,0.08086
2016-10-01,0.08076399999999999
2016-10-02,0.07493775
2016-10-03,0.07770625
2016-10-04,0.06048574999999998
2016-10-05,0.0677415
2016-10-06,0.098931
2016-10-07,0.12164699999999995
2016-10-08,0.07432725000000004
2016-10-09,0.0841065
2016-10-10,0.12448250000000005
2016-10-11,0.10903000000000004
2016-10-12,0.10050099999999997
2016-10-13,0.07615825000000001
2016-10-14,0.058524499999999986
2016-10-15,0.05559025
2016-10-16,0.05999325000000001
2016-10-17,0.11643999999999995
2016-10-18,0.10894775000000004
2016-10-19,0.10932100000000004
2016-10-20,0.10815175000000002
2016-10-21,0.105574
2016-10-22,0.07755700000000001
2016-10-23,0.07982475000000001
2016-10-24,0.11649724999999996
2016-10-25,0.12697199999999995
2016-10-26,0.11827575
2016-10-27,0.08905549999999998
2016-10-28,0.07702675000000002
2016-10-29,0.048983000000000006
2016-10-30,0.04378025000000002
2016-10-31,0.08471674999999995
2016-11-01,0.04621849999999998
2016-11-02,0.055087
2016-11-03,0.09674774999999997
2016-11-04,0.06388300000000001
2016-11-05,0.05436600000000001
2016-11-06,0.054312250000000034
2016-11-07,0.10528275
2016-11-08,0.13369075000000002
2016-11-09,0.13262100000000002
2016-11-10,0.12888575
2016-11-11,0.14027574999999995
2016-11-12,0.08683825
2016-11-13,0.06528325
2016-11-14,0.10022849999999996
2016-11-15,0.0962945
2016-11-16,0.0958535
2016-11-17,0.0671335
2016-11-18,0.06240075000000001
2016-11-19,0.05118000000000002
2016-11-20,0.044389500000000005
2016-11-21,0.0801715
2016-11-22,0.10083575
2016-11-23,0.11718775
2016-11-24,0.11007599999999998
2016-11-25,0.1102635
2016-11-26,0.08498750000000002
2016-11-27,0.05591599999999999
2016-11-28,0.09729150000000003
2016-11-29,0.12179225
2016-11-30,0.06686274999999997
2016-12-01,0.06644024999999999
2016-12-02,0.09910875
2016-12-03,0.098166
2016-12-04,0.08595425
2016-12-05,0.138002
2016-12-06,0.14450824999999995
2016-12-07,0.13300174999999995
2016-12-08,0.07935499999999998
2016-12-09,0.08811324999999999
2016-12-10,0.0625535
2016-12-11,0.048913
2016-12-12,0.11227975
2016-12-13,0.12560425
2016-12-14,0.15144624999999992
2016-12-15,0.14173975
2016-12-16,0.14007125
2016-12-17,0.1259555
2016-12-18,0.11401950000000002
2016-12-19,0.14621275
2016-12-20,0.14386524999999994
2016-12-21,0.11775425000000002
2016-12-22,0.1285355
2016-12-23,0.11120525
2016-12-24,0.047473
2016-12-25,0.035339499999999996
2016-12-26,0.034170000000000006
2016-12-27,0.060629
2016-12-28,0.10137649999999997
2016-12-29,0.10716200000000002
2016-12-30,0.09211849999999996
2016-12-31,0.06108649999999999
2017-01-01,0.05488800000000001
2017-01-02,0.09264999999999997
2017-01-03,0.07643625000000004
2017-01-04,0.07842600000000004
2017-01-05,0.128649
2017-01-06,0.13553324999999994
2017-01-07,0.093226
2017-01-08,0.09190625000000002
2017-01-09,0.14459349999999999
2017-01-10,0.15597124999999992
2017-01-11,0.09906274999999994
2017-01-12,0.09063075
2017-01-13,0.08844424999999997
2017-01-14,0.06594700000000002
2017-01-15,0.07117200000000001
2017-01-16,0.15751925000000006
2017-01-17,0.16456975
2017-01-18,0.1613945
2017-01-19,0.161421
2017-01-20,0.15113374999999998
2017-01-21,0.13437024999999994
2017-01-22,0.10726425000000002
2017-01-23,0.15947024999999995
2017-01-24,0.1817245
2017-01-25,0.16368975
2017-01-26,0.12880075000000002
2017-01-27,0.12660574999999996
2017-01-28,0.10371324999999997
2017-01-29,0.07997550000000006
2017-01-30,0.12169624999999998
2017-01-31,0.15546874999999996
2017-02-01,0.12756725
2017-02-02,0.0988555
2017-02-03,0.10084125
2017-02-04,0.07107124999999997
2017-02-05,0.07182675000000002
2017-02-06,0.13374725
2017-02-07,0.14166125000000004
2017-02-08,0.13448774999999996
2017-02-09,0.14793974999999998
2017-02-10,0.12323600000000005
2017-02-11,0.06707924999999998
2017-02-12,0.06816124999999999
2017-02-13,0.10256525
2017-02-14,0.10186425
2017-02-15,0.114569
2017-02-16,0.10374425
2017-02-17,0.11899725
2017-02-18,0.07694
2017-02-19,0.05880299999999999
2017-02-20,0.06403849999999997
2017-02-21,0.06313875000000002
2017-02-22,0.05630325000000003
2017-02-23,0.06518724999999999
2017-02-24,0.06911699999999997
2017-02-25,0.06177275
2017-02-26,0.054484250000000005
2017-02-27,0.05459675
2017-02-28,0.06953200000000001
2017-03-01,0.07535975000000003
2017-03-02,0.05880775000000001
2017-03-03,0.081755
2017-03-04,0.0558435
2017-03-05,0.043775250000000016
2017-03-06,0.09848774999999996
2017-03-07,0.13841625000000002
2017-03-08,0.09293675
2017-03-09,0.09255550000000004
2017-03-10,0.07528175000000002
2017-03-11,0.07237049999999998
2017-03-12,0.0484995
2017-03-13,0.07862975000000008
2017-03-14,0.08599149999999997
2017-03-15,0.07300924999999997
2017-03-16,0.07178124999999998
2017-03-17,0.050561
2017-03-18,0.04000675000000002
2017-03-19,0.04002725000000002
2017-03-20,0.04693249999999999
2017-03-21,0.06387999999999999
2017-03-22,0.08606050000000001
2017-03-23,0.09282450000000003
2017-03-24,0.08909925000000002
2017-03-25,0.05737550000000001
2017-03-26,0.04550350000000001
2017-03-27,0.08153275
2017-03-28,0.08016024999999999
2017-03-29,0.04963975
2017-03-30,0.06038749999999999
2017-03-31,0.06367075000000003
2017-04-01,0.04965025000000002
2017-04-02,0.046796249999999984
2017-04-03,0.07716175
2017-04-04,0.08521425
2017-04-05,0.06654875
2017-04-06,0.06298100000000001
2017-04-07,0.06893349999999998
2017-04-08,0.06936374999999996
2017-04-09,0.04267774999999999
2017-04-10,0.05405300000000002
2017-04-11,0.065522
2017-04-12,0.048032000000000005
2017-04-13,0.05193
2017-04-14,0.044470000000000016
2017-04-15,0.036057499999999985
2017-04-16,0.03200950000000001
2017-04-17,0.038415500000000005
2017-04-18,0.0695165
2017-04-19,0.07728900000000001
2017-04-20,0.07946750000000001
2017-04-21,0.05418649999999999
2017-04-22,0.04305324999999997
2017-04-23,0.04136175000000001
2017-04-24,0.05353975
2017-04-25,0.0701425
2017-04-26,0.1011355
2017-04-27,0.08241474999999998
2017-04-28,0.08584199999999997
2017-04-29,0.05173300000000002
2017-04-30,0.03815875000000002
2017-05-01,0.035916500000000004
2017-05-02,0.05469775000000001
2017-05-03,0.06958375
2017-05-04,0.07488999999999997
2017-05-05,0.08107899999999997
2017-05-06,0.05088324999999997
2017-05-07,0.048746250000000005
2017-05-08,0.07041374999999997
2017-05-09,0.08120150000000001
2017-05-10,0.07577424999999997
2017-05-11,0.06613150000000001
2017-05-12,0.051548750000000025
2017-05-13,0.045346999999999985
2017-05-14,0.04268925
2017-05-15,0.06490700000000002
2017-05-16,0.06700974999999999
2017-05-17,0.06585499999999997
2017-05-18,0.06129474999999996
2017-05-19,0.05812475
2017-05-20,0.037440750000000016
2017-05-21,0.036179
2017-05-22,0.05860525000000001
2017-05-23,0.06360275
2017-05-24,0.04961400000000001
2017-05-25,0.029708499999999995
2017-05-26,0.029294499999999994
2017-05-27,0.024290250000000013
2017-05-28,0.02669549999999999
2017-05-29,0.08554450000000001
2017-05-30,0.09916475
2017-05-31,0.06743699999999997
2017-06-01,0.06563775000000001
2017-06-02,0.06830674999999999
2017-06-03,0.054609249999999984
2017-06-04,0.033996500000000006
2017-06-05,0.03417575000000001
2017-06-06,0.040213
2017-06-07,0.03562474999999999
2017-06-08,0.0456735
2017-06-09,0.047323000000000004
2017-06-10,0.03603825
2017-06-11,0.03229225
2017-06-12,0.03882599999999999
2017-06-13,0.06069575
2017-06-14,0.06679225
2017-06-15,0.05601499999999998
2017-06-16,0.03458425
2017-06-17,0.03666675
2017-06-18,0.041779500000000004
2017-06-19,0.08085600000000001
2017-06-20,0.08292774999999998
2017-06-21,0.08675350000000001
2017-06-22,0.08027100000000001
2017-06-23,0.05565025000000002
2017-06-24,0.029763999999999995
2017-06-25,0.02552
2017-06-26,0.06839625
2017-06-27,0.09771524999999998
2017-06-28,0.08046699999999997
2017-06-29,0.08553725000000001
2017-06-30,0.05284225
2017-07-01,0.03498775
2017-07-02,0.032674749999999995
2017-07-03,0.06082325
2017-07-04,0.07465424999999999
2017-07-05,0.08716224999999997
2017-07-06,0.10444199999999994
2017-07-07,0.10115899999999996
2017-07-08,0.06519975000000001
2017-07-09,0.05090925000000001
2017-07-10,0.11427
2017-07-11,0.1014525
2017-07-12,0.08384624999999997
2017-07-13,0.07912074999999999
2017-07-14,0.08680799999999997
2017-07-15,0.06249524999999999
2017-07-16,0.043878
2017-07-17,0.09044200000000002
2017-07-18,0.099651
2017-07-19,0.08962274999999999
2017-07-20,0.09986449999999997
2017-07-21,0.08411374999999996
2017-07-22,0.0508255
2017-07-23,0.03707824999999998
2017-07-24,0.093636
2017-07-25,0.06609175
2017-07-26,0.06848449999999996
2017-07-27,0.06407675
2017-07-28,0.04147875
2017-07-29,0.0279235
2017-07-30,0.0263375
2017-07-31,0.052882749999999985
2017-08-01,0.065094
2017-08-02,0.06726075000000002
2017-08-03,0.04093349999999999
2017-08-04,0.035563749999999984
2017-08-05,0.02989599999999999
2017-08-06,0.0287495
2017-08-07,0.05009874999999999
2017-08-08,0.05366699999999999
2017-08-09,0.045676999999999995
2017-08-10,0.06471300000000002
2017-08-11,0.07049099999999997
2017-08-12,0.02793375
2017-08-13,0.02266775000000001
2017-08-14,0.0381125
2017-08-15,0.030227749999999987
2017-08-16,0.04567824999999999
2017-08-17,0.04870750000000002
2017-08-18,0.04988725
2017-08-19,0.02431225000000001
2017-08-20,0.022047500000000008
2017-08-21,0.030503499999999992
2017-08-22,0.03196175
2017-08-23,0.030576750000000014
2017-08-24,0.035663999999999994
2017-08-25,0.035343500000000014
2017-08-26,0.02614725
2017-08-27,0.023297499999999992
2017-08-28,0.04212425
2017-08-29,0.04000825
2017-08-30,0.04268700000000001
2017-08-31,0.0540105
2017-09-01,0.05642325
2017-09-02,0.02680125000000001
2017-09-03,0.027878750000000004
2017-09-04,0.05043025000000001
2017-09-05,0.05035075
2017-09-06,0.03087625
2017-09-07,0.04659325
2017-09-08,0.029925999999999987
2017-09-09,0.02738575
2017-09-10,0.0246615
2017-09-11,0.03182925
2017-09-12,0.0334745
2017-09-13,0.032769000000000006
2017-09-14,0.034578
2017-09-15,0.035019250000000016
2017-09-16,0.030265499999999987
2017-09-17,0.03152325
2017-09-18,0.08913725000000003
2017-09-19,0.08930225000000003
2017-09-20,0.07848974999999997
2017-09-21,0.07355575
2017-09-22,0.07454550000000006
2017-09-23,0.057439249999999976
2017-09-24,0.0406255
2017-09-25,0.09411275000000002
2017-09-26,0.10175375
2017-09-27,0.09914775000000003
2017-09-28,0.10187949999999996
2017-09-29,0.08982975000000001
2017-09-30,0.047632
2017-10-01,0.037313000000000006
2017-10-02,0.03949274999999998
2017-10-03,0.038144250000000025
2017-10-04,0.060350250000000015
2017-10-05,0.04664650000000002
2017-10-06,0.05380249999999998
2017-10-07,0.034712
2017-10-08,0.034698250000000014
2017-10-09,0.096073
2017-10-10,0.06441025000000003
2017-10-11,0.046068
2017-10-12,0.050963250000000015
2017-10-13,0.06466825
2017-10-14,0.03670275
2017-10-15,0.033526249999999994
2017-10-16,0.07551625000000001
2017-10-17,0.0916897499999999
2017-10-18,0.11818599999999994
2017-10-19,0.11183400000000003
2017-10-20,0.07765099999999997
2017-10-21,0.03811474999999998
2017-10-22,0.034877250000000005
2017-10-23,0.0962705
2017-10-24,0.08380675
2017-10-25,0.06315024999999998
2017-10-26,0.09734624999999997
2017-10-27,0.06121775000000002
2017-10-28,0.04269275
2017-10-29,0.035288999999999994
2017-10-30,0.051773
2017-10-31,0.06767725
2017-11-01,0.06996199999999997
2017-11-02,0.07288499999999999
2017-11-03,0.11938225
2017-11-04,0.04820074999999998
2017-11-05,0.047751250000000016
2017-11-06,0.12590375
2017-11-07,0.1305605
2017-11-08,0.143285
2017-11-09,0.12765600000000002
2017-11-10,0.07789649999999998
2017-11-11,0.05790874999999996
2017-11-12,0.049972
2017-11-13,0.09272600000000003
2017-11-14,0.0926375
2017-11-15,0.129799
2017-11-16,0.12748449999999995
2017-11-17,0.09535949999999996
2017-11-18,0.06076099999999996
2017-11-19,0.04489650000000002
2017-11-20,0.09423125
2017-11-21,0.12168949999999998
2017-11-22,0.072916
2017-11-23,0.05335599999999999
2017-11-24,0.07536050000000001
2017-11-25,0.05493449999999998
2017-11-26,0.04495875
2017-11-27,0.06564274999999997
2017-11-28,0.08910575000000001
2017-11-29,0.15315199999999998
2017-11-30,0.1606945
2017-12-01,0.144849
2017-12-02,0.06882425
2017-12-03,0.05681875
2017-12-04,0.07243549999999999
2017-12-05,0.08033825000000004
2017-12-06,0.08508349999999999
2017-12-07,0.08224474999999999
2017-12-08,0.08436199999999999
2017-12-09,0.06081650000000001
2017-12-10,0.05567775
2017-12-11,0.09186524999999994
2017-12-12,0.07721850000000001
2017-12-13,0.06715800000000001
2017-12-14,0.07434650000000001
2017-12-15,0.11150474999999996
2017-12-16,0.06655175000000002
2017-12-17,0.06422475000000002
2017-12-18,0.13155425
2017-12-19,0.14636399999999994
2017-12-20,0.1430984999999999
2017-12-21,0.104297
2017-12-22,0.07293650000000003
2017-12-23,0.035497999999999995
2017-12-24,0.02316474999999999
2017-12-25,0.02693524999999999
2017-12-26,0.028306249999999995
2017-12-27,0.04194125000000001
2017-12-28,0.058548499999999976
2017-12-29,0.0518675
2017-12-30,0.0343715
2017-12-31,0.025836999999999995
2018-01-01,0.06399224999999999
2018-01-02,0.1138
2018-01-03,0.08889799999999998
2018-01-04,0.10925675000000004
2018-01-05,0.11902549999999998
2018-01-06,0.10353099999999996
2018-01-07,0.09212049999999997
2018-01-08,0.13639174999999998
2018-01-09,0.14677900000000002
2018-01-10,0.18831149999999988
2018-01-11,0.23479875
2018-01-12,0.20220675
2018-01-13,0.12732750000000004
2018-01-14,0.11649025
2018-01-15,0.12712299999999993
2018-01-16,0.11886775
2018-01-17,0.12547650000000002
2018-01-18,0.12058875000000005
2018-01-19,0.17881399999999992
2018-01-20,0.12979725
2018-01-21,0.06313174999999997
2018-01-22,0.17235350000000002
2018-01-23,0.16053924999999994
2018-01-24,0.10354375
2018-01-25,0.152449
2018-01-26,0.18775375
2018-01-27,0.1133575
2018-01-28,0.06792825
2018-01-29,0.09606825000000004
2018-01-30,0.15528874999999998
2018-01-31,0.12118350000000006
2018-02-01,0.14086724999999994
2018-02-02,0.16209024999999996
2018-02-03,0.16938300000000006
2018-02-04,0.14144250000000005
2018-02-05,0.2314977500000001
2018-02-06,0.25601625
2018-02-07,0.2638415
2018-02-08,0.2547345000000001
2018-02-09,0.19894099999999992
2018-02-10,0.17323375000000008
2018-02-11,0.1154845
2018-02-12,0.1529374999999999
2018-02-13,0.17767524999999998
2018-02-14,0.18288174999999995
2018-02-15,0.16004524999999994
2018-02-16,0.18746050000000009
2018-02-17,0.17547625
2018-02-18,0.13239100000000004
2018-02-19,0.21956399999999998
2018-02-20,0.24487800000000004
2018-02-21,0.2378082500000001
2018-02-22,0.1924065
2018-02-23,0.15914749999999994
2018-02-24,0.12386674999999996
2018-02-25,0.12745
2018-02-26,0.16012375000000004
2018-02-27,0.17446874999999998
2018-02-28,0.14933824999999992
2018-03-01,0.13563549999999994
2018-03-02,0.13119749999999994
2018-03-03,0.11684800000000002
2018-03-04,0.10732574999999996
2018-03-05,0.14836375000000007
2018-03-06,0.20591799999999988
2018-03-07,0.20201575
2018-03-08,0.11757199999999995
2018-03-09,0.12906425000000002
2018-03-10,0.10258125000000004
2018-03-11,0.08433500000000001
2018-03-12,0.12229325000000002
2018-03-13,0.10937025000000004
2018-03-14,0.12362800000000004
2018-03-15,0.11302925
2018-03-16,0.12408624999999998
2018-03-17,0.08595325
2018-03-18,0.07984749999999997
2018-03-19,0.15943975000000013
2018-03-20,0.17000075000000006
2018-03-21,0.19462074999999987
2018-03-22,0.165899
2018-03-23,0.19657550000000001
2018-03-24,0.12404050000000005
2018-03-25,0.09868975
2018-03-26,0.18505475
2018-03-27,0.1815345
2018-03-28,0.14073574999999994
2018-03-29,0.09767825
2018-03-30,0.0842545
2018-03-31,0.09014725
2018-04-01,0.08186974999999996
2018-04-02,0.08149624999999996
2018-04-03,0.09920050000000002
2018-04-04,0.10676025
2018-04-05,0.09124550000000001
2018-04-06,0.045608249999999975
2018-04-07,0.031497249999999984
2018-04-08,0.07221224999999999
2018-04-09,0.11973675
2018-04-10,0.034032750000000014
2018-04-11,0.04857424999999999
2018-04-12,0.08600800000000003
2018-04-13,0.09533075
2018-04-14,0.06121250000000001
2018-04-15,0.05848549999999999
2018-04-16,0.11422699999999995
2018-04-17,0.10245725000000004
2018-04-18,0.09396349999999996
2018-04-19,0.09072925000000004
2018-04-20,0.08327850000000002
2018-04-21,0.05149799999999999
2018-04-22,0.048384500000000004
2018-04-23,0.07370649999999998
2018-04-24,0.07135925000000001
2018-04-25,0.05895125000000001
2018-04-26,0.0684585
2018-04-27,0.07895974999999998
2018-04-28,0.06468924999999999
2018-04-29,0.04804274999999999
2018-04-30,0.059467749999999986
2018-05-01,0.050599
2018-05-02,0.08150174999999997
2018-05-03,0.08476499999999998
2018-05-04,0.08433599999999998
2018-05-05,0.06044225
2018-05-06,0.05294425
2018-05-07,0.06558650000000002
2018-05-08,0.06271225000000001
2018-05-09,0.07309649999999998
2018-05-10,0.04957775
2018-05-11,0.06578599999999997
2018-05-12,0.052703999999999966
2018-05-13,0.046421
2018-05-14,0.07188649999999998
2018-05-15,0.07611349999999999
2018-05-16,0.08194775
2018-05-17,0.07146850000000002
2018-05-18,0.07784849999999997
2018-05-19,0.06516675
2018-05-20,0.051610500000000004
2018-05-21,0.04946175000000001
2018-05-22,0.078318
2018-05-23,0.07869824999999997
2018-05-24,0.07964874999999999
2018-05-25,0.07093799999999997
2018-05-26,0.0547685
2018-05-27,0.05234849999999998
2018-05-28,0.07770274999999999
2018-05-29,0.07745875000000002
2018-05-30,0.08893449999999996
2018-05-31,0.059271250000000025
2018-06-01,0.0670225
2018-06-02,0.06336324999999997
2018-06-03,0.05858125
2018-06-04,0.03457724999999999
2018-06-05,0.04738825000000002
2018-06-06,0.09799599999999994
2018-06-07,0.11188825000000002
2018-06-08,0.12049699999999995
2018-06-09,0.07653450000000002
2018-06-10,0.06502599999999999
2018-06-11,0.12129325
2018-06-12,0.1205945
2018-06-13,0.12248800000000001
2018-06-14,0.10035825
2018-06-15,0.10908175
2018-06-16,0.06567224999999995
2018-06-17,0.030219249999999982
2018-06-18,0.035190250000000006
2018-06-19,0.09857225000000004
2018-06-20,0.09772674999999996
2018-06-21,0.0879665
2018-06-22,0.08385775000000005
2018-06-23,0.06150925
2018-06-24,0.06547349999999999
2018-06-25,0.11027649999999996
2018-06-26,0.1263565
2018-06-27,0.0927265
2018-06-28,0.10355075
2018-06-29,0.0785875
2018-06-30,0.0577875
2018-07-01,0.05801849999999999
2018-07-02,0.09507550000000002
2018-07-03,0.11721099999999995
2018-07-04,0.12548774999999995
2018-07-05,0.12545324999999996
2018-07-06,0.03713850000000002
2018-07-07,0.03722825
2018-07-08,0.06469475
2018-07-09,0.09520724999999994
2018-07-10,0.12657225000000005
2018-07-11,0.14548199999999994
2018-07-12,0.14290125
2018-07-13,0.1408885
2018-07-14,0.09458625000000002
2018-07-15,0.07707224999999998
2018-07-16,0.1345425
2018-07-17,0.13238250000000001
2018-07-18,0.12995674999999998
2018-07-19,0.12731724999999994
2018-07-20,0.12869599999999995
2018-07-21,0.11261274999999996
2018-07-22,0.0693965
2018-07-23,0.1306405
2018-07-24,0.15653100000000006
2018-07-25,0.15498875000000004
2018-07-26,0.15065599999999998
2018-07-27,0.12787774999999998
2018-07-28,0.06116025000000001
2018-07-29,0.05319325
2018-07-30,0.063336
2018-07-31,0.13442399999999993
2018-08-01,0.07169325
2018-08-02,0.08447925000000005
2018-08-03,0.08489574999999999
2018-08-04,0.05750875
2018-08-05,0.08608874999999998
2018-08-06,0.153472
2018-08-07,0.14858800000000005
2018-08-08,0.14512674999999994
2018-08-09,0.13054449999999998
2018-08-10,0.07930074999999992
2018-08-11,0.0539
2018-08-12,0.062323500000000025
2018-08-13,0.12454075
2018-08-14,0.13050149999999994
2018-08-15,0.12420125
2018-08-16,0.13308324999999996
2018-08-17,0.14544400000000002
2018-08-18,0.08265275
2018-08-19,0.031466499999999994
2018-08-20,0.06641274999999999
2018-08-21,0.17717750000000007
2018-08-22,0.08990525000000002
2018-08-23,0.07877224999999996
2018-08-24,0.06378075000000002
2018-08-25,0.07833675
2018-08-26,0.06510700000000001
2018-08-27,0.09230825
2018-08-28,0.08182974999999998
2018-08-29,0.08442925000000001
2018-08-30,0.14293850000000002
2018-08-31,0.17693599999999998
2018-09-01,0.10455725
2018-09-02,0.06804149999999999
2018-09-03,0.13996425
2018-09-04,0.14597825000000006
2018-09-05,0.15422400000000006
2018-09-06,0.15902124999999998
2018-09-07,0.13862475000000005
2018-09-08,0.06471475
2018-09-09,0.06389924999999999
2018-09-10,0.10656600000000001
2018-09-11,0.08631124999999996
2018-09-12,0.106475
2018-09-13,0.16316775
2018-09-14,0.13878699999999994
2018-09-15,0.069534
2018-09-16,0.059860249999999976
2018-09-17,0.12194724999999995
2018-09-18,0.075863
2018-09-19,0.08997300000000001
2018-09-20,0.0930745
2018-09-21,0.06305074999999999
2018-09-22,0.05592299999999998
2018-09-23,0.05943125
2018-09-24,0.060925249999999986
2018-09-25,0.08290974999999998
2018-09-26,0.08128775
2018-09-27,0.0856685
2018-09-28,0.09349725
2018-09-29,0.0849655
2018-09-30,0.07402425000000003
2018-10-01,0.11098799999999998
2018-10-02,0.08163925
2018-10-03,0.06445099999999998
2018-10-04,0.12838524999999998
2018-10-05,0.11378324999999992
2018-10-06,0.0901155
2018-10-07,0.08013299999999997
2018-10-08,0.14641050000000005
2018-10-09,0.19062450000000009
2018-10-10,0.13986875
2018-10-11,0.10807225
2018-10-12,0.11621674999999995
2018-10-13,0.07736800000000002
2018-10-14,0.06634075
2018-10-15,0.15794825
2018-10-16,0.19644425
2018-10-17,0.20429525000000007
2018-10-18,0.1942760000000001
2018-10-19,0.20495325
2018-10-20,0.13331725
2018-10-21,0.09679625
2018-10-22,0.13206775000000004
2018-10-23,0.09181925000000003
2018-10-24,0.120239
2018-10-25,0.11723275
2018-10-26,0.13205499999999995
2018-10-27,0.09601175
2018-10-28,0.07909275
2018-10-29,0.12003924999999994
2018-10-30,0.10060424999999998
2018-10-31,0.1208855
2018-11-01,0.11832799999999995
2018-11-02,0.14722599999999994
2018-11-03,0.13159225
2018-11-04,0.11225025
2018-11-05,0.19328850000000009
2018-11-06,0.19798624999999992
2018-11-07,0.17795749999999996
2018-11-08,0.21002349999999995
2018-11-09,0.20133674999999995
2018-11-10,0.09971274999999992
2018-11-11,0.08968874999999997
2018-11-12,0.13930325000000005
2018-11-13,0.13536125
2018-11-14,0.1873622499999999
2018-11-15,0.2018204999999999
2018-11-16,0.14477250000000005
2018-11-17,0.08930575000000003
2018-11-18,0.09849025000000004
2018-11-19,0.13486949999999998
2018-11-20,0.131885
2018-11-21,0.1951875
2018-11-22,0.26489625
2018-11-23,0.27049375
2018-11-24,0.195976
2018-11-25,0.14769375
2018-11-26,0.23739875
2018-11-27,0.26403075
2018-11-28,0.17869425
2018-11-29,0.145081
2018-11-30,0.19101075000000006
2018-12-01,0.13618475000000002
2018-12-02,0.10544249999999993
2018-12-03,0.13656499999999994
2018-12-04,0.17138274999999994
2018-12-05,0.20388699999999998
2018-12-06,0.17099775000000006
2018-12-07,0.12613574999999996
2018-12-08,0.05562449999999998
2018-12-09,0.05905000000000001
2018-12-10,0.12932399999999994
2018-12-11,0.20239200000000002
2018-12-12,0.2506054999999999
2018-12-13,0.24004050000000002
2018-12-14,0.2495282500000001
2018-12-15,0.18259725000000004
2018-12-16,0.15328250000000004
2018-12-17,0.22886174999999995
2018-12-18,0.2137657500000001
2018-12-19,0.19294375
2018-12-20,0.1761272500000001
2018-12-21,0.11836
2018-12-22,0.09707575
2018-12-23,0.08997925000000004
2018-12-24,0.09390650000000003
2018-12-25,0.08057325000000004
2018-12-26,0.100392
2018-12-27,0.15513225000000005
2018-12-28,0.16400425
2018-12-29,0.12282024999999995
2018-12-30,0.09942475
2018-12-31,0.09751225000000002
2019-01-01,0.06859799999999998
2019-01-02,0.10856699999999997
2019-01-03,0.19793875
2019-01-04,0.16791999999999982
2019-01-05,0.13145850000000006
2019-01-06,0.15598874999999998
2019-01-07,0.19126749999999995
2019-01-08,0.12623099999999998
2019-01-09,0.15665200000000004
2019-01-10,0.24590575
2019-01-11,0.215405
2019-01-12,0.1278265
2019-01-13,0.07995725000000001
2019-01-14,0.14477550000000006
2019-01-15,0.16341575000000005
2019-01-16,0.17660400000000004
2019-01-17,0.16174924999999998
2019-01-18,0.22521775
2019-01-19,0.18088425
2019-01-20,0.185884
2019-01-21,0.2622530000000001
2019-01-22,0.25259325000000005
2019-01-23,0.284159
2019-01-24,0.29841325
2019-01-25,0.27084400000000003
2019-01-26,0.14869425
2019-01-27,0.11185774999999996
2019-01-28,0.18770775000000006
2019-01-29,0.2392620000000001
2019-01-30,0.229726
2019-01-31,0.2429047500000001
2019-02-01,0.2351765000000001
2019-02-02,0.17994000000000007
2019-02-03,0.1692485
2019-02-04,0.1842575
2019-02-05,0.23783475000000004
2019-02-06,0.23061925000000005
2019-02-07,0.15824399999999994
2019-02-08,0.13506474999999996
2019-02-09,0.07247574999999999
2019-02-10,0.08140900000000001
2019-02-11,0.12248149999999998
2019-02-12,0.19173850000000006
2019-02-13,0.19784625
2019-02-14,0.19550125000000007
2019-02-15,0.1788452499999999
2019-02-16,0.11137374999999998
2019-02-17,0.10917724999999996
2019-02-18,0.15303574999999994
2019-02-19,0.15408624999999995
2019-02-20,0.17745924999999996
2019-02-21,0.17174475000000006
2019-02-22,0.17598424999999995
2019-02-23,0.11221175
2019-02-24,0.11311675
2019-02-25,0.16827799999999998
2019-02-26,0.17775049999999995
2019-02-27,0.16498450000000006
2019-02-28,0.11502274999999995
2019-03-01,0.1568565
2019-03-02,0.11917674999999996
2019-03-03,0.06780824999999999
2019-03-04,0.10681325000000004
2019-03-05,0.12866624999999995
2019-03-06,0.11819975
2019-03-07,0.10983499999999996
2019-03-08,0.113452
2019-03-09,0.08672499999999997
2019-03-10,0.09369625000000002
2019-03-11,0.11029575000000004
2019-03-12,0.1076665
2019-03-13,0.09588224999999996
2019-03-14,0.09636349999999998
2019-03-15,0.10032699999999996
2019-03-16,0.07721025000000001
2019-03-17,0.061395999999999985
2019-03-18,0.11197874999999996
2019-03-19,0.18278599999999992
2019-03-20,0.17258149999999994
2019-03-21,0.16757600000000006
2019-03-22,0.16740275000000002
2019-03-23,0.11168999999999996
2019-03-24,0.09585675000000003
2019-03-25,0.10258149999999996
2019-03-26,0.12164299999999993
2019-03-27,0.16237950000000004
2019-03-28,0.17913149999999994
2019-03-29,0.16043399999999994
2019-03-30,0.09012175
2019-03-31,0.07117749999999999
2019-04-01,0.12811775
2019-04-02,0.11266175000000005
2019-04-03,0.17104799999999998
2019-04-04,0.20126325
2019-04-05,0.19118875
2019-04-06,0.10148899999999997
2019-04-07,0.08821700000000003
2019-04-08,0.14219099999999996
2019-04-09,0.1567855
2019-04-10,0.16652225000000004
2019-04-11,0.16938725000000002
2019-04-12,0.18249174999999995
2019-04-13,0.13314725
2019-04-14,0.10345725
2019-04-15,0.116938
2019-04-16,0.14243424999999998
2019-04-17,0.1563695
2019-04-18,0.10826874999999997
2019-04-19,0.07192799999999999
2019-04-20,0.08061074999999994
2019-04-21,0.062070500000000015
2019-04-22,0.049308499999999984
2019-04-23,0.07927675000000002
2019-04-24,0.08307050000000002
2019-04-25,0.1094095
2019-04-26,0.12387924999999995
2019-04-27,0.07693775000000003
2019-04-28,0.08113400000000003
2019-04-29,0.12836249999999996
2019-04-30,0.1294984999999999
2019-05-01,0.07445949999999997
2019-05-02,0.10448025
2019-05-03,0.13593925
2019-05-04,0.08940074999999996
2019-05-05,0.07834200000000004
2019-05-06,0.11736649999999994
2019-05-07,0.14062125
2019-05-08,0.12905375
2019-05-09,0.13244574999999995
2019-05-10,0.139654
2019-05-11,0.09917250000000002
2019-05-12,0.06720775000000001
2019-05-13,0.09951749999999997
2019-05-14,0.10719974999999997
2019-05-15,0.11523124999999995
2019-05-16,0.12968100000000002
2019-05-17,0.12357949999999998
2019-05-18,0.09444300000000004
2019-05-19,0.07400099999999997
2019-05-20,0.13368249999999998
2019-05-21,0.1170315
2019-05-22,0.11407525
2019-05-23,0.11922425000000005
2019-05-24,0.11548475
2019-05-25,0.10345550000000003
2019-05-26,0.06369025000000003
2019-05-27,0.11199999999999999
2019-05-28,0.14715850000000005
2019-05-29,0.1389305
2019-05-30,0.05792325
2019-05-31,0.09255100000000004
2019-06-01,0.07194099999999998
2019-06-02,0.05098375
2019-06-03,0.12042849999999995
2019-06-04,0.13823225
2019-06-05,0.13337400000000005
2019-06-06,0.132536
2019-06-07,0.11857624999999998
2019-06-08,0.04390325000000001
2019-06-09,0.06264299999999999
2019-06-10,0.07816024999999997
2019-06-11,0.13954149999999998
2019-06-12,0.16371875000000002
2019-06-13,0.13976575000000005
2019-06-14,0.15426325000000002
2019-06-15,0.10310624999999997
2019-06-16,0.09660875
2019-06-17,0.15372900000000006
2019-06-18,0.16786974999999993
2019-06-19,0.17099575
2019-06-20,0.16204899999999994
2019-06-21,0.16462974999999996
2019-06-22,0.0975255
2019-06-23,0.07115724999999999
2019-06-24,0.13274425
2019-06-25,0.15478475
2019-06-26,0.14564274999999996
2019-06-27,0.15063349999999995
2019-06-28,0.16783075
2019-06-29,0.12600999999999998
2019-06-30,0.068233
2019-07-01,0.1482005
2019-07-02,0.16200350000000008
2019-07-03,0.17059175000000004
2019-07-04,0.14427274999999998
2019-07-05,0.15672974999999995
2019-07-06,0.07978474999999997
2019-07-07,0.06896949999999999
2019-07-08,0.14483825000000006
2019-07-09,0.16432125
2019-07-10,0.18259950000000005
2019-07-11,0.19916275000000008
2019-07-12,0.19018950000000004
2019-07-13,0.08802675
2019-07-14,0.06818949999999999
2019-07-15,0.16149000000000002
2019-07-16,0.1765105
2019-07-17,0.17658074999999998
2019-07-18,0.1927735
2019-07-19,0.20158175
2019-07-20,0.12305724999999995
2019-07-21,0.09130825000000002
2019-07-22,0.1758652499999999
2019-07-23,0.1861652500000001
2019-07-24,0.190499
2019-07-25,0.19791575000000008
2019-07-26,0.17406674999999994
2019-07-27,0.12276125000000004
2019-07-28,0.104287
2019-07-29,0.18467275
2019-07-30,0.1934670000000001
2019-07-31,0.1918895000000001
2019-08-01,0.19917725
2019-08-02,0.19986975
2019-08-03,0.14806625
2019-08-04,0.11376274999999995
2019-08-05,0.17881149999999996
2019-08-06,0.1969447499999999
2019-08-07,0.19819575
2019-08-08,0.155727
2019-08-09,0.1968889999999999
2019-08-10,0.062389250000000014
2019-08-11,0.06825575000000003
2019-08-12,0.17399399999999995
2019-08-13,0.1845575
2019-08-14,0.1776329999999999
2019-08-15,0.123425
2019-08-16,0.14593925000000002
2019-08-17,0.07492625
2019-08-18,0.07041525
2019-08-19,0.147554
2019-08-20,0.185293
2019-08-21,0.17724175000000006
2019-08-22,0.15790049999999994
2019-08-23,0.15536949999999994
2019-08-24,0.10009824999999996
2019-08-25,0.09641225
2019-08-26,0.16908425000000002
2019-08-27,0.1992667499999999
2019-08-28,0.19692625000000005
2019-08-29,0.19933025
2019-08-30,0.19129525
2019-08-31,0.11695275
2019-09-01,0.11189324999999996
2019-09-02,0.17387949999999994
2019-09-03,0.18459499999999995
2019-09-04,0.18600799999999992
2019-09-05,0.16853400000000007
2019-09-06,0.17870650000000002
2019-09-07,0.14403700000000005
2019-09-08,0.13990999999999998
2019-09-09,0.17732199999999998
2019-09-10,0.15610475
2019-09-11,0.1480932499999999
2019-09-12,0.18089175
2019-09-13,0.18516
2019-09-14,0.15108924999999995
2019-09-15,0.08924150000000003
2019-09-16,0.1911602499999999
2019-09-17,0.1503655
2019-09-18,0.17307950000000002
2019-09-19,0.2082765000000001
2019-09-20,0.21329474999999992
2019-09-21,0.14926824999999996
2019-09-22,0.13154425
2019-09-23,0.19658125
2019-09-24,0.2163965000000001
2019-09-25,0.21248199999999995
2019-09-26,0.21426025
2019-09-27,0.18926775
2019-09-28,0.07201149999999999
2019-09-29,0.05457875
2019-09-30,0.11674425
2019-10-01,0.2076062499999999
2019-10-02,0.20845575
2019-10-03,0.1919385
2019-10-04,0.1969025
2019-10-05,0.1615929999999999
2019-10-06,0.14532524999999996
2019-10-07,0.21317550000000002
2019-10-08,0.19691375
2019-10-09,0.184023
2019-10-10,0.16333299999999998
2019-10-11,0.11051250000000004
2019-10-12,0.097042
2019-10-13,0.08748550000000001
2019-10-14,0.19629449999999998
2019-10-15,0.23208675
2019-10-16,0.22396000000000005
2019-10-17,0.23135425000000004
2019-10-18,0.19754399999999994
2019-10-19,0.17587524999999993
2019-10-20,0.18848025
2019-10-21,0.23256025
2019-10-22,0.237575
2019-10-23,0.239842
2019-10-24,0.21843624999999994
2019-10-25,0.191229
2019-10-26,0.07846125000000004
2019-10-27,0.09680500000000004
2019-10-28,0.21870075000000005
2019-10-29,0.24537425
2019-10-30,0.2323530000000001
2019-10-31,0.2285605
2019-11-01,0.163438
2019-11-02,0.09037549999999996
2019-11-03,0.11111874999999996
2019-11-04,0.1926635
2019-11-05,0.2261755000000001
2019-11-06,0.22328275000000009
2019-11-07,0.2034585
2019-11-08,0.20884599999999992
2019-11-09,0.15515175
2019-11-10,0.14559649999999996
2019-11-11,0.16398749999999998
2019-11-12,0.1868715
2019-11-13,0.2179722499999999
2019-11-14,0.22364025
2019-11-15,0.16605775000000006
2019-11-16,0.15247850000000002
2019-11-17,0.1308645
2019-11-18,0.19364675
2019-11-19,0.21432150000000005
2019-11-20,0.2503912500000001
2019-11-21,0.24904949999999995
2019-11-22,0.21121225
2019-11-23,0.10001749999999998
2019-11-24,0.11974524999999996
2019-11-25,0.228744
2019-11-26,0.21227225
2019-11-27,0.13356400000000004
2019-11-28,0.103361
2019-11-29,0.135267
2019-11-30,0.15477625000000006
2019-12-01,0.16648124999999994
2019-12-02,0.22189575
2019-12-03,0.23962425
2019-12-04,0.22774525
2019-12-05,0.21929400000000002
2019-12-06,0.12756650000000008
2019-12-07,0.09481575
2019-12-08,0.06630049999999997
2019-12-09,0.12738799999999995
2019-12-10,0.18667774999999995
2019-12-11,0.21571725000000008
2019-12-12,0.22779925
2019-12-13,0.18312125
2019-12-14,0.09763275
2019-12-15,0.07812650000000003
2019-12-16,0.19509825
2019-12-17,0.17832875000000006
2019-12-18,0.19332675
2019-12-19,0.14634575000000005
2019-12-20,0.11444825
2019-12-21,0.0981155
2019-12-22,0.09109725
2019-12-23,0.0980925
2019-12-24,0.0953615
2019-12-25,0.08689700000000003
2019-12-26,0.10360999999999997
2019-12-27,0.1427182499999999
2019-12-28,0.15537724999999988
2019-12-29,0.11731925000000006
2019-12-30,0.11349925
2019-12-31,0.11666625
2020-01-01,0.11559649999999999
2020-01-02,0.13278
2020-01-03,0.10946075
2020-01-04,0.10492175
2020-01-05,0.136995
2020-01-06,0.19651475
2020-01-07,0.21395425
2020-01-08,0.207562
2020-01-09,0.18284575
2020-01-10,0.17276575
2020-01-11,0.1640575
2020-01-12,0.1069255
2020-01-13,0.197875
2020-01-14,0.12539975
2020-01-15,0.113185
2020-01-16,0.19909849999999998
2020-01-17,0.20038425
2020-01-18,0.15697325
2020-01-19,0.17438225
2020-01-20,0.2778265
2020-01-21,0.2940585
2020-01-22,0.2960395
2020-01-23,0.309873
2020-01-24,0.30109225
2020-01-25,0.23662325
2020-01-26,0.17850950000000002
2020-01-27,0.20717325
2020-01-28,0.15633675
2020-01-29,0.17263299999999998
2020-01-30,0.14098425
2020-01-31,0.11344875
2020-02-01,0.0745895
2020-02-02,0.0885305
2020-02-03,0.13340125
2020-02-04,0.14793399999999998
2020-02-05,0.23181999999999997
2020-02-06,0.25872225
2020-02-07,0.25817825
2020-02-08,0.15894875
2020-02-09,0.06679550000000001
2020-02-10,0.09918275
2020-02-11,0.09788375
2020-02-12,0.108752
2020-02-13,0.17728125
2020-02-14,0.221769
2020-02-15,0.09615950000000001
2020-02-16,0.06540275
2020-02-17,0.10208475
2020-02-18,0.1053795
2020-02-19,0.15154775
2020-02-20,0.1620755
2020-02-21,0.11599375
2020-02-22,0.06588200000000001
2020-02-23,0.06663
2020-02-24,0.138176
2020-02-25,0.12297825
2020-02-26,0.1969845
2020-02-27,0.2428975
2020-02-28,0.19230325
2020-02-29,0.085809
2020-03-01,0.0787135
2020-03-02,0.19795775
2020-03-03,0.24319050000000003
2020-03-04,0.250606
2020-03-05,0.21916625
2020-03-06,0.20418675
2020-03-07,0.16129575
2020-03-08,0.09195575
2020-03-09,0.2153795
2020-03-10,0.13389775
2020-03-11,0.13363699999999998
2020-03-12,0.102998
2020-03-13,0.12137025
2020-03-14,0.12917599999999999
2020-03-15,0.08642725
2020-03-16,0.173771
2020-03-17,0.17974400000000001
2020-03-18,0.11464275
2020-03-19,0.18616825
2020-03-20,0.139163
2020-03-21,0.0755245
2020-03-22,0.068471
2020-03-23,0.09755075
2020-03-24,0.10385599999999999
2020-03-25,0.1127705
2020-03-26,0.10900050000000001
2020-03-27,0.102921
2020-03-28,0.085631
2020-03-29,0.05958275
2020-03-30,0.1501015
2020-03-31,0.17168225
2020-04-01,0.155047
2020-04-02,0.11959025
2020-04-03,0.1119135
2020-04-04,0.11932925
2020-04-05,0.07392475
2020-04-06,0.09816525
2020-04-07,0.1333785
2020-04-08,0.14291900000000002
2020-04-09,0.14602125
2020-04-10,0.1020295
2020-04-11,0.08248825
2020-04-12,0.06369575
2020-04-13,0.052692499999999996
2020-04-14,0.10577725
2020-04-15,0.1095905
2020-04-16,0.145773
2020-04-17,0.1646005
2020-04-18,0.08600175
2020-04-19,0.060378999999999995
2020-04-20,0.06888375
2020-04-21,0.058574
2020-04-22,0.06545625
2020-04-23,0.160121
2020-04-24,0.1096905
2020-04-25,0.08783099999999999
2020-04-26,0.10554275
2020-04-27,0.1730295
2020-04-28,0.18291875
2020-04-29,0.17216675
2020-04-30,0.10571099999999999
2020-05-01,0.06406925
2020-05-02,0.06090725
2020-05-03,0.077812
2020-05-04,0.16180475
2020-05-05,0.15709525
2020-05-06,0.1505855
2020-05-07,0.18259075
2020-05-08,0.175285
2020-05-09,0.145121
2020-05-10,0.0692745
2020-05-11,0.086096
2020-05-12,0.15562725
2020-05-13,0.20423425
2020-05-14,0.18913
2020-05-15,0.14756275
2020-05-16,0.08974375
2020-05-17,0.068085
2020-05-18,0.124026
2020-05-19,0.17398325
2020-05-20,0.20917525
2020-05-21,0.12977675
2020-05-22,0.11630225
2020-05-23,0.06676950000000001
2020-05-24,0.04620225
2020-05-25,0.13723325
2020-05-26,0.21598275
2020-05-27,0.19768
2020-05-28,0.1846025
2020-05-29,0.18212975
2020-05-30,0.07438475
2020-05-31,0.05789925
2020-06-01,0.06659075
2020-06-02,0.1713495
2020-06-03,0.1984565
2020-06-04,0.20114125
2020-06-05,0.16261225
2020-06-06,0.06379275
2020-06-07,0.08532925
2020-06-08,0.205375
2020-06-09,0.23695100000000002
2020-06-10,0.2404685
2020-06-11,0.18821500000000002
2020-06-12,0.14907225
2020-06-13,0.11104625
2020-06-14,0.11493225
2020-06-15,0.20719775
2020-06-16,0.2228255
2020-06-17,0.24160700000000002
2020-06-18,0.23861775
2020-06-19,0.23078425
2020-06-20,0.14463275
2020-06-21,0.105675
2020-06-22,0.1894295
2020-06-23,0.20982575
2020-06-24,0.22236725
2020-06-25,0.224623
2020-06-26,0.212389
2020-06-27,0.16583050000000002
2020-06-28,0.100238
2020-06-29,0.18024025
2020-06-30,0.141095
2020-07-01,0.19746225
2020-07-02,0.2183345
2020-07-03,0.20975325
2020-07-04,0.06943925
2020-07-05,0.04885725
2020-07-06,0.09081575
2020-07-07,0.19899
2020-07-08,0.22334975
2020-07-09,0.21839925
2020-07-10,0.2131475
2020-07-11,0.19276475
2020-07-12,0.16452875
2020-07-13,0.21381350000000002
2020-07-14,0.22487425
2020-07-15,0.22972725
2020-07-16,0.20695975
2020-07-17,0.21445250000000002
2020-07-18,0.18842975
2020-07-19,0.174834
2020-07-20,0.20472200000000002
2020-07-21,0.2234
2020-07-22,0.22709825
2020-07-23,0.223938
2020-07-24,0.2158645
2020-07-25,0.1836465
2020-07-26,0.13192225
2020-07-27,0.21410525
2020-07-28,0.16788475
2020-07-29,0.1628405
2020-07-30,0.2257155
2020-07-31,0.20823850000000002
2020-08-01,0.170646
2020-08-02,0.1800955
2020-08-03,0.23208225
2020-08-04,0.23690425
2020-08-05,0.20695700000000003
2020-08-06,0.215189
2020-08-07,0.21427925
2020-08-08,0.18135675
2020-08-09,0.14163199999999998
2020-08-10,0.184382
2020-08-11,0.1900765
2020-08-12,0.17519525
2020-08-13,0.1794335
2020-08-14,0.18999625
2020-08-15,0.16918
2020-08-16,0.1385935
2020-08-17,0.18475675
2020-08-18,0.1914435
2020-08-19,0.18990775
2020-08-20,0.17572625
2020-08-21,0.1489045
2020-08-22,0.08509325
2020-08-23,0.07204325
2020-08-24,0.169308
2020-08-25,0.16678925
2020-08-26,0.053212
2020-08-27,0.14784275
2020-08-28,0.15901175
2020-08-29,0.1303895
2020-08-30,0.13630225
2020-08-31,0.17276975
2020-09-01,0.19191275
2020-09-02,0.187159
2020-09-03,0.17427275
2020-09-04,0.1635385
2020-09-05,0.07545349999999999
2020-09-06,0.08627
2020-09-07,0.15483125
2020-09-08,0.1437725
2020-09-09,0.16327975
2020-09-10,0.1878705
2020-09-11,0.18601975
2020-09-12,0.10725175
2020-09-13,0.09946925
2020-09-14,0.17153375
2020-09-15,0.18301900000000002
2020-09-16,0.17119575
2020-09-17,0.15764975
2020-09-18,0.1552565
2020-09-19,0.1457115
2020-09-20,0.1361835
2020-09-21,0.19095
2020-09-22,0.210279
2020-09-23,0.202826
2020-09-24,0.15777249999999998
2020-09-25,0.171326
2020-09-26,0.10915575
2020-09-27,0.10328499999999999
2020-09-28,0.172678
2020-09-29,0.20108199999999998
2020-09-30,0.18916625
2020-10-01,0.19529825
2020-10-02,0.15611725
2020-10-03,0.08370325
2020-10-04,0.077109
2020-10-05,0.17165225
2020-10-06,0.141023
2020-10-07,0.15644275
2020-10-08,0.11512125
2020-10-09,0.19459425
2020-10-10,0.09610075
2020-10-11,0.09463975
2020-10-12,0.21221550000000003
2020-10-13,0.21640949999999998
2020-10-14,0.13884425
2020-10-15,0.20613475
2020-10-16,0.242745
2020-10-17,0.20202225
2020-10-18,0.0983885
2020-10-19,0.22232575
2020-10-20,0.12724975
2020-10-21,0.10999025
2020-10-22,0.12572
2020-10-23,0.18842075
2020-10-24,0.07199325
2020-10-25,0.06362625
2020-10-26,0.14904675
2020-10-27,0.11850325
2020-10-28,0.106
2020-10-29,0.11718625
2020-10-30,0.103646
2020-10-31,0.0897675
2020-11-01,0.06338049999999999
2020-11-02,0.085119
2020-11-03,0.164927
2020-11-04,0.20769575
2020-11-05,0.21436599999999997
2020-11-06,0.21480549999999998
2020-11-07,0.14913225
2020-11-08,0.125648
2020-11-09,0.24603975
2020-11-10,0.27907150000000003
2020-11-11,0.27765825
2020-11-12,0.20172775
2020-11-13,0.219214
2020-11-14,0.13326725
2020-11-15,0.0807635
2020-11-16,0.13111625
2020-11-17,0.16883425
2020-11-18,0.14572425
2020-11-19,0.1091485
2020-11-20,0.22702625
2020-11-21,0.12142525
2020-11-22,0.12256925
2020-11-23,0.2557525
2020-11-24,0.26314875
2020-11-25,0.28908075
2020-11-26,0.32018225
2020-11-27,0.3135265
2020-11-28,0.2717875
2020-11-29,0.25335825
2020-11-30,0.28465825
2020-12-01,0.29174675
2020-12-02,0.3101575
2020-12-03,0.280817
2020-12-04,0.24304625
2020-12-05,0.2605055
2020-12-06,0.24998025
2020-12-07,0.27617600000000003
2020-12-08,0.29313525
2020-12-09,0.31588375
2020-12-10,0.312652
2020-12-11,0.27715850000000003
2020-12-12,0.226413
2020-12-13,0.20419925
2020-12-14,0.19437025
2020-12-15,0.24089825
2020-12-16,0.23533850000000003
2020-12-17,0.1843575
2020-12-18,0.172099
2020-12-19,0.12034249999999999
2020-12-20,0.13669975
2020-12-21,0.1502385
2020-12-22,0.127789
2020-12-23,0.16244575
2020-12-24,0.09302
2020-12-25,0.10848825
2020-12-26,0.08551925
2020-12-27,0.0704185
2020-12-28,0.14614749999999999
2020-12-29,0.16237025
2020-12-30,0.1543885
2020-12-31,0.15098375
2021-01-01,0.16332249999999998
2021-01-02,0.17843599999999998
2021-01-03,0.11830475
2021-01-04,0.214718
2021-01-05,0.23454575
2021-01-06,0.24258875
2021-01-07,0.26541075
2021-01-08,0.28530700000000003
2021-01-09,0.2449915
2021-01-10,0.19917925
2021-01-11,0.18125325
2021-01-12,0.1777555
2021-01-13,0.147771
2021-01-14,0.23887925
2021-01-15,0.27871125
2021-01-16,0.25008400000000003
2021-01-17,0.2205895
2021-01-18,0.22543575
2021-01-19,0.1386525
2021-01-20,0.12172825
2021-01-21,0.10801925
2021-01-22,0.18365625
2021-01-23,0.166723
2021-01-24,0.16612875
2021-01-25,0.2589445
2021-01-26,0.23868575
2021-01-27,0.23717249999999998
2021-01-28,0.2309915
2021-01-29,0.157111
2021-01-30,0.16349625
2021-01-31,0.13562925
2021-02-01,0.23049675
2021-02-02,0.24278225
2021-02-03,0.17403475
2021-02-04,0.20931275
2021-02-05,0.20944075
2021-02-06,0.12350699999999999
2021-02-07,0.11808175
2021-02-08,0.21385375
2021-02-09,0.26192975
2021-02-10,0.2756005
2021-02-11,0.2863235
2021-02-12,0.28425675
2021-02-13,0.24960275
2021-02-14,0.18183625
2021-02-15,0.226575
2021-02-16,0.22981100000000002
2021-02-17,0.1850125
2021-02-18,0.1771935
2021-02-19,0.18496500000000002
2021-02-20,0.1063465
2021-02-21,0.10825125
2021-02-22,0.2047065
2021-02-23,0.17481
2021-02-24,0.12465350000000001
2021-02-25,0.16100425
2021-02-26,0.19406275
2021-02-27,0.16683800000000001
2021-02-28,0.1331655
2021-03-01,0.22705725
2021-03-02,0.25915025
2021-03-03,0.25249825
2021-03-04,0.2406985
2021-03-05,0.245658
2021-03-06,0.160027
2021-03-07,0.15169275
2021-03-08,0.246642
2021-03-09,0.272516
2021-03-10,0.21319225
2021-03-11,0.10335250000000001
2021-03-12,0.09695525
2021-03-13,0.07949725
2021-03-14,0.0814785
2021-03-15,0.123477
2021-03-16,0.19439325
2021-03-17,0.23450775
2021-03-18,0.26723425
2021-03-19,0.21005925
2021-03-20,0.18020175
2021-03-21,0.1352075
2021-03-22,0.25132425
2021-03-23,0.2827695
2021-03-24,0.240155
2021-03-25,0.24105875
2021-03-26,0.13914100000000001
2021-03-27,0.09282425
2021-03-28,0.08466649999999999
2021-03-29,0.11942125
2021-03-30,0.17138050000000002
2021-03-31,0.2098165
2021-04-01,0.16437025
2021-04-02,0.09050075
2021-04-03,0.087147
2021-04-04,0.08177625
2021-04-05,0.07549700000000001
2021-04-06,0.13157425
2021-04-07,0.14113625
2021-04-08,0.17069700000000002
2021-04-09,0.15223775
2021-04-10,0.19407125
2021-04-11,0.09478925
2021-04-12,0.23258249999999997
2021-04-13,0.22118025
2021-04-14,0.24854050000000003
2021-04-15,0.263912
2021-04-16,0.24608049999999998
2021-04-17,0.194295
2021-04-18,0.20601725
2021-04-19,0.24810500000000002
2021-04-20,0.248912
2021-04-21,0.1651815
2021-04-22,0.127762
2021-04-23,0.15030175
2021-04-24,0.11177550000000001
2021-04-25,0.0969825
2021-04-26,0.16847475
2021-04-27,0.16420675
2021-04-28,0.1616055
2021-04-29,0.162917
2021-04-30,0.20406225
2021-05-01,0.11150850000000001
2021-05-02,0.0966435
2021-05-03,0.1311815
2021-05-04,0.0877575
2021-05-05,0.0881675
2021-05-06,0.17479675
2021-05-07,0.15261175
2021-05-08,0.091003
2021-05-09,0.05852775
2021-05-10,0.10638550000000001
2021-05-11,0.141086
2021-05-12,0.1411415
2021-05-13,0.0803625
2021-05-14,0.09158025
2021-05-15,0.08154475
2021-05-16,0.0684875
2021-05-17,0.11033025
2021-05-18,0.11161099999999999
2021-05-19,0.12630525
2021-05-20,0.12236199999999998
2021-05-21,0.07642675
2021-05-22,0.051651499999999996
2021-05-23,0.05083725
2021-05-24,0.05739450000000001
2021-05-25,0.07901125
2021-05-26,0.09168675
2021-05-27,0.12009949999999998
2021-05-28,0.14523599999999998
2021-05-29,0.09038
2021-05-30,0.07939175
2021-05-31,0.12502325
2021-06-01,0.12664525
2021-06-02,0.099219
2021-06-03,0.092765
2021-06-04,0.1356735
2021-06-05,0.0926885
2021-06-06,0.0800995
2021-06-07,0.18586775
2021-06-08,0.206596
2021-06-09,0.19568475
2021-06-10,0.1967155
2021-06-11,0.16257
2021-06-12,0.07712875
2021-06-13,0.06321925
2021-06-14,0.11412825
2021-06-15,0.17104625
2021-06-16,0.19629549999999998
2021-06-17,0.1676625
2021-06-18,0.17245850000000001
2021-06-19,0.107869
2021-06-20,0.07320549999999999
2021-06-21,0.13231325
2021-06-22,0.18547025
2021-06-23,0.196523
2021-06-24,0.2120095
2021-06-25,0.18974975
2021-06-26,0.10553875
2021-06-27,0.078685
2021-06-28,0.16484825
2021-06-29,0.1821875
2021-06-30,0.17631
2021-07-01,0.166699
2021-07-02,0.1813885
2021-07-03,0.098396
2021-07-04,0.09109475
2021-07-05,0.14770425
2021-07-06,0.08943725
2021-07-07,0.14051725
2021-07-08,0.1755165
2021-07-09,0.157634
2021-07-10,0.07214225
2021-07-11,0.07279925
2021-07-12,0.1331665
2021-07-13,0.1566275
2021-07-14,0.14442575
2021-07-15,0.16128625
2021-07-16,0.12480825
2021-07-17,0.0575605
2021-07-18,0.0536355
2021-07-19,0.1110205
2021-07-20,0.13663699999999998
2021-07-21,0.14426
2021-07-22,0.15712875
2021-07-23,0.1500215
2021-07-24,0.06617175
2021-07-25,0.06399225
2021-07-26,0.13132850000000001
2021-07-27,0.12025375
2021-07-28,0.079907
2021-07-29,0.05582225
2021-07-30,0.06565125
2021-07-31,0.0509185
2021-08-01,0.05249675
2021-08-02,0.0630375
2021-08-03,0.09175625
2021-08-04,0.11233900000000001
2021-08-05,0.0930935
2021-08-06,0.06522
2021-08-07,0.06045325
2021-08-08,0.0519895
2021-08-09,0.06366725
2021-08-10,0.07827925
2021-08-11,0.0915835
2021-08-12,0.10893399999999999
2021-08-13,0.07106900000000001
2021-08-14,0.053691499999999996
2021-08-15,0.06041950000000001
2021-08-16,0.06541975
2021-08-17,0.06253075
2021-08-18,0.07287425
2021-08-19,0.08807000000000001
2021-08-20,0.083449
2021-08-21,0.06784825
2021-08-22,0.057771
2021-08-23,0.0831725
2021-08-24,0.08039675
2021-08-25,0.06559625
2021-08-26,0.08035275
2021-08-27,0.086491
2021-08-28,0.0602955
2021-08-29,0.059582500000000004
2021-08-30,0.08739725
2021-08-31,0.10819849999999999
2021-09-01,0.1272845
2021-09-02,0.12590125
2021-09-03,0.09613925
2021-09-04,0.06375700000000001
2021-09-05,0.06139725
2021-09-06,0.1244155
2021-09-07,0.14008075
2021-09-08,0.13664675
2021-09-09,0.1485975
2021-09-10,0.15164325
2021-09-11,0.080663
2021-09-12,0.0726475
2021-09-13,0.12404925
2021-09-14,0.137721
2021-09-15,0.146744
2021-09-16,0.15245525
2021-09-17,0.1355065
2021-09-18,0.06818400000000001
2021-09-19,0.061131
2021-09-20,0.139128
2021-09-21,0.116299
2021-09-22,0.10828499999999999
2021-09-23,0.06625825
2021-09-24,0.0828005
2021-09-25,0.08668075
2021-09-26,0.0686165
2021-09-27,0.10891925
2021-09-28,0.12504925
2021-09-29,0.07560275
2021-09-30,0.07962075
2021-10-01,0.08413675
2021-10-02,0.06479625
2021-10-03,0.06729500000000001
2021-10-04,0.1104895
2021-10-05,0.08508825
2021-10-06,0.096209
2021-10-07,0.17434725
2021-10-08,0.14386275
2021-10-09,0.07204575
2021-10-10,0.0700265
2021-10-11,0.103748
2021-10-12,0.1251095
2021-10-13,0.15245725
2021-10-14,0.12175375
2021-10-15,0.09852625
2021-10-16,0.08994500000000001
2021-10-17,0.07694025
2021-10-18,0.12190775
2021-10-19,0.1101
2021-10-20,0.07796275
2021-10-21,0.080714
2021-10-22,0.08161399999999999
2021-10-23,0.1058555
2021-10-24,0.056324
2021-10-25,0.14956525
2021-10-26,0.13684125
2021-10-27,0.11098475
2021-10-28,0.10066625
2021-10-29,0.08505499999999999
2021-10-30,0.07245225
2021-10-31,0.0545385
2021-11-01,0.07771
2021-11-02,0.180446
2021-11-03,0.2229725
2021-11-04,0.17851375
2021-11-05,0.149028
2021-11-06,0.083041
2021-11-07,0.0707125
2021-11-08,0.19029875
2021-11-09,0.19669
2021-11-10,0.2169025
2021-11-11,0.24596875
2021-11-12,0.21171750000000003
2021-11-13,0.15752049999999998
2021-11-14,0.13049825
2021-11-15,0.2310185
2021-11-16,0.25263775
2021-11-17,0.1693295
2021-11-18,0.1012325
2021-11-19,0.10598375
2021-11-20,0.090782
2021-11-21,0.1116205
2021-11-22,0.2111355
2021-11-23,0.2313575
2021-11-24,0.267225
2021-11-25,0.244312
2021-11-26,0.17992925
2021-11-27,0.18124175
2021-11-28,0.15187875
2021-11-29,0.21727075
2021-11-30,0.11847375
2021-12-01,0.099159
2021-12-02,0.18904225
2021-12-03,0.12979749999999998
2021-12-04,0.16030825
2021-12-05,0.1511325
2021-12-06,0.226028
2021-12-07,0.20406775
2021-12-08,0.1713875
2021-12-09,0.24139349999999998
2021-12-10,0.23124450000000002
2021-12-11,0.20650475
2021-12-12,0.11155150000000001
2021-12-13,0.21132399999999998
2021-12-14,0.22198425
2021-12-15,0.217952
2021-12-16,0.24066125
2021-12-17,0.24036
2021-12-18,0.178253
2021-12-19,0.10811175
2021-12-20,0.22725900000000002
2021-12-21,0.26693425
2021-12-22,0.24566225
2021-12-23,0.13875825
2021-12-24,0.09098825
2021-12-25,0.09725349999999999
2021-12-26,0.099696
2021-12-27,0.1048175
2021-12-28,0.08858150000000001
2021-12-29,0.09335
2021-12-30,0.07725425
2021-12-31,0.066953
2022-01-01,0.0660975
2022-01-02,0.063712
2022-01-03,0.0927175
2022-01-04,0.15683275
2022-01-05,0.0999375
2022-01-06,0.16130375
2022-01-07,0.126999
2022-01-08,0.1067655
2022-01-09,0.11034625
2022-01-10,0.25902075
2022-01-11,0.269676
2022-01-12,0.273753
2022-01-13,0.21791275
2022-01-14,0.232688
2022-01-15,0.22975925
2022-01-16,0.1169815
2022-01-17,0.15051175
2022-01-18,0.260517
2022-01-19,0.183193
2022-01-20,0.14121075
2022-01-21,0.18907725
2022-01-22,0.211562
2022-01-23,0.2154035
2022-01-24,0.269948
2022-01-25,0.303309
2022-01-26,0.25285575
2022-01-27,0.1346735
2022-01-28,0.16337125
2022-01-29,0.10205449999999999
2022-01-30,0.0942385
2022-01-31,0.17939075
2022-02-01,0.151722
2022-02-02,0.16291125
2022-02-03,0.22359425
2022-02-04,0.14501175
2022-02-05,0.095874
2022-02-06,0.07737075
2022-02-07,0.12161875
2022-02-08,0.1325405
2022-02-09,0.1566865
2022-02-10,0.21348625
2022-02-11,0.174921
2022-02-12,0.1322615
2022-02-13,0.10056725
2022-02-14,0.135222
2022-02-15,0.150721
2022-02-16,0.1223555
2022-02-17,0.10256625
2022-02-18,0.1198805
2022-02-19,0.0972465
2022-02-20,0.07926699999999999
2022-02-21,0.09906125
2022-02-22,0.124222
2022-02-23,0.14127699999999999
2022-02-24,0.1227475
2022-02-25,0.1097545
2022-02-26,0.12908050000000001
2022-02-27,0.08567275
2022-02-28,0.14454125
2022-03-01,0.2027065
2022-03-02,0.23408325
2022-03-03,0.198462
2022-03-04,0.1892835
2022-03-05,0.13434200000000002
2022-03-06,0.11906375
2022-03-07,0.202963
2022-03-08,0.16565025
2022-03-09,0.15209075
2022-03-10,0.12264475
2022-03-11,0.090478
2022-03-12,0.0837315
2022-03-13,0.07899225
2022-03-14,0.19384749999999998
2022-03-15,0.24657849999999998
2022-03-16,0.17678725
2022-03-17,0.1838845
2022-03-18,0.16727275
2022-03-19,0.08754975
2022-03-20,0.08239825
2022-03-21,0.15677275
2022-03-22,0.1988425
2022-03-23,0.20553275
2022-03-24,0.20886825
2022-03-25,0.15944375
2022-03-26,0.10688800000000001
2022-03-27,0.10921600000000001
2022-03-28,0.16400225
2022-03-29,0.20402075
2022-03-30,0.23983825
2022-03-31,0.16331875
2022-04-01,0.1289815
2022-04-02,0.12422925
2022-04-03,0.10147325
2022-04-04,0.1017355
2022-04-05,0.1105335
2022-04-06,0.080473
2022-04-07,0.10021925
2022-04-08,0.11984425
2022-04-09,0.089657
2022-04-10,0.086761
2022-04-11,0.1312375
2022-04-12,0.1089125
2022-04-13,0.15064175
2022-04-14,0.145062
2022-04-15,0.0950735
2022-04-16,0.0816925
2022-04-17,0.0743115
2022-04-18,0.07890325
2022-04-19,0.1303445
2022-04-20,0.11391125
2022-04-21,0.10901275
2022-04-22,0.08857625
2022-04-23,0.06338525
2022-04-24,0.06067625
2022-04-25,0.16087025
2022-04-26,0.20340475
2022-04-27,0.18832575
2022-04-28,0.1365105
2022-04-29,0.1419985
2022-04-30,0.09154
2022-05-01,0.085225
2022-05-02,0.12703850000000005
2022-05-03,0.17168675
2022-05-04,0.18632775000000013
2022-05-05,0.17802275000000006
2022-05-06,0.16409874999999993
2022-05-07,0.08600500000000001
2022-05-08,0.07496799999999998
2022-05-09,0.15850775
2022-05-10,0.11674075000000005
2022-05-11,0.13425225
2022-05-12,0.11504724999999998
2022-05-13,0.13054625
2022-05-14,0.09862099999999996
2022-05-15,0.07844074999999999
2022-05-16,0.15257375
2022-05-17,0.21309350000000005
2022-05-18,0.16658299999999995
2022-05-19,0.16725599999999996
2022-05-20,0.15806074999999994
2022-05-21,0.076552
2022-05-22,0.09862875
2022-05-23,0.1472732500000001
2022-05-24,0.1480614999999999
2022-05-25,0.1265245000000001
2022-05-26,0.06792300000000004
2022-05-27,0.07213449999999995
2022-05-28,0.06372600000000002
2022-05-29,0.07744299999999997
2022-05-30,0.21022475
2022-05-31,0.21554000000000006
2022-06-01,0.20034575000000004
2022-06-02,0.17180875
2022-06-03,0.17470075000000002
2022-06-04,0.08494775000000003
2022-06-05,0.07248975
2022-06-06,0.07136574999999999
2022-06-07,0.13314025000000004
2022-06-08,0.19774550000000007
2022-06-09,0.15721200000000005
2022-06-10,0.11252850000000003
2022-06-11,0.072925
2022-06-12,0.07551924999999997
2022-06-13,0.12181399999999998
2022-06-14,0.18301400000000004
2022-06-15,0.19086525
2022-06-16,0.09318749999999996
2022-06-17,0.08048699999999996
2022-06-18,0.059310999999999975
2022-06-19,0.06738250000000001
2022-06-20,0.17124274999999994
2022-06-21,0.1657370000000001
2022-06-22,0.2220895
2022-06-23,0.216053
2022-06-24,0.17096999999999996
2022-06-25,0.08351549999999999
2022-06-26,0.09335700000000002
2022-06-27,0.21556524999999996
2022-06-28,0.20590275
2022-06-29,0.21449250000000006
2022-06-30,0.20876699999999995
