, gas pps [TWh_el/day],scaled_to_AGEBL_2020 [TWh_gas/day]
2016-01-01 00:00:00+01:00,0.047647,0.06616395497137204
2016-01-02 00:00:00+01:00,0.04682325,0.06502007271419598
2016-01-03 00:00:00+01:00,0.04898625000000002,0.0680236749263621
2016-01-04 00:00:00+01:00,0.08553924999999996,0.11878219164448828
2016-01-05 00:00:00+01:00,0.078214,0.10861014490169146
2016-01-06 00:00:00+01:00,0.08958025000000006,0.12439363710882645
2016-01-07 00:00:00+01:00,0.061108499999999996,0.08485696984842882
2016-01-08 00:00:00+01:00,0.06245724999999999,0.08672988176875199
2016-01-09 00:00:00+01:00,0.05387275,0.0748092053053494
2016-01-10 00:00:00+01:00,0.042628500000000014,0.059195125705650595
2016-01-11 00:00:00+01:00,0.07292449999999995,0.10126499746699302
2016-01-12 00:00:00+01:00,0.06173774999999997,0.08573076397325796
2016-01-13 00:00:00+01:00,0.07643525,0.10614012297155255
2016-01-14 00:00:00+01:00,0.08674825,0.12046104281162139
2016-01-15 00:00:00+01:00,0.10116424999999997,0.14047950304767606
2016-01-16 00:00:00+01:00,0.05668399999999999,0.07871298557301093
2016-01-17 00:00:00+01:00,0.060054249999999997,0.08339300885343294
2016-01-18 00:00:00+01:00,0.14529424999999996,0.20175965358992737
2016-01-19 00:00:00+01:00,0.16232175,0.22540451566466532
2016-01-20 00:00:00+01:00,0.17529525,0.24341988011197777
2016-01-21 00:00:00+01:00,0.17928724999999995,0.24896328280775534
2016-01-22 00:00:00+01:00,0.14302475000000003,0.19860816250323723
2016-01-23 00:00:00+01:00,0.06096599999999997,0.08465909036843171
2016-01-24 00:00:00+01:00,0.05624650000000002,0.07810546085372172
2016-01-25 00:00:00+01:00,0.087316,0.12124943631876763
2016-01-26 00:00:00+01:00,0.07256575000000003,0.10076682719717595
2016-01-27 00:00:00+01:00,0.047472000000000014,0.06592094508365635
2016-01-28 00:00:00+01:00,0.06252125,0.08681875395625945
2016-01-29 00:00:00+01:00,0.049680249999999995,0.06898738270964605
2016-01-30 00:00:00+01:00,0.04253374999999999,0.05906355320930163
2016-01-31 00:00:00+01:00,0.039254000000000025,0.05450920075652695
2016-02-01 00:00:00+01:00,0.05081825,0.07056764129376303
2016-02-02 00:00:00+01:00,0.05049824999999998,0.07012328035622571
2016-02-03 00:00:00+01:00,0.05395849999999999,0.07492828015033008
2016-02-04 00:00:00+01:00,0.052346250000000025,0.0726894647705036
2016-02-05 00:00:00+01:00,0.06300349999999996,0.08748841977540739
2016-02-06 00:00:00+01:00,0.04060125000000001,0.05638002973495539
2016-02-07 00:00:00+01:00,0.035083500000000004,0.04871792797527926
2016-02-08 00:00:00+01:00,0.045073499999999996,0.0625903209940214
2016-02-09 00:00:00+01:00,0.0476815,0.06621186263495028
2016-02-10 00:00:00+01:00,0.062279249999999994,0.08648270599724688
2016-02-11 00:00:00+01:00,0.06724649999999997,0.09338036808156584
2016-02-12 00:00:00+01:00,0.07711724999999998,0.10708716721967887
2016-02-13 00:00:00+01:00,0.05527050000000001,0.07675015999423297
2016-02-14 00:00:00+01:00,0.051266999999999986,0.07119078807726256
2016-02-15 00:00:00+01:00,0.060877,0.0845355024826792
2016-02-16 00:00:00+01:00,0.09983724999999999,0.13863679378482616
2016-02-17 00:00:00+01:00,0.07826799999999999,0.10868513080990086
2016-02-18 00:00:00+01:00,0.08165799999999998,0.11339257949193646
2016-02-19 00:00:00+01:00,0.07156349999999999,0.09937507485452982
2016-02-20 00:00:00+01:00,0.04362975000000002,0.06058548942036688
2016-02-21 00:00:00+01:00,0.033878,0.04704393700590052
2016-02-22 00:00:00+01:00,0.04702675000000001,0.06530265849791111
2016-02-23 00:00:00+01:00,0.05668474999999999,0.07871402704395829
2016-02-24 00:00:00+01:00,0.0664365,0.09225557945842462
2016-02-25 00:00:00+01:00,0.07475899999999998,0.10381243540421854
2016-02-26 00:00:00+01:00,0.07323225,0.10169234771239029
2016-02-27 00:00:00+01:00,0.04725149999999999,0.06561475262513453
2016-02-28 00:00:00+01:00,0.04355174999999998,0.060477176441842105
2016-02-29 00:00:00+01:00,0.0541,0.07512477100239737
2016-03-01 00:00:00+01:00,0.0485165,0.06737136695633662
2016-03-02 00:00:00+01:00,0.04601924999999999,0.06390361585863354
2016-03-03 00:00:00+01:00,0.06264625,0.08699233244748496
2016-03-04 00:00:00+01:00,0.04742974999999999,0.0658622755536221
2016-03-05 00:00:00+01:00,0.04654,0.06462674385307898
2016-03-06 00:00:00+01:00,0.042691749999999994,0.05928295642221067
2016-03-07 00:00:00+01:00,0.07872824999999999,0.10932424681459314
2016-03-08 00:00:00+01:00,0.08435225000000005,0.11713389029181102
2016-03-09 00:00:00+01:00,0.04510025000000001,0.06262746679114367
2016-03-10 00:00:00+01:00,0.047489750000000025,0.06594559322941039
2016-03-11 00:00:00+01:00,0.056068500000000014,0.0778582850822166
2016-03-12 00:00:00+01:00,0.041377249999999983,0.05745760500848327
2016-03-13 00:00:00+01:00,0.03790499999999999,0.052635941679221275
2016-03-14 00:00:00+01:00,0.049055000000000015,0.06811914309653612
2016-03-15 00:00:00+01:00,0.06426350000000002,0.08923809096696052
2016-03-16 00:00:00+01:00,0.048557499999999996,0.0674283007014586
2016-03-17 00:00:00+01:00,0.05033900000000001,0.06990214135840446
2016-03-18 00:00:00+01:00,0.04787050000000002,0.06647431331368325
2016-03-19 00:00:00+01:00,0.04421074999999998,0.061392282247582954
2016-03-20 00:00:00+01:00,0.0398405,0.05532363103735698
2016-03-21 00:00:00+01:00,0.04396199999999999,0.06104686105004421
2016-03-22 00:00:00+01:00,0.05766750000000002,0.08007870114197323
2016-03-23 00:00:00+01:00,0.05966275000000001,0.08284936101891467
2016-03-24 00:00:00+01:00,0.05906899999999999,0.08202486318559352
2016-03-25 00:00:00+01:00,0.035089749999999996,0.04872660689984053
2016-03-26 00:00:00+01:00,0.03143575000000001,0.04365256044433667
2016-03-27 00:00:00+01:00,0.024500999999999995,0.03402277290812823
2016-03-28 00:00:00+02:00,0.026483749999999997,0.03677607493594715
2016-03-29 00:00:00+02:00,0.03319224999999999,0.0460916854030374
2016-03-30 00:00:00+02:00,0.04928299999999998,0.06843575026453139
2016-03-31 00:00:00+02:00,0.057222749999999996,0.07946110887019285
2016-04-01 00:00:00+02:00,0.05290575000000001,0.07346640209722893
2016-04-02 00:00:00+02:00,0.02764100000000001,0.03838306460771287
2016-04-03 00:00:00+02:00,0.024880250000000003,0.03454941005050642
2016-04-04 00:00:00+02:00,0.043091000000000004,0.05983736612318494
2016-04-05 00:00:00+02:00,0.04692349999999999,0.06515928266415882
2016-04-06 00:00:00+02:00,0.029343250000000008,0.040746856501221757
2016-04-07 00:00:00+02:00,0.02911125,0.040424694821507214
2016-04-08 00:00:00+02:00,0.04971949999999999,0.06904188635589086
2016-04-09 00:00:00+02:00,0.03105624999999999,0.043125576144976016
2016-04-10 00:00:00+02:00,0.030933499999999996,0.04295512206659258
2016-04-11 00:00:00+02:00,0.02842175,0.039467235863907345
2016-04-12 00:00:00+02:00,0.057141000000000004,0.07934758853693138
2016-04-13 00:00:00+02:00,0.06385674999999999,0.0886732665565127
2016-04-14 00:00:00+02:00,0.06100725,0.08471637127053616
2016-04-15 00:00:00+02:00,0.05146275,0.07146261199452172
2016-04-16 00:00:00+02:00,0.024488749999999993,0.03400576221598813
2016-04-17 00:00:00+02:00,0.020685500000000006,0.02872446304196102
2016-04-18 00:00:00+02:00,0.04376924999999998,0.06077920301657448
2016-04-19 00:00:00+02:00,0.031107500000000003,0.04319674332637849
2016-04-20 00:00:00+02:00,0.034147999999999984,0.04741886654694758
2016-04-21 00:00:00+02:00,0.034745000000000005,0.04824787742104061
2016-04-22 00:00:00+02:00,0.03339175000000001,0.04636871667503333
2016-04-23 00:00:00+02:00,0.025668999999999983,0.03564469033013931
2016-04-24 00:00:00+02:00,0.026618999999999997,0.036963886863453144
2016-04-25 00:00:00+02:00,0.03753125000000001,0.05211694199045706
2016-04-26 00:00:00+02:00,0.04285,0.059502706792102164
2016-04-27 00:00:00+02:00,0.040504249999999985,0.05624533282576437
2016-04-28 00:00:00+02:00,0.04014924999999998,0.055752369910683934
2016-04-29 00:00:00+02:00,0.037273000000000014,0.05175832882758518
2016-04-30 00:00:00+02:00,0.030534500000000006,0.042401059522600794
2016-05-01 00:00:00+02:00,0.028863249999999993,0.04008031509491581
2016-05-02 00:00:00+02:00,0.03501799999999999,0.04862697284587708
2016-05-03 00:00:00+02:00,0.038724000000000015,0.05377322795373081
2016-05-04 00:00:00+02:00,0.037846250000000005,0.052554359788345315
2016-05-05 00:00:00+02:00,0.0313455,0.04352723677367184
2016-05-06 00:00:00+02:00,0.03167575,0.04398583114748962
2016-05-07 00:00:00+02:00,0.023484249999999998,0.032610885460500005
2016-05-08 00:00:00+02:00,0.022661749999999998,0.0314687389882362
2016-05-09 00:00:00+02:00,0.034413000000000006,0.04778685294834568
2016-05-10 00:00:00+02:00,0.044024250000000015,0.06113330313867455
2016-05-11 00:00:00+02:00,0.029200749999999994,0.04054897702122467
2016-05-12 00:00:00+02:00,0.036095999999999996,0.05012391375420582
2016-05-13 00:00:00+02:00,0.0388065,0.05388778975793962
2016-05-14 00:00:00+02:00,0.028211250000000004,0.039174929684683606
2016-05-15 00:00:00+02:00,0.021875749999999992,0.030377277435410233
2016-05-16 00:00:00+02:00,0.023698500000000004,0.03290839899446052
2016-05-17 00:00:00+02:00,0.046167,0.0641087856352621
2016-05-18 00:00:00+02:00,0.05241424999999998,0.07278389146973022
2016-05-19 00:00:00+02:00,0.06167475000000003,0.08564328041368038
2016-05-20 00:00:00+02:00,0.05016275000000001,0.06965739568577652
2016-05-21 00:00:00+02:00,0.0315525,0.04381468275514127
2016-05-22 00:00:00+02:00,0.02141075,0.029731565448051375
2016-05-23 00:00:00+02:00,0.050008750000000005,0.06944354698458668
2016-05-24 00:00:00+02:00,0.06479450000000002,0.08997545239768646
2016-05-25 00:00:00+02:00,0.06863775000000001,0.09531229668890574
2016-05-26 00:00:00+02:00,0.047435250000000005,0.06586991300723605
2016-05-27 00:00:00+02:00,0.036112249999999985,0.05014647895806512
2016-05-28 00:00:00+02:00,0.03102849999999999,0.04308704171992395
2016-05-29 00:00:00+02:00,0.029537499999999994,0.04101659747658617
2016-05-30 00:00:00+02:00,0.0399,0.05540625439918031
2016-05-31 00:00:00+02:00,0.05144825000000001,0.07144247688953957
2016-06-01 00:00:00+02:00,0.05165649999999998,0.07173165865592122
2016-06-02 00:00:00+02:00,0.04900874999999998,0.06805491905478264
2016-06-03 00:00:00+02:00,0.03827650000000001,0.053151816955143504
2016-06-04 00:00:00+02:00,0.02733549999999999,0.03795883877515771
2016-06-05 00:00:00+02:00,0.02682675000000001,0.03725237431586995
2016-06-06 00:00:00+02:00,0.031041250000000017,0.04310474672602899
2016-06-07 00:00:00+02:00,0.029285750000000003,0.04066701039525802
2016-06-08 00:00:00+02:00,0.03045724999999999,0.04229378801502341
2016-06-09 00:00:00+02:00,0.04341675000000002,0.060289711671318615
2016-06-10 00:00:00+02:00,0.02947025,0.040923212248306855
2016-06-11 00:00:00+02:00,0.026971749999999985,0.0374537253656915
2016-06-12 00:00:00+02:00,0.026576249999999996,0.03690452301945402
2016-06-13 00:00:00+02:00,0.047377249999999975,0.06578937258730737
2016-06-14 00:00:00+02:00,0.05024174999999999,0.06976709729223099
2016-06-15 00:00:00+02:00,0.052450750000000004,0.0728345763891681
2016-06-16 00:00:00+02:00,0.03629299999999999,0.050397473456377205
2016-06-17 00:00:00+02:00,0.03994450000000001,0.055468048342056604
2016-06-18 00:00:00+02:00,0.03217675000000001,0.044681533740321445
2016-06-19 00:00:00+02:00,0.03163150000000001,0.0439243843615958
2016-06-20 00:00:00+02:00,0.0372325,0.0517020893964281
2016-06-21 00:00:00+02:00,0.050287499999999985,0.06983062702001952
2016-06-22 00:00:00+02:00,0.03821899999999999,0.05307197084917974
2016-06-23 00:00:00+02:00,0.03851550000000001,0.05348369903036666
2016-06-24 00:00:00+02:00,0.03564375,0.049495906772951966
2016-06-25 00:00:00+02:00,0.028018249999999988,0.03890692449423141
2016-06-26 00:00:00+02:00,0.02651700000000001,0.03682224681461315
2016-06-27 00:00:00+02:00,0.03453375,0.0479545297708695
2016-06-28 00:00:00+02:00,0.04915750000000001,0.06826147745934101
2016-06-29 00:00:00+02:00,0.031830249999999984,0.044200374162644315
2016-06-30 00:00:00+02:00,0.046520499999999985,0.06459966560844779
2016-07-01 00:00:00+02:00,0.02966125,0.041188440182899425
2016-07-02 00:00:00+02:00,0.02571349999999999,0.0357064842730156
2016-07-03 00:00:00+02:00,0.025913749999999996,0.03598455701595886
2016-07-04 00:00:00+02:00,0.04400425,0.061105530580078456
2016-07-05 00:00:00+02:00,0.037002750000000015,0.05138305212955564
2016-07-06 00:00:00+02:00,0.0338635,0.04702380190091836
2016-07-07 00:00:00+02:00,0.03261700000000001,0.04529287718641766
2016-07-08 00:00:00+02:00,0.03266449999999999,0.04535883701308333
2016-07-09 00:00:00+02:00,0.028714000000000003,0.03987306237639257
2016-07-10 00:00:00+02:00,0.027737499999999995,0.03851706720293894
2016-07-11 00:00:00+02:00,0.03560925,0.049447999109373725
2016-07-12 00:00:00+02:00,0.03684175,0.051159483032857174
2016-07-13 00:00:00+02:00,0.04743225000000001,0.06586574712344664
2016-07-14 00:00:00+02:00,0.034297499999999995,0.047626466422453294
2016-07-15 00:00:00+02:00,0.033809,0.046948121678744036
2016-07-16 00:00:00+02:00,0.03133825,0.04351716922118076
2016-07-17 00:00:00+02:00,0.028608249999999998,0.03972621497281579
2016-07-18 00:00:00+02:00,0.03920199999999998,0.05443699210417708
2016-07-19 00:00:00+02:00,0.055844500000000005,0.07754723242594048
2016-07-20 00:00:00+02:00,0.047494000000000015,0.06595149489811204
2016-07-21 00:00:00+02:00,0.05353400000000001,0.07433880759412831
2016-07-22 00:00:00+02:00,0.04645750000000003,0.0645121820488702
2016-07-23 00:00:00+02:00,0.026290000000000004,0.03650702827454763
2016-07-24 00:00:00+02:00,0.02453925000000001,0.034075887926443255
2016-07-25 00:00:00+02:00,0.05255374999999997,0.07297760506593785
2016-07-26 00:00:00+02:00,0.054695749999999994,0.0759520460915781
2016-07-27 00:00:00+02:00,0.055719500000000005,0.07737365393471497
2016-07-28 00:00:00+02:00,0.054561000000000005,0.07576492847803702
2016-07-29 00:00:00+02:00,0.0336805,0.04676968298976423
2016-07-30 00:00:00+02:00,0.020654750000000003,0.02868176273311954
2016-07-31 00:00:00+02:00,0.02165925000000001,0.030076639488607684
2016-08-01 00:00:00+02:00,0.041325499999999994,0.05738574351311593
2016-08-02 00:00:00+02:00,0.048963500000000014,0.06799208364095904
2016-08-03 00:00:00+02:00,0.043974750000000035,0.06106456605614928
2016-08-04 00:00:00+02:00,0.050367249999999995,0.06994137009742141
2016-08-05 00:00:00+02:00,0.04984024999999998,0.06920956317841467
2016-08-06 00:00:00+02:00,0.02575875,0.035769319686839246
2016-08-07 00:00:00+02:00,0.02362075,0.03280043317291825
2016-08-08 00:00:00+02:00,0.029062000000000015,0.04035630489596439
2016-08-09 00:00:00+02:00,0.04407675,0.06120620610498924
2016-08-10 00:00:00+02:00,0.04718699999999998,0.06552518612366216
2016-08-11 00:00:00+02:00,0.040037249999999996,0.05559684358254591
2016-08-12 00:00:00+02:00,0.029717999999999998,0.0412672448179158
2016-08-13 00:00:00+02:00,0.022896499999999983,0.03179471939475767
2016-08-14 00:00:00+02:00,0.024067,0.033420108386593296
2016-08-15 00:00:00+02:00,0.027297749999999985,0.03790641807080761
2016-08-16 00:00:00+02:00,0.05859575000000002,0.08136769501781381
2016-08-17 00:00:00+02:00,0.07231349999999999,0.10041654580188283
2016-08-18 00:00:00+02:00,0.08213225,0.11405113628764604
2016-08-19 00:00:00+02:00,0.080613,0.1119414633052913
2016-08-20 00:00:00+02:00,0.03325199999999999,0.04617465592184319
2016-08-21 00:00:00+02:00,0.02253650000000001,0.03129481334002827
2016-08-22 00:00:00+02:00,0.07663849999999997,0.10642236159828518
2016-08-23 00:00:00+02:00,0.11047549999999999,0.15340936485906376
2016-08-24 00:00:00+02:00,0.1065385,0.14794233669942536
2016-08-25 00:00:00+02:00,0.10093974999999994,0.14016775607743504
2016-08-26 00:00:00+02:00,0.10209874999999999,0.14177717584807795
2016-08-27 00:00:00+02:00,0.058953249999999985,0.0818641295027187
2016-08-28 00:00:00+02:00,0.02798175,0.038856239574793575
2016-08-29 00:00:00+02:00,0.082417,0.11444654809065774
2016-08-30 00:00:00+02:00,0.10214675000000005,0.14184382998870862
2016-08-31 00:00:00+02:00,0.10179099999999995,0.14134982560268072
2016-09-01 00:00:00+02:00,0.10233049999999999,0.14209899037081003
2016-09-02 00:00:00+02:00,0.07648300000000001,0.10620642995520072
2016-09-03 00:00:00+02:00,0.028725000000000004,0.039888337283620415
2016-09-04 00:00:00+02:00,0.029435249999999996,0.04087461027076371
2016-09-05 00:00:00+02:00,0.07444974999999997,0.10338300221692663
2016-09-06 00:00:00+02:00,0.10357249999999998,0.14382366625962661
2016-09-07 00:00:00+02:00,0.10405324999999999,0.1444912491368799
2016-09-08 00:00:00+02:00,0.09877399999999996,0.13716033513846201
2016-09-09 00:00:00+02:00,0.10334700000000002,0.14351053066145586
2016-09-10 00:00:00+02:00,0.05918,0.08217900088580178
2016-09-11 00:00:00+02:00,0.05569599999999998,0.07734102117836456
2016-09-12 00:00:00+02:00,0.09930674999999996,0.1379001266680651
2016-09-13 00:00:00+02:00,0.10543325,0.14640755568000946
2016-09-14 00:00:00+02:00,0.09688624999999995,0.13453895276397446
2016-09-15 00:00:00+02:00,0.07829699999999998,0.10872540101986515
2016-09-16 00:00:00+02:00,0.10371449999999999,0.1440208514256588
2016-09-17 00:00:00+02:00,0.05716075,0.07937501393854501
2016-09-18 00:00:00+02:00,0.0422275,0.05863828590579916
2016-09-19 00:00:00+02:00,0.10634449999999995,0.14767294288104332
2016-09-20 00:00:00+02:00,0.11589624999999992,0.1609367697095488
2016-09-21 00:00:00+02:00,0.11324875,0.15726037726539277
2016-09-22 00:00:00+02:00,0.10541500000000001,0.14638221322029055
2016-09-23 00:00:00+02:00,0.07137450000000002,0.0991126241757969
2016-09-24 00:00:00+02:00,0.05977100000000001,0.08299967999231597
2016-09-25 00:00:00+02:00,0.03490325,0.04846762779093208
2016-09-26 00:00:00+02:00,0.09962649999999998,0.13834414044861995
2016-09-27 00:00:00+02:00,0.10327125000000004,0.14340534209577321
2016-09-28 00:00:00+02:00,0.036567499999999996,0.050778651823108416
2016-09-29 00:00:00+02:00,0.033489,0.046503760741206754
2016-09-30 00:00:00+02:00,0.08086,0.11228445440395289
2016-10-01 00:00:00+02:00,0.08076399999999999,0.11215114612269168
2016-10-02 00:00:00+02:00,0.07493775,0.10406065264667104
2016-10-03 00:00:00+02:00,0.07770625,0.10790506907033347
2016-10-04 00:00:00+02:00,0.06048574999999998,0.08399220180514334
2016-10-05 00:00:00+02:00,0.0677415,0.09406773890681887
2016-10-06 00:00:00+02:00,0.098931,0.1373783497234413
2016-10-07 00:00:00+02:00,0.12164699999999995,0.16892242177686928
2016-10-08 00:00:00+02:00,0.07432725000000004,0.10321289529552574
2016-10-09 00:00:00+02:00,0.0841065,0.11679263497806162
2016-10-10 00:00:00+02:00,0.12448250000000004,0.1728598762718287
2016-10-11 00:00:00+02:00,0.10903000000000003,0.1514021031865321
2016-10-12 00:00:00+02:00,0.10050099999999997,0.13955849557323355
2016-10-13 00:00:00+02:00,0.07615825000000001,0.10575547303499686
2016-10-14 00:00:00+02:00,0.058524499999999986,0.08126875527781523
2016-10-15 00:00:00+02:00,0.055590249999999994,0.0771941737747878
2016-10-16 00:00:00+02:00,0.05999325000000001,0.08330830254971491
2016-10-17 00:00:00+02:00,0.11643999999999997,0.1616918361463798
2016-10-18 00:00:00+02:00,0.10894775000000004,0.15128788853930575
2016-10-19 00:00:00+02:00,0.10932100000000002,0.15180619391410505
2016-10-20 00:00:00+02:00,0.10815175000000002,0.1501825407071817
2016-10-21 00:00:00+02:00,0.10557399999999999,0.14660300506112936
2016-10-22 00:00:00+02:00,0.07755700000000001,0.10769781635181024
2016-10-23 00:00:00+02:00,0.07982475000000001,0.1108468773396233
2016-10-24 00:00:00+02:00,0.11649724999999998,0.1617713350953611
2016-10-25 00:00:00+02:00,0.12697199999999997,0.1763168655030757
2016-10-26 00:00:00+02:00,0.11827574999999999,0.16424100986851753
2016-10-27 00:00:00+02:00,0.08905549999999997,0.12366495460266166
2016-10-28 00:00:00+02:00,0.07702675000000002,0.10696149639203166
2016-10-29 00:00:00+02:00,0.048983000000000006,0.0680191618855902
2016-10-30 00:00:00+02:00,0.04378025000000001,0.06079447792380236
2016-10-31 00:00:00+01:00,0.08471674999999995,0.11764004517222446
2016-11-01 00:00:00+01:00,0.04621849999999998,0.06418029997364698
2016-11-02 00:00:00+01:00,0.055087,0.07649534676911393
2016-11-03 00:00:00+01:00,0.09674774999999997,0.13434662779569662
2016-11-04 00:00:00+01:00,0.06388300000000001,0.08870971803967008
2016-11-05 00:00:00+01:00,0.05436600000000001,0.07549414603172525
2016-11-06 00:00:00+01:00,0.05431225000000003,0.0754195072804983
2016-11-07 00:00:00+01:00,0.10528275000000001,0.14619856717657398
2016-11-08 00:00:00+01:00,0.13369075000000002,0.18564670940644654
2016-11-09 00:00:00+01:00,0.132621,0.18416122467853863
2016-11-10 00:00:00+01:00,0.12888575,0.1789743522037382
2016-11-11 00:00:00+01:00,0.14027574999999995,0.19479082432420589
2016-11-12 00:00:00+01:00,0.08683825,0.12058601932530376
2016-11-13 00:00:00+01:00,0.06528325,0.09065414429837815
2016-11-14 00:00:00+01:00,0.10022849999999997,0.13918009446236196
2016-11-15 00:00:00+01:00,0.0962945,0.133717232186513
2016-11-16 00:00:00+01:00,0.09585350000000001,0.13310484726946945
2016-11-17 00:00:00+01:00,0.0671335,0.09322345312549803
2016-11-18 00:00:00+01:00,0.062400750000000005,0.08665142429071808
2016-11-19 00:00:00+01:00,0.05118000000000002,0.07106997744736966
2016-11-20 00:00:00+01:00,0.044389500000000005,0.06164049949003546
2016-11-21 00:00:00+01:00,0.0801715,0.11132838407428282
2016-11-22 00:00:00+01:00,0.10083575,0.14002333877273548
2016-11-23 00:00:00+01:00,0.11718775000000001,0.1627301826808908
2016-11-24 00:00:00+01:00,0.11007599999999998,0.15285460800110703
2016-11-25 00:00:00+01:00,0.1102635,0.15311497573794533
2016-11-26 00:00:00+01:00,0.08498750000000002,0.11801601618421899
2016-11-27 00:00:00+01:00,0.05591599999999999,0.07764651932292144
2016-11-28 00:00:00+01:00,0.09729150000000002,0.13510169423252763
2016-11-29 00:00:00+01:00,0.12179225,0.1691241199836734
2016-11-30 00:00:00+01:00,0.06686274999999998,0.09284748211350358
2016-12-01 00:00:00+01:00,0.06644024999999999,0.09226078681316138
2016-12-02 00:00:00+01:00,0.09910875,0.13762517833796395
2016-12-03 00:00:00+01:00,0.098166,0.13631604935714123
2016-12-04 00:00:00+01:00,0.08595425,0.11935847223535699
2016-12-05 00:00:00+01:00,0.138002,0.1916334315688141
2016-12-06 00:00:00+01:00,0.14450824999999995,0.2006681920371014
2016-12-07 00:00:00+01:00,0.13300174999999995,0.18468994476281145
2016-12-08 00:00:00+01:00,0.07935499999999997,0.11019456936959779
2016-12-09 00:00:00+01:00,0.08811324999999999,0.12235651993580386
2016-12-10 00:00:00+01:00,0.0625535,0.08686353720699563
2016-12-11 00:00:00+01:00,0.048913,0.06792195793050392
2016-12-12 00:00:00+01:00,0.11227975,0.15591479680141268
2016-12-13 00:00:00+01:00,0.12560425,0.1744175696520863
2016-12-14 00:00:00+01:00,0.15144624999999992,0.21030249261408163
2016-12-15 00:00:00+01:00,0.14173975,0.19682377561343903
2016-12-16 00:00:00+01:00,0.14007125,0.19450684991256104
2016-12-17 00:00:00+01:00,0.1259555,0.17490532521242996
2016-12-18 00:00:00+01:00,0.11401950000000002,0.15833066224228926
2016-12-19 00:00:00+01:00,0.14621275,0.20303510834345243
2016-12-20 00:00:00+01:00,0.14386524999999994,0.1997753042782374
2016-12-21 00:00:00+01:00,0.11775425000000002,0.16351684040312478
2016-12-22 00:00:00+01:00,0.1285355,0.17848798527132434
2016-12-23 00:00:00+01:00,0.11120525,0.15442271609083827
2016-12-24 00:00:00+01:00,0.047473,0.06592233371158614
2016-12-25 00:00:00+01:00,0.035339499999999996,0.049073416725309085
2016-12-26 00:00:00+01:00,0.034170000000000006,0.0474494163614033
2016-12-27 00:00:00+01:00,0.060629,0.0841911227560878
2016-12-28 00:00:00+01:00,0.10137649999999997,0.14077423932577696
2016-12-29 00:00:00+01:00,0.10716200000000002,0.14880814621365818
2016-12-30 00:00:00+01:00,0.09211849999999995,0.12791832195165134
2016-12-31 00:00:00+01:00,0.06108649999999999,0.08482642003397312
2017-01-01 00:00:00+01:00,0.05488800000000001,0.07621900981108296
2017-01-02 00:00:00+01:00,0.09264999999999997,0.12865637769634222
2017-01-03 00:00:00+01:00,0.07643625000000004,0.10614151159948242
2017-01-04 00:00:00+01:00,0.07842600000000004,0.10890453402280996
2017-01-05 00:00:00+01:00,0.128649,0.17864559454135712
2017-01-06 00:00:00+01:00,0.13553324999999997,0.18820525636711036
2017-01-07 00:00:00+01:00,0.09322599999999999,0.12945622738390936
2017-01-08 00:00:00+01:00,0.09190625000000002,0.12762358567355053
2017-01-09 00:00:00+01:00,0.14459349999999999,0.20078657256811724
2017-01-10 00:00:00+01:00,0.15597124999999992,0.2165860339964448
2017-01-11 00:00:00+01:00,0.09906274999999994,0.13756130145319287
2017-01-12 00:00:00+01:00,0.09063075,0.1258523907490855
2017-01-13 00:00:00+01:00,0.08844424999999997,0.12281615578056897
2017-01-14 00:00:00+01:00,0.06594700000000003,0.09157584608678561
2017-01-15 00:00:00+01:00,0.07117200000000001,0.09883142702001158
2017-01-16 00:00:00+01:00,0.15751925000000003,0.21873563003178156
2017-01-17 00:00:00+01:00,0.16456975,0.22852615125086476
2017-01-18 00:00:00+01:00,0.1613945,0.22411691041675455
2017-01-19 00:00:00+01:00,0.161421,0.22415370905689438
2017-01-20 00:00:00+01:00,0.15113374999999998,0.20986854638601796
2017-01-21 00:00:00+01:00,0.13437024999999994,0.18659028208474823
2017-01-22 00:00:00+01:00,0.10726425000000002,0.14895013341948066
2017-01-23 00:00:00+01:00,0.15947024999999995,0.2214448431228291
2017-01-24 00:00:00+01:00,0.1817245,0.2523477162296702
2017-01-25 00:00:00+01:00,0.16368975,0.22730415867263723
2017-01-26 00:00:00+01:00,0.12880075000000002,0.17885631882970487
2017-01-27 00:00:00+01:00,0.12660574999999996,0.17580828052378497
2017-01-28 00:00:00+01:00,0.10371324999999997,0.14401911564074651
2017-01-29 00:00:00+01:00,0.07997550000000006,0.11105621300004132
2017-01-30 00:00:00+01:00,0.12169624999999998,0.16899081170241217
2017-01-31 00:00:00+01:00,0.15546874999999996,0.21588824846171834
2017-02-01 00:00:00+01:00,0.12756725,0.1771434462782916
2017-02-02 00:00:00+01:00,0.0988555,0.13727350831474108
2017-02-03 00:00:00+01:00,0.10084125000000001,0.1400309762263494
2017-02-04 00:00:00+01:00,0.07107124999999997,0.09869152275608377
2017-02-05 00:00:00+01:00,0.07182675000000002,0.09974063115705077
2017-02-06 00:00:00+01:00,0.13374725,0.18572516688448043
2017-02-07 00:00:00+01:00,0.14166125000000004,0.19671476832094947
2017-02-08 00:00:00+01:00,0.13448774999999996,0.18675344586650025
2017-02-09 00:00:00+01:00,0.14793974999999998,0.20543326877822393
2017-02-10 00:00:00+01:00,0.12323600000000003,0.171128951557328
2017-02-11 00:00:00+01:00,0.06707924999999997,0.09314812006030612
2017-02-12 00:00:00+01:00,0.06816124999999999,0.0946506154803541
2017-02-13 00:00:00+01:00,0.10256525,0.14242497077733154
2017-02-14 00:00:00+01:00,0.10186424999999999,0.1414515425985389
2017-02-15 00:00:00+01:00,0.11456899999999999,0.1590937132897165
2017-02-16 00:00:00+01:00,0.10374425,0.14406216310657047
2017-02-17 00:00:00+01:00,0.11899725000000001,0.16524290491987118
2017-02-18 00:00:00+01:00,0.07694,0.10684103291912113
2017-02-19 00:00:00+01:00,0.05880299999999999,0.08165548815626564
2017-02-20 00:00:00+01:00,0.06403849999999997,0.08892564968275456
2017-02-21 00:00:00+01:00,0.06313875000000002,0.08767623170291346
2017-02-22 00:00:00+01:00,0.05630325000000002,0.0781842654887381
2017-02-23 00:00:00+01:00,0.06518724999999999,0.09052083601711694
2017-02-24 00:00:00+01:00,0.06911699999999998,0.09597779662426428
2017-02-25 00:00:00+01:00,0.061772749999999994,0.08577936595080113
2017-02-26 00:00:00+01:00,0.054484250000000005,0.07565835128442457
2017-02-27 00:00:00+01:00,0.05459675,0.0758145719265275
2017-02-28 00:00:00+01:00,0.069532,0.09655407721513297
2017-03-01 00:00:00+01:00,0.07535975000000002,0.10464665363304836
2017-03-02 00:00:00+01:00,0.058807750000000006,0.08166208413893224
2017-03-03 00:00:00+01:00,0.081755,0.11352727640112747
2017-03-04 00:00:00+01:00,0.0558435,0.07754584379801066
2017-03-05 00:00:00+01:00,0.04377525000000001,0.060787534784153344
2017-03-06 00:00:00+01:00,0.09848774999999997,0.13676284039355563
2017-03-07 00:00:00+01:00,0.13841625000000002,0.1922086706887354
2017-03-08 00:00:00+01:00,0.09293675000000001,0.12905456675521357
2017-03-09 00:00:00+01:00,0.09255550000000004,0.12852515235697584
2017-03-10 00:00:00+01:00,0.07528175000000002,0.10453834065452365
2017-03-11 00:00:00+01:00,0.07237049999999998,0.10049569759388163
2017-03-12 00:00:00+01:00,0.0484995,0.06734776028152996
2017-03-13 00:00:00+01:00,0.07862975000000007,0.10918746696350756
2017-03-14 00:00:00+01:00,0.08599149999999997,0.11941019862574216
2017-03-15 00:00:00+01:00,0.07300924999999997,0.10138268368404395
2017-03-16 00:00:00+01:00,0.07178124999999998,0.09967744858624462
2017-03-17 00:00:00+01:00,0.050560999999999995,0.07021041675882093
2017-03-18 00:00:00+01:00,0.040006750000000015,0.05555449043068691
2017-03-19 00:00:00+01:00,0.04002725000000002,0.0555829573032479
2017-03-20 00:00:00+01:00,0.04693249999999999,0.06517178031552705
2017-03-21 00:00:00+01:00,0.06387999999999999,0.08870555215588065
2017-03-22 00:00:00+01:00,0.08606050000000001,0.1195060139528987
2017-03-23 00:00:00+01:00,0.09282450000000003,0.1288986932700931
2017-03-24 00:00:00+01:00,0.08909925000000002,0.12372570707459066
2017-03-25 00:00:00+01:00,0.05737550000000003,0.07967322178647047
2017-03-26 00:00:00+01:00,0.04550350000000001,0.06318743100383714
2017-03-27 00:00:00+02:00,0.08153275,0.11321865384372853
2017-03-28 00:00:00+02:00,0.08016024999999999,0.11131276201007251
2017-03-29 00:00:00+02:00,0.04963975,0.068931143278489
2017-03-30 00:00:00+02:00,0.06038749999999999,0.08385576911104012
2017-03-31 00:00:00+02:00,0.06367075000000003,0.0884149817615692
2017-04-01 00:00:00+02:00,0.049650250000000014,0.06894572387175195
2017-04-02 00:00:00+02:00,0.04679624999999998,0.06498257976009124
2017-04-03 00:00:00+02:00,0.07716175,0.10714896116255518
2017-04-04 00:00:00+02:00,0.08521425,0.11833088756730203
2017-04-05 00:00:00+02:00,0.06654875,0.09241145294354514
2017-04-06 00:00:00+02:00,0.06298100000000001,0.08745717564698686
2017-04-07 00:00:00+02:00,0.06893349999999998,0.09572298339914524
2017-04-08 00:00:00+02:00,0.06936374999999996,0.09632044056594338
2017-04-09 00:00:00+02:00,0.04267774999999999,0.05926351563119341
2017-04-10 00:00:00+02:00,0.05405300000000002,0.0750595054896966
2017-04-11 00:00:00+02:00,0.065522,0.09098567921661885
2017-04-12 00:00:00+02:00,0.048032000000000005,0.06669857672434659
2017-04-13 00:00:00+02:00,0.05193,0.07211144839472264
2017-04-14 00:00:00+02:00,0.04447000000000002,0.0617522840383847
2017-04-15 00:00:00+02:00,0.036057499999999985,0.050070451578908354
2017-04-16 00:00:00+02:00,0.03200950000000001,0.044449285719061725
2017-04-17 00:00:00+02:00,0.038415500000000005,0.053344836237386256
2017-04-18 00:00:00+02:00,0.0695165,0.09653255348222099
2017-04-19 00:00:00+02:00,0.07728900000000001,0.10732566406662275
2017-04-20 00:00:00+02:00,0.07946750000000001,0.1103507900117008
2017-04-21 00:00:00+02:00,0.05418649999999999,0.0752448873183254
2017-04-22 00:00:00+02:00,0.04305324999999997,0.059784945418834785
2017-04-23 00:00:00+02:00,0.04136175000000001,0.05743608127557135
2017-04-24 00:00:00+02:00,0.05353975,0.07434679220472466
2017-04-25 00:00:00+02:00,0.0701425,0.09740183456627832
2017-04-26 00:00:00+02:00,0.10113549999999999,0.14043957999469422
2017-04-27 00:00:00+02:00,0.08241474999999998,0.11444342367781565
2017-04-28 00:00:00+02:00,0.08584199999999997,0.11920259875023646
2017-04-29 00:00:00+02:00,0.05173300000000002,0.07183788869255128
2017-04-30 00:00:00+02:00,0.03815875000000002,0.052988306016409095
2017-05-01 00:00:00+02:00,0.0359165,0.049874655040806
2017-05-02 00:00:00+02:00,0.05469775000000001,0.07595482334743774
2017-05-03 00:00:00+02:00,0.06958375,0.09662593871050032
2017-05-04 00:00:00+02:00,0.07488999999999997,0.10399434566302286
2017-05-05 00:00:00+02:00,0.08107899999999998,0.11258856392057993
2017-05-06 00:00:00+02:00,0.05088324999999997,0.07065790210920025
2017-05-07 00:00:00+02:00,0.048746250000000005,0.06769040422320911
2017-05-08 00:00:00+02:00,0.07041374999999997,0.09777849989223762
2017-05-09 00:00:00+02:00,0.08120150000000001,0.11275867084198096
2017-05-10 00:00:00+02:00,0.07577424999999997,0.10522223990995207
2017-05-11 00:00:00+02:00,0.0661315,0.0918320479398344
2017-05-12 00:00:00+02:00,0.051548750000000025,0.0715820339964849
2017-05-13 00:00:00+02:00,0.045346999999999985,0.06297011073282277
2017-05-14 00:00:00+02:00,0.04268925,0.05927948485238617
2017-05-15 00:00:00+02:00,0.06490700000000002,0.09013167303978942
2017-05-16 00:00:00+02:00,0.06700974999999999,0.09305161041918478
2017-05-17 00:00:00+02:00,0.06585499999999997,0.09144809231724355
2017-05-18 00:00:00+02:00,0.06129474999999998,0.0851156018003548
2017-05-19 00:00:00+02:00,0.05812475,0.0807136512628761
2017-05-20 00:00:00+02:00,0.03744075000000001,0.05199127116280979
2017-05-21 00:00:00+02:00,0.036179,0.050239169872379565
2017-05-22 00:00:00+02:00,0.058605250000000005,0.08138088698314692
2017-05-23 00:00:00+02:00,0.06360275,0.0883205550623425
2017-05-24 00:00:00+02:00,0.04961400000000001,0.06889538610929656
2017-05-25 00:00:00+02:00,0.029708499999999992,0.04125405285258265
2017-05-26 00:00:00+02:00,0.029294499999999994,0.040679160889643795
2017-05-27 00:00:00+02:00,0.024290250000000013,0.03373011957192206
2017-05-28 00:00:00+02:00,0.02669549999999999,0.03707011690008315
2017-05-29 00:00:00+02:00,0.08554450000000001,0.11878948194111982
2017-05-30 00:00:00+02:00,0.09916475,0.13770294150203297
2017-05-31 00:00:00+02:00,0.06743699999999998,0.09364490170219353
2017-06-01 00:00:00+02:00,0.06563775000000001,0.09114641289949368
2017-06-02 00:00:00+02:00,0.06830674999999999,0.09485266084414057
2017-06-03 00:00:00+02:00,0.05460924999999999,0.07583192977565005
2017-06-04 00:00:00+02:00,0.033996500000000006,0.0472084894155823
2017-06-05 00:00:00+02:00,0.03417575000000001,0.04745740097199968
2017-06-06 00:00:00+02:00,0.040213,0.05584089494120897
2017-06-07 00:00:00+02:00,0.03562474999999999,0.04946952284228567
2017-06-08 00:00:00+02:00,0.0456735,0.06342349775190381
2017-06-09 00:00:00+02:00,0.047323000000000004,0.06571403952211555
2017-06-10 00:00:00+02:00,0.036038249999999994,0.05004372049125964
2017-06-11 00:00:00+02:00,0.03229225,0.044841920266213794
2017-06-12 00:00:00+02:00,0.03882599999999999,0.05391486800257079
2017-06-13 00:00:00+02:00,0.06069575,0.08428381367040222
2017-06-14 00:00:00+02:00,0.06679225,0.09274958384445241
2017-06-15 00:00:00+02:00,0.05601499999999998,0.07778399348797203
2017-06-16 00:00:00+02:00,0.03458425,0.0480246554813246
2017-06-17 00:00:00+02:00,0.03666675,0.050916473145141465
2017-06-18 00:00:00+02:00,0.041779500000000004,0.058016180593246966
2017-06-19 00:00:00+02:00,0.08085600000000001,0.11227889989223368
2017-06-20 00:00:00+02:00,0.08292774999999998,0.11515578980580511
2017-06-21 00:00:00+02:00,0.08675350000000001,0.12046833310825288
2017-06-22 00:00:00+02:00,0.08027100000000001,0.11146655255329833
2017-06-23 00:00:00+02:00,0.05565025000000002,0.07727749145057607
2017-06-24 00:00:00+02:00,0.029763999999999995,0.04133112170268678
2017-06-25 00:00:00+02:00,0.02552,0.03543778476859854
2017-06-26 00:00:00+02:00,0.06839625,0.09497694304385806
2017-06-27 00:00:00+02:00,0.09771524999999998,0.13569012531778202
2017-06-28 00:00:00+02:00,0.08046699999999997,0.11173872362753987
2017-06-29 00:00:00+02:00,0.08553725000000001,0.11877941438862874
2017-06-30 00:00:00+02:00,0.05284225,0.07337822422368637
2017-07-01 00:00:00+02:00,0.03498775,0.04858496685100052
2017-07-02 00:00:00+02:00,0.032674749999999995,0.045373070449363825
2017-07-03 00:00:00+02:00,0.060823249999999995,0.08446086373145222
2017-07-04 00:00:00+02:00,0.07465424999999999,0.10366697662857159
2017-07-05 00:00:00+02:00,0.08716224999999998,0.12103593477456023
2017-07-06 00:00:00+02:00,0.10444199999999994,0.14503107824459113
2017-07-07 00:00:00+02:00,0.10115899999999997,0.1404722127510446
2017-07-08 00:00:00+02:00,0.06519975000000001,0.09053819386623953
2017-07-09 00:00:00+02:00,0.05090925000000001,0.07069400643537521
2017-07-10 00:00:00+02:00,0.11427,0.1586785135387051
2017-07-11 00:00:00+02:00,0.1014525,0.14087977504844212
2017-07-12 00:00:00+02:00,0.08384624999999997,0.11643124455933009
2017-07-13 00:00:00+02:00,0.07912074999999999,0.10986928327704124
2017-07-14 00:00:00+02:00,0.08680799999999998,0.12054401333042715
2017-07-15 00:00:00+02:00,0.06249524999999999,0.08678264963008453
2017-07-16 00:00:00+02:00,0.043878,0.060930216303940694
2017-07-17 00:00:00+02:00,0.09044200000000002,0.125590287227335
2017-07-18 00:00:00+02:00,0.09965099999999999,0.13837816183290017
2017-07-19 00:00:00+02:00,0.08962274999999999,0.12445265379584303
2017-07-20 00:00:00+02:00,0.09986449999999997,0.1386746338959133
2017-07-21 00:00:00+02:00,0.08411374999999996,0.11680270253055265
2017-07-22 00:00:00+02:00,0.050825499999999996,0.0705777088462541
2017-07-23 00:00:00+02:00,0.03707824999999998,0.051487893538255794
2017-07-24 00:00:00+02:00,0.093636,0.130025564835129
2017-07-25 00:00:00+02:00,0.06609175,0.09177684997962471
2017-07-26 00:00:00+02:00,0.06848449999999996,0.0950994894586632
2017-07-27 00:00:00+02:00,0.06407675,0.08897876470106961
2017-07-28 00:00:00+02:00,0.041478749999999995,0.0575985507433584
2017-07-29 00:00:00+02:00,0.0279235,0.03877535199788249
2017-07-30 00:00:00+02:00,0.026337499999999993,0.03657298810121331
2017-07-31 00:00:00+02:00,0.052882749999999985,0.07343446365484341
2017-08-01 00:00:00+02:00,0.065094,0.09039134646266274
2017-08-02 00:00:00+02:00,0.06726075000000002,0.09340015602956563
2017-08-03 00:00:00+02:00,0.04093349999999999,0.056841401364632754
2017-08-04 00:00:00+02:00,0.03556374999999999,0.049384816538567626
2017-08-05 00:00:00+02:00,0.02989599999999999,0.041514420589420904
2017-08-06 00:00:00+02:00,0.0287495,0.039922358667900615
2017-08-07 00:00:00+02:00,0.05009874999999999,0.06956852349826903
2017-08-08 00:00:00+02:00,0.05366699999999999,0.07452349510879222
2017-08-09 00:00:00+02:00,0.045676999999999995,0.06342835794965812
2017-08-10 00:00:00+02:00,0.06471300000000003,0.08986227922140745
2017-08-11 00:00:00+02:00,0.07049099999999997,0.09788577139981498
2017-08-12 00:00:00+02:00,0.027933749999999997,0.03878958543416298
2017-08-13 00:00:00+02:00,0.022667750000000007,0.03147707075581504
2017-08-14 00:00:00+02:00,0.0381125,0.05292408197465563
2017-08-15 00:00:00+02:00,0.03022774999999999,0.04197509790513339
2017-08-16 00:00:00+02:00,0.04567824999999999,0.06343009373457037
2017-08-17 00:00:00+02:00,0.048707500000000015,0.06763659489092921
2017-08-18 00:00:00+02:00,0.049887249999999994,0.06927482869111548
2017-08-19 00:00:00+02:00,0.024312250000000007,0.03376066938637774
2017-08-20 00:00:00+02:00,0.022047500000000008,0.030615774282354093
2017-08-21 00:00:00+02:00,0.030503499999999992,0.04235801205677685
2017-08-22 00:00:00+02:00,0.03196175,0.04438297873541356
2017-08-23 00:00:00+02:00,0.03057675000000001,0.042459729052635016
2017-08-24 00:00:00+02:00,0.035663999999999994,0.049524026488530486
2017-08-25 00:00:00+02:00,0.035343500000000014,0.04907897123702833
2017-08-26 00:00:00+02:00,0.026147249999999993,0.0363088016375681
2017-08-27 00:00:00+02:00,0.023297499999999992,0.032351559194609095
2017-08-28 00:00:00+02:00,0.042124249999999995,0.05849491007204689
2017-08-29 00:00:00+02:00,0.04000825,0.0555565733725816
2017-08-30 00:00:00+02:00,0.04268700000000001,0.059276360439544123
2017-08-31 00:00:00+02:00,0.054010499999999996,0.0750004888026799
2017-09-01 00:00:00+02:00,0.056423249999999994,0.07835090084031454
2017-09-02 00:00:00+02:00,0.026801250000000006,0.03721696430365994
2017-09-03 00:00:00+02:00,0.027878750000000004,0.03871321089802377
2017-09-04 00:00:00+02:00,0.05043025000000001,0.07002885365699908
2017-09-05 00:00:00+02:00,0.05035075,0.06991845773657965
2017-09-06 00:00:00+02:00,0.030876249999999997,0.042875623117611304
2017-09-07 00:00:00+02:00,0.04659325,0.06470068829034106
2017-09-08 00:00:00+02:00,0.02992599999999999,0.041556079427315026
2017-09-09 00:00:00+02:00,0.02738575,0.03802861732863038
2017-09-10 00:00:00+02:00,0.0246615,0.03424564769086178
2017-09-11 00:00:00+02:00,0.03182925,0.04419898553471454
2017-09-12 00:00:00+02:00,0.0334745,0.046483625636224594
2017-09-13 00:00:00+02:00,0.032769000000000006,0.04550394863174787
2017-09-14 00:00:00+02:00,0.034578,0.048015976556763325
2017-09-15 00:00:00+02:00,0.03501925000000001,0.048628708630789365
2017-09-16 00:00:00+02:00,0.030265499999999987,0.042027518609483484
2017-09-17 00:00:00+02:00,0.031523249999999996,0.0437740653881945
2017-09-18 00:00:00+02:00,0.08913725000000002,0.12377847493592321
2017-09-19 00:00:00+02:00,0.08930225000000003,0.12400759854434089
2017-09-20 00:00:00+02:00,0.07848974999999998,0.10899305905333488
2017-09-21 00:00:00+02:00,0.07355575,0.10214156884768189
2017-09-22 00:00:00+02:00,0.07454550000000006,0.10351596334120548
2017-09-23 00:00:00+02:00,0.05743924999999997,0.07976174681699538
2017-09-24 00:00:00+02:00,0.040625499999999995,0.05641370396225312
2017-09-25 00:00:00+02:00,0.09411275000000002,0.13068759320066312
2017-09-26 00:00:00+02:00,0.10175374999999999,0.14129809921229555
2017-09-27 00:00:00+02:00,0.09914775000000003,0.13767933482722636
2017-09-28 00:00:00+02:00,0.10187949999999997,0.14147271917446838
2017-09-29 00:00:00+02:00,0.08982975000000001,0.12474009977731249
2017-09-30 00:00:00+02:00,0.047632,0.06614312555242498
2017-10-01 00:00:00+02:00,0.037313000000000006,0.05181387394477732
2017-10-02 00:00:00+02:00,0.03949274999999998,0.0548407356747676
2017-10-03 00:00:00+02:00,0.038144250000000025,0.05296817091142694
2017-10-04 00:00:00+02:00,0.06035025000000001,0.08380404272065493
2017-10-05 00:00:00+02:00,0.046646500000000014,0.06477463272760314
2017-10-06 00:00:00+02:00,0.05380249999999998,0.07471165419328064
2017-10-07 00:00:00+02:00,0.034712,0.04820205269935707
2017-10-08 00:00:00+02:00,0.03469825000000001,0.04818295906532227
2017-10-09 00:00:00+02:00,0.09607299999999999,0.1334096511000614
2017-10-10 00:00:00+02:00,0.06441025000000002,0.08944187211565927
2017-10-11 00:00:00+02:00,0.046068,0.06397131147021148
2017-10-12 00:00:00+02:00,0.050963250000000015,0.07076899234358464
2017-10-13 00:00:00+02:00,0.06466825,0.08980013812154868
2017-10-14 00:00:00+02:00,0.03670275,0.050966463750614414
2017-10-15 00:00:00+02:00,0.033526249999999994,0.046555487131591945
2017-10-16 00:00:00+02:00,0.07551625000000001,0.10486397390406267
2017-10-17 00:00:00+02:00,0.0916897499999999,0.12732294772674782
2017-10-18 00:00:00+02:00,0.11818599999999996,0.1641163805118176
2017-10-19 00:00:00+02:00,0.11183400000000003,0.15529581590170258
2017-10-20 00:00:00+02:00,0.07765099999999997,0.10782834737721175
2017-10-21 00:00:00+02:00,0.03811474999999998,0.05292720638749766
2017-10-22 00:00:00+02:00,0.034877250000000005,0.04843152346475719
2017-10-23 00:00:00+02:00,0.0962705,0.13368390511619768
2017-10-24 00:00:00+02:00,0.08380675,0.11637639375610287
2017-10-25 00:00:00+02:00,0.06315024999999998,0.08769220092410615
2017-10-26 00:00:00+02:00,0.09734624999999997,0.13517772161168431
2017-10-27 00:00:00+02:00,0.06121775000000003,0.08500867744975996
2017-10-28 00:00:00+02:00,0.042692749999999995,0.05928434505014048
2017-10-29 00:00:00+02:00,0.035288999999999994,0.04900329101485398
2017-10-30 00:00:00+01:00,0.051773,0.07189343380974342
2017-10-31 00:00:00+01:00,0.06767725,0.09397851956232896
2017-11-01 00:00:00+01:00,0.06996199999999998,0.09715118722494867
2017-11-02 00:00:00+01:00,0.07288499999999999,0.10121014666376583
2017-11-03 00:00:00+01:00,0.11938225,0.1657775266728457
2017-11-04 00:00:00+01:00,0.04820074999999998,0.06693290768750099
2017-11-05 00:00:00+01:00,0.047751250000000016,0.06630871943305412
2017-11-06 00:00:00+01:00,0.12590375,0.17483346371706263
2017-11-07 00:00:00+01:00,0.1305605,0.18129995682917746
2017-11-08 00:00:00+01:00,0.143285,0.1989695529219687
2017-11-09 00:00:00+01:00,0.12765600000000002,0.17726668700706172
2017-11-10 00:00:00+01:00,0.07789649999999997,0.10816925553397863
2017-11-11 00:00:00+01:00,0.057908749999999974,0.08041370763003838
2017-11-12 00:00:00+01:00,0.049972,0.06939251490816638
2017-11-13 00:00:00+01:00,0.09272600000000002,0.1287619134190074
2017-11-14 00:00:00+01:00,0.0926375,0.1286390198472197
2017-11-15 00:00:00+01:00,0.129799,0.1802425166606317
2017-11-16 00:00:00+01:00,0.12748449999999997,0.17702853731710028
2017-11-17 00:00:00+01:00,0.09535949999999996,0.13241886507214617
2017-11-18 00:00:00+01:00,0.06076099999999996,0.08437442164282187
2017-11-19 00:00:00+01:00,0.04489650000000002,0.06234453385044612
2017-11-20 00:00:00+01:00,0.09423124999999999,0.13085214561034483
2017-11-21 00:00:00+01:00,0.12168949999999998,0.168981438463886
2017-11-22 00:00:00+01:00,0.072916,0.10125319412958976
2017-11-23 00:00:00+01:00,0.05335599999999999,0.07409163182262316
2017-11-24 00:00:00+01:00,0.07536050000000001,0.1046476951039957
2017-11-25 00:00:00+01:00,0.05493449999999998,0.07628358100981879
2017-11-26 00:00:00+01:00,0.04495875,0.062430975939076386
2017-11-27 00:00:00+01:00,0.06564274999999997,0.09115335603914265
2017-11-28 00:00:00+01:00,0.08910575000000001,0.12373473315613438
2017-11-29 00:00:00+01:00,0.15315199999999998,0.21267114470534493
2017-11-30 00:00:00+01:00,0.1606945,0.22314487086589174
2017-12-01 00:00:00+01:00,0.144849,0.2011413670041822
2017-12-02 00:00:00+01:00,0.06882425,0.09557127579781417
2017-12-03 00:00:00+01:00,0.05681875,0.07890010318655204
2017-12-04 00:00:00+01:00,0.07243549999999999,0.10058595840931892
2017-12-05 00:00:00+01:00,0.08033825000000004,0.11155993778157769
2017-12-06 00:00:00+01:00,0.08508349999999999,0.11814932446548014
2017-12-07 00:00:00+01:00,0.08224474999999999,0.11420735692974898
2017-12-08 00:00:00+01:00,0.08436199999999999,0.11714742941412654
2017-12-09 00:00:00+01:00,0.06081650000000001,0.08445149049292607
2017-12-10 00:00:00+01:00,0.05567775,0.07731567871864566
2017-12-11 00:00:00+01:00,0.09186524999999994,0.12756665192842848
2017-12-12 00:00:00+01:00,0.07721850000000001,0.10722776579757157
2017-12-13 00:00:00+01:00,0.067158,0.09325747450977823
2017-12-14 00:00:00+01:00,0.07434650000000001,0.10323962638317442
2017-12-15 00:00:00+01:00,0.11150474999999997,0.15483861015581452
2017-12-16 00:00:00+01:00,0.06655175000000002,0.09241561882733457
2017-12-17 00:00:00+01:00,0.06422475000000002,0.08918428163468063
2017-12-18 00:00:00+01:00,0.13155425,0.18267990583442023
2017-12-19 00:00:00+01:00,0.14636399999999994,0.2032451383178352
2017-12-20 00:00:00+01:00,0.1430984999999999,0.19871057381306012
2017-12-21 00:00:00+01:00,0.104297,0.14482972719476964
2017-12-22 00:00:00+01:00,0.07293650000000003,0.10128166100215079
2017-12-23 00:00:00+01:00,0.035497999999999995,0.04929351425218302
2017-12-24 00:00:00+01:00,0.02316474999999999,0.03216721883692761
2017-12-25 00:00:00+01:00,0.02693524999999999,0.03740304044625366
2017-12-26 00:00:00+01:00,0.028306249999999995,0.039306849338014975
2017-12-27 00:00:00+01:00,0.04194125000000001,0.05824079116089278
2017-12-28 00:00:00+01:00,0.05854849999999998,0.08130208234813051
2017-12-29 00:00:00+01:00,0.0518675,0.0720246591491099
2017-12-30 00:00:00+01:00,0.0343715,0.0477292248892588
2017-12-31 00:00:00+01:00,0.025836999999999995,0.035877979822346404
2018-01-01 00:00:00+01:00,0.06399224999999999,0.08886142564100113
2018-01-02 00:00:00+01:00,0.1138,0.15802585841169722
2018-01-03 00:00:00+01:00,0.08889799999999998,0.12344624570371755
2018-01-04 00:00:00+01:00,0.10925675000000003,0.15171697456961517
2018-01-05 00:00:00+01:00,0.11902549999999998,0.1652821336588881
2018-01-06 00:00:00+01:00,0.10353099999999996,0.1437660382005397
2018-01-07 00:00:00+01:00,0.09212049999999997,0.127921099207511
2018-01-08 00:00:00+01:00,0.13639174999999998,0.18939739344484713
2018-01-09 00:00:00+01:00,0.14677900000000002,0.20382141890870395
2018-01-10 00:00:00+01:00,0.18831149999999988,0.26149460840328914
2018-01-11 00:00:00+01:00,0.23479874999999997,0.3260481021330711
2018-01-12 00:00:00+01:00,0.20220675000000002,0.2807899406448986
2018-01-13 00:00:00+01:00,0.12732750000000004,0.17681052273212114
2018-01-14 00:00:00+01:00,0.11649025,0.1617616146998525
2018-01-15 00:00:00+01:00,0.12712299999999993,0.17652654832047607
2018-01-16 00:00:00+01:00,0.11886775000000001,0.16506307760296154
2018-01-17 00:00:00+01:00,0.1254765,0.17424017243405382
2018-01-18 00:00:00+01:00,0.12058875000000004,0.1674529062701543
2018-01-19 00:00:00+01:00,0.17881399999999992,0.24830611463997554
2018-01-20 00:00:00+01:00,0.12979725,0.18024008656175455
2018-01-21 00:00:00+01:00,0.06313174999999997,0.08766651130740477
2018-01-22 00:00:00+01:00,0.17235350000000002,0.23933488389947682
2018-01-23 00:00:00+01:00,0.16053924999999994,0.2229292863797896
2018-01-24 00:00:00+01:00,0.10354374999999999,0.14378374320664475
2018-01-25 00:00:00+01:00,0.152449,0.21169493927069272
2018-01-26 00:00:00+01:00,0.18775374999999997,0.2607201011754411
2018-01-27 00:00:00+01:00,0.11335750000000001,0.15741139055275896
2018-01-28 00:00:00+01:00,0.06792825,0.09432706517270976
2018-01-29 00:00:00+01:00,0.09606825000000004,0.1334030551173949
2018-01-30 00:00:00+01:00,0.15528874999999998,0.21563829543435364
2018-01-31 00:00:00+01:00,0.12118350000000006,0.16827879273140528
2018-02-01 00:00:00+01:00,0.14086724999999997,0.195612197744685
2018-02-02 00:00:00+01:00,0.16209024999999994,0.22508304829891562
2018-02-03 00:00:00+01:00,0.16938300000000006,0.23520996463399405
2018-02-04 00:00:00+01:00,0.14144250000000003,0.19641100596130484
2018-02-05 00:00:00+01:00,0.23149775000000003,0.32146424133678814
2018-02-06 00:00:00+01:00,0.25601625,0.3555113152336879
2018-02-07 00:00:00+01:00,0.2638415,0.36637767594138676
2018-02-08 00:00:00+01:00,0.2547345000000001,0.3537314413846617
2018-02-09 00:00:00+01:00,0.19894099999999992,0.276255028983141
2018-02-10 00:00:00+01:00,0.17323375000000008,0.24055722363468687
2018-02-11 00:00:00+01:00,0.1154845,0.1603650021594521
2018-02-12 00:00:00+01:00,0.1529374999999999,0.21237328401440184
2018-02-13 00:00:00+01:00,0.17767524999999998,0.2467248145849113
2018-02-14 00:00:00+01:00,0.18288174999999995,0.2539547059014359
2018-02-15 00:00:00+01:00,0.16004524999999994,0.2222433041824664
2018-02-16 00:00:00+01:00,0.18746050000000006,0.26031288603502617
2018-02-17 00:00:00+01:00,0.17547625,0.2436712217672723
2018-02-18 00:00:00+01:00,0.13239100000000004,0.18384184025468378
2018-02-19 00:00:00+01:00,0.21956399999999998,0.3048927027794893
2018-02-20 00:00:00+01:00,0.24487800000000004,0.34004443019454833
2018-02-21 00:00:00+01:00,0.23780825000000008,0.3302271778878164
2018-02-22 00:00:00+01:00,0.19240649999999998,0.26718103977583674
2018-02-23 00:00:00+01:00,0.15914749999999997,0.2209966634584849
2018-02-24 00:00:00+01:00,0.12386674999999996,0.17200482862405175
2018-02-25 00:00:00+01:00,0.12745,0.17698062965352207
2018-02-26 00:00:00+01:00,0.16012375000000004,0.22235231147495615
2018-02-27 00:00:00+01:00,0.17446874999999998,0.2422721791279947
2018-02-28 00:00:00+01:00,0.14933824999999992,0.20737526493805475
2018-03-01 00:00:00+01:00,0.13563549999999996,0.1883472435729328
2018-03-02 00:00:00+01:00,0.13119749999999997,0.18218451282046258
2018-03-03 00:00:00+01:00,0.11684800000000002,0.1622583963417399
2018-03-04 00:00:00+01:00,0.10732574999999996,0.14903553403716352
2018-03-05 00:00:00+01:00,0.14836375000000007,0.20602204702046095
2018-03-06 00:00:00+01:00,0.20591799999999988,0.2859434860493836
2018-03-07 00:00:00+01:00,0.20201575,0.280524712710306
2018-03-08 00:00:00+01:00,0.11757199999999995,0.16326376296291792
2018-03-09 00:00:00+01:00,0.12906425000000002,0.17922222228920823
2018-03-10 00:00:00+01:00,0.10258125000000004,0.14244718882420845
2018-03-11 00:00:00+01:00,0.084335,0.11710993646002184
2018-03-12 00:00:00+01:00,0.12229325000000002,0.16981982257650524
2018-03-13 00:00:00+01:00,0.10937025000000002,0.15187458383964791
2018-03-14 00:00:00+01:00,0.12362800000000002,0.17167329370581114
2018-03-15 00:00:00+01:00,0.11302925,0.1569555734348008
2018-03-16 00:00:00+01:00,0.12408624999999998,0.17230963245464379
2018-03-17 00:00:00+01:00,0.08595325,0.1193570836074272
2018-03-18 00:00:00+01:00,0.07984749999999997,0.11087846862502627
2018-03-19 00:00:00+01:00,0.15943975000000013,0.22140248997097034
2018-03-20 00:00:00+01:00,0.17000075000000003,0.23606778953763044
2018-03-21 00:00:00+01:00,0.19462074999999987,0.2702558091694051
2018-03-22 00:00:00+01:00,0.165899,0.23037198492655675
2018-03-23 00:00:00+01:00,0.19657549999999996,0.27297022961518963
2018-03-24 00:00:00+01:00,0.12404050000000004,0.17224610272685534
2018-03-25 00:00:00+01:00,0.09868974999999999,0.13704334323537606
2018-03-26 00:00:00+02:00,0.18505475,0.25697219439290003
2018-03-27 00:00:00+02:00,0.1815345,0.25208387692300743
2018-03-28 00:00:00+02:00,0.14073574999999997,0.19542959317191574
2018-03-29 00:00:00+02:00,0.09767825,0.13563874608437929
2018-03-30 00:00:00+02:00,0.0842545,0.11699815191167262
2018-03-31 00:00:00+02:00,0.09014725,0.12518098914502523
2018-04-01 00:00:00+02:00,0.08186974999999996,0.11368662145607243
2018-04-02 00:00:00+02:00,0.08149624999999996,0.11316796892429064
2018-04-03 00:00:00+02:00,0.09920050000000002,0.1377525849505235
2018-04-04 00:00:00+02:00,0.10676025,0.1482502649428594
2018-04-05 00:00:00+02:00,0.09124550000000001,0.12670604976893252
2018-04-06 00:00:00+02:00,0.045608249999999975,0.06333288977948406
2018-04-07 00:00:00+02:00,0.031497249999999984,0.043737961062019576
2018-04-08 00:00:00+02:00,0.07221224999999999,0.10027594722399018
2018-04-09 00:00:00+02:00,0.11973675,0.16626979527396124
2018-04-10 00:00:00+02:00,0.03403275000000001,0.0472588271780377
2018-04-11 00:00:00+02:00,0.04857424999999999,0.06745156021928281
2018-04-12 00:00:00+02:00,0.08600800000000003,0.119433110986584
2018-04-13 00:00:00+02:00,0.09533074999999999,0.13237894201916436
2018-04-14 00:00:00+02:00,0.06121250000000002,0.08500138715312847
2018-04-15 00:00:00+02:00,0.05848549999999999,0.08121459878855287
2018-04-16 00:00:00+02:00,0.11422699999999997,0.1586188025377235
2018-04-17 00:00:00+02:00,0.10245725000000003,0.14227499896091275
2018-04-18 00:00:00+02:00,0.09396349999999996,0.13048034048213977
2018-04-19 00:00:00+02:00,0.09072925000000004,0.12598917060017123
2018-04-20 00:00:00+02:00,0.08327850000000002,0.11564285105218393
2018-04-21 00:00:00+02:00,0.05149799999999999,0.07151156112904729
2018-04-22 00:00:00+02:00,0.048384500000000004,0.06718806806960251
2018-04-23 00:00:00+02:00,0.07370649999999998,0.10235090450809982
2018-04-24 00:00:00+02:00,0.07135925000000001,0.09909144759986738
2018-04-25 00:00:00+02:00,0.05895125000000001,0.08186135224685911
2018-04-26 00:00:00+02:00,0.0684585,0.09506338513248837
2018-04-27 00:00:00+02:00,0.07895974999999998,0.10964571418034277
2018-04-28 00:00:00+02:00,0.06468924999999999,0.08982929930807455
2018-04-29 00:00:00+02:00,0.04804274999999999,0.06671350447459196
2018-04-30 00:00:00+02:00,0.059467749999999986,0.08257857857260287
2018-05-01 00:00:00+02:00,0.050599,0.07026318462015349
2018-05-02 00:00:00+02:00,0.08150174999999998,0.1131756063779046
2018-05-03 00:00:00+02:00,0.08476499999999998,0.11770704646983754
2018-05-04 00:00:00+02:00,0.08433599999999998,0.11711132508795162
2018-05-05 00:00:00+02:00,0.06044225,0.0839317964901969
2018-05-06 00:00:00+02:00,0.05294425,0.07351986427252637
2018-05-07 00:00:00+02:00,0.06558650000000002,0.09107524571809124
2018-05-08 00:00:00+02:00,0.06271225000000001,0.08708398189085204
2018-05-09 00:00:00+02:00,0.07309649999999998,0.10150384147091936
2018-05-10 00:00:00+02:00,0.049577750000000004,0.06884504834684115
2018-05-11 00:00:00+02:00,0.06578599999999998,0.09135227699008709
2018-05-12 00:00:00+02:00,0.05270399999999997,0.07318624641239092
2018-05-13 00:00:00+02:00,0.046421000000000004,0.06446149712943232
2018-05-14 00:00:00+02:00,0.07188649999999998,0.0998236016758565
2018-05-15 00:00:00+02:00,0.07611349999999999,0.1056933319351381
2018-05-16 00:00:00+02:00,0.08194775,0.1137949344345972
2018-05-17 00:00:00+02:00,0.07146850000000003,0.09924315520119849
2018-05-18 00:00:00+02:00,0.07784849999999997,0.10810260139334804
2018-05-19 00:00:00+02:00,0.06516675,0.09049236914455597
2018-05-20 00:00:00+02:00,0.051610500000000004,0.07166778177115027
2018-05-21 00:00:00+02:00,0.04946175000000001,0.0686839675069839
2018-05-22 00:00:00+02:00,0.078318,0.10875456220639107
2018-05-23 00:00:00+02:00,0.07869824999999998,0.10928258797669903
2018-05-24 00:00:00+02:00,0.07964874999999999,0.11060247882397775
2018-05-25 00:00:00+02:00,0.07093799999999997,0.09850648808443738
2018-05-26 00:00:00+02:00,0.0547685,0.07605306877347134
2018-05-27 00:00:00+02:00,0.05234849999999998,0.0726925891833456
2018-05-28 00:00:00+02:00,0.07770274999999999,0.10790020887257913
2018-05-29 00:00:00+02:00,0.07745875000000003,0.10756138365770701
2018-05-30 00:00:00+02:00,0.08893449999999996,0.12349693062315537
2018-05-31 00:00:00+02:00,0.059271250000000025,0.08230571318439643
2018-06-01 00:00:00+02:00,0.0670225,0.09306931542528979
2018-06-02 00:00:00+02:00,0.06336324999999998,0.0879879786731544
2018-06-03 00:00:00+02:00,0.05858125,0.08134755991283162
2018-06-04 00:00:00+02:00,0.03457724999999999,0.04801493508581596
2018-06-05 00:00:00+02:00,0.04738825000000001,0.06580464749453525
2018-06-06 00:00:00+02:00,0.09799599999999994,0.13607998260907445
2018-06-07 00:00:00+02:00,0.11188825000000002,0.15537114896689444
2018-06-08 00:00:00+02:00,0.12049699999999995,0.16732549965759466
2018-06-09 00:00:00+02:00,0.07653450000000002,0.10627794429358563
2018-06-10 00:00:00+02:00,0.06502599999999999,0.09029691976343604
2018-06-11 00:00:00+02:00,0.12129324999999999,0.16843119464670117
2018-06-12 00:00:00+02:00,0.12059450000000001,0.16746089088075064
2018-06-13 00:00:00+02:00,0.12248799999999999,0.1700902578658345
2018-06-14 00:00:00+02:00,0.10035825000000001,0.13936026893625408
2018-06-15 00:00:00+02:00,0.10908175,0.15147396468189944
2018-06-16 00:00:00+02:00,0.06567224999999995,0.09119432056307183
2018-06-17 00:00:00+02:00,0.030219249999999986,0.04196329456773005
2018-06-18 00:00:00+02:00,0.035190250000000006,0.048866164006785846
2018-06-19 00:00:00+02:00,0.09857225000000003,0.13688017945362413
2018-06-20 00:00:00+02:00,0.09772674999999996,0.13570609453897475
2018-06-21 00:00:00+02:00,0.0879665,0.12215273878710514
2018-06-22 00:00:00+02:00,0.08385775000000005,0.11644721378052295
2018-06-23 00:00:00+02:00,0.061509249999999994,0.08541346249129778
2018-06-24 00:00:00+02:00,0.06547349999999999,0.09091833076202335
2018-06-25 00:00:00+02:00,0.11027649999999997,0.15313302790103273
2018-06-26 00:00:00+02:00,0.1263565,0.1754621650122814
2018-06-27 00:00:00+02:00,0.09272649999999999,0.12876260773297224
2018-06-28 00:00:00+02:00,0.10355075000000001,0.14379346360215342
2018-06-29 00:00:00+02:00,0.0785875,0.10912879743347326
2018-06-30 00:00:00+02:00,0.0577875,0.08024533649354967
2018-07-01 00:00:00+02:00,0.05801849999999999,0.08056610954533439
2018-07-02 00:00:00+02:00,0.09507550000000002,0.13202449474008193
2018-07-03 00:00:00+02:00,0.11721099999999994,0.16276246828025864
2018-07-04 00:00:00+02:00,0.12548774999999995,0.1742557944982641
2018-07-05 00:00:00+02:00,0.12545324999999996,0.17420788683468585
2018-07-06 00:00:00+02:00,0.03713850000000002,0.05157155837102654
2018-07-07 00:00:00+02:00,0.03722825,0.051696187727726425
2018-07-08 00:00:00+02:00,0.06469475,0.08983693676168848
2018-07-09 00:00:00+02:00,0.09520724999999994,0.13220744646983348
2018-07-10 00:00:00+02:00,0.12657225000000003,0.17576176148813663
2018-07-11 00:00:00+02:00,0.14548199999999997,0.20202036848374808
2018-07-12 00:00:00+02:00,0.14290125,0.1984366669539064
2018-07-13 00:00:00+02:00,0.1408885,0.19564170608819337
2018-07-14 00:00:00+02:00,0.09458625000000002,0.1313451085254253
2018-07-15 00:00:00+02:00,0.07707224999999998,0.10702467896283768
2018-07-16 00:00:00+02:00,0.1345425,0.18682947324565707
2018-07-17 00:00:00+02:00,0.13238250000000001,0.18383003691728042
2018-07-18 00:00:00+02:00,0.12995674999999998,0.18046157271655827
2018-07-19 00:00:00+02:00,0.12731724999999997,0.17679628929584054
2018-07-20 00:00:00+02:00,0.12869599999999995,0.1787108600540578
2018-07-21 00:00:00+02:00,0.11261274999999998,0.15637720990203738
2018-07-22 00:00:00+02:00,0.0693965,0.09636591813064452
2018-07-23 00:00:00+02:00,0.1306405,0.1814110470635618
2018-07-24 00:00:00+02:00,0.15653100000000003,0.21736331848015275
2018-07-25 00:00:00+02:00,0.15498875000000004,0.21522170705541252
2018-07-26 00:00:00+02:00,0.15065599999999998,0.2092051293925541
2018-07-27 00:00:00+02:00,0.12787774999999998,0.17757461525049573
2018-07-28 00:00:00+02:00,0.061160250000000006,0.0849288313437962
2018-07-29 00:00:00+02:00,0.053193250000000004,0.07386563262704758
2018-07-30 00:00:00+02:00,0.063336,0.08795013856206728
2018-07-31 00:00:00+02:00,0.13442399999999993,0.1866649208359752
2018-08-01 00:00:00+02:00,0.07169325,0.0995552493284219
2018-08-02 00:00:00+02:00,0.08447925000000005,0.11731024603889614
2018-08-03 00:00:00+02:00,0.08489574999999999,0.11788860957165943
2018-08-04 00:00:00+02:00,0.057508750000000004,0.07985825645811681
2018-08-05 00:00:00+02:00,0.08608874999999998,0.1195452426919156
2018-08-06 00:00:00+02:00,0.153472,0.21311550564288223
2018-08-07 00:00:00+02:00,0.14858800000000005,0.20633344683371949
2018-08-08 00:00:00+02:00,0.14512674999999994,0.20152705841168517
2018-08-09 00:00:00+02:00,0.1305445,0.1812777387823006
2018-08-10 00:00:00+02:00,0.07930074999999993,0.11011923630440587
2018-08-11 00:00:00+02:00,0.0539,0.07484704541643657
2018-08-12 00:00:00+02:00,0.06232350000000002,0.08654415278314073
2018-08-13 00:00:00+02:00,0.12454074999999999,0.17294076384873971
2018-08-14 00:00:00+02:00,0.13050149999999996,0.18121802778131899
2018-08-15 00:00:00+02:00,0.12420124999999999,0.17246932466657125
2018-08-16 00:00:00+02:00,0.13308324999999996,0.1848031179390905
2018-08-17 00:00:00+02:00,0.14544400000000002,0.2019676006224156
2018-08-18 00:00:00+02:00,0.08265275,0.11477391712510904
2018-08-19 00:00:00+02:00,0.031466499999999994,0.04369526075317812
2018-08-20 00:00:00+02:00,0.06641274999999999,0.09222259954509178
2018-08-21 00:00:00+02:00,0.17717750000000007,0.24603362503285148
2018-08-22 00:00:00+02:00,0.08990525000000002,0.1248449411860127
2018-08-23 00:00:00+02:00,0.07877224999999996,0.10938534644350449
2018-08-24 00:00:00+02:00,0.06378075000000002,0.08856773083384764
2018-08-25 00:00:00+02:00,0.07833675,0.10878059898007489
2018-08-26 00:00:00+02:00,0.06510700000000001,0.0904093986257502
2018-08-27 00:00:00+02:00,0.09230825000000001,0.12818181410133175
2018-08-28 00:00:00+02:00,0.08182974999999997,0.11363107633888028
2018-08-29 00:00:00+02:00,0.08442925000000001,0.11724081464240589
2018-08-30 00:00:00+02:00,0.14293850000000002,0.19848839334429164
2018-08-31 00:00:00+02:00,0.176936,0.2456982713878037
2018-09-01 00:00:00+02:00,0.10455725,0.14519111761350115
2018-09-02 00:00:00+02:00,0.0680415,0.09448432728576009
2018-09-03 00:00:00+02:00,0.13996425,0.19435826672407203
2018-09-04 00:00:00+02:00,0.14597825000000006,0.20270947509391346
2018-09-05 00:00:00+02:00,0.15422400000000003,0.2141597538460949
2018-09-06 00:00:00+02:00,0.15902124999999998,0.22082134918234714
2018-09-07 00:00:00+02:00,0.13862475000000005,0.19249819961209957
2018-09-08 00:00:00+02:00,0.06471475,0.08986470932028456
2018-09-09 00:00:00+02:00,0.06389924999999999,0.08873228324352937
2018-09-10 00:00:00+02:00,0.10656600000000001,0.14798052396749498
2018-09-11 00:00:00+02:00,0.08631124999999996,0.11985421240629698
2018-09-12 00:00:00+02:00,0.10647499999999999,0.1478541588258828
2018-09-13 00:00:00+02:00,0.16316775,0.22657929489327952
2018-09-14 00:00:00+02:00,0.13878699999999994,0.19272350449371015
2018-09-15 00:00:00+02:00,0.069534,0.09655685447099258
2018-09-16 00:00:00+02:00,0.059860249999999976,0.08312361503505092
2018-09-17 00:00:00+02:00,0.12194724999999997,0.16933935731279295
2018-09-18 00:00:00+02:00,0.075863,0.1053454806387222
2018-09-19 00:00:00+02:00,0.08997300000000001,0.12493902072825691
2018-09-20 00:00:00+02:00,0.09307449999999999,0.12924585025254404
2018-09-21 00:00:00+02:00,0.06305074999999999,0.08755403244509066
2018-09-22 00:00:00+02:00,0.05592299999999998,0.07765623971843007
2018-09-23 00:00:00+02:00,0.05943125,0.08252789365316503
2018-09-24 00:00:00+02:00,0.06092524999999999,0.08460250378029223
2018-09-25 00:00:00+02:00,0.08290974999999998,0.11513079450306864
2018-09-26 00:00:00+02:00,0.08128775,0.11287844000092656
2018-09-27 00:00:00+02:00,0.0856685,0.1189616718044155
2018-09-28 00:00:00+02:00,0.09349724999999999,0.1298328927098687
2018-09-29 00:00:00+02:00,0.0849655,0.11798546636976327
2018-09-30 00:00:00+02:00,0.07402425000000003,0.1027921410327951
2018-10-01 00:00:00+02:00,0.11098799999999998,0.1541210366730883
2018-10-02 00:00:00+02:00,0.08163925,0.11336654271825265
2018-10-03 00:00:00+02:00,0.06445099999999997,0.0894984587037987
2018-10-04 00:00:00+02:00,0.12838524999999998,0.17827934392487124
2018-10-05 00:00:00+02:00,0.11378324999999993,0.15800259889387291
2018-10-06 00:00:00+02:00,0.0901155,0.12513690020825396
2018-10-07 00:00:00+02:00,0.08013299999999998,0.11127492189898533
2018-10-08 00:00:00+02:00,0.14641050000000003,0.20330970951657118
2018-10-09 00:00:00+02:00,0.19062450000000003,0.264706504804926
2018-10-10 00:00:00+02:00,0.13986875000000001,0.19422565275677575
2018-10-11 00:00:00+02:00,0.10807225000000001,0.15007214478676228
2018-10-12 00:00:00+02:00,0.11621674999999995,0.16138182496105102
2018-10-13 00:00:00+02:00,0.07736800000000002,0.10743536567307728
2018-10-14 00:00:00+02:00,0.06634075,0.0921226183341459
2018-10-15 00:00:00+02:00,0.15794825,0.21933135141366747
2018-10-16 00:00:00+02:00,0.19644425,0.27278797219940293
2018-10-17 00:00:00+02:00,0.20429525000000007,0.28369009007629437
2018-10-18 00:00:00+02:00,0.19427600000000006,0.26977707969060544
2018-10-19 00:00:00+02:00,0.20495324999999998,0.2846038072541053
2018-10-20 00:00:00+02:00,0.13331725,0.1851280568746647
2018-10-21 00:00:00+02:00,0.09679624999999999,0.13441397625029214
2018-10-22 00:00:00+02:00,0.13206775000000004,0.18339296627637464
2018-10-23 00:00:00+02:00,0.09181925000000005,0.12750277504365762
2018-10-24 00:00:00+02:00,0.120239,0.1669672336517053
2018-10-25 00:00:00+02:00,0.11723275000000001,0.16279267093773198
2018-10-26 00:00:00+02:00,0.13205499999999995,0.1833752612702695
2018-10-27 00:00:00+02:00,0.09601174999999999,0.1333245976393609
2018-10-28 00:00:00+02:00,0.07909275,0.10983040169500674
2018-10-29 00:00:00+01:00,0.12003924999999997,0.16668985522272692
2018-10-30 00:00:00+01:00,0.10060424999999998,0.13970187140698584
2018-10-31 00:00:00+01:00,0.1208855,0.1678649816083236
2018-11-01 00:00:00+01:00,0.11832799999999997,0.1643135656778498
2018-11-02 00:00:00+01:00,0.14722599999999997,0.20444213559332627
2018-11-03 00:00:00+01:00,0.13159225,0.18273267369575275
2018-11-04 00:00:00+01:00,0.11225025,0.15587383227748344
2018-11-05 00:00:00+01:00,0.19328850000000003,0.26840580960992394
2018-11-06 00:00:00+01:00,0.19798624999999992,0.2749292364671606
2018-11-07 00:00:00+01:00,0.17795749999999994,0.24711675481809842
2018-11-08 00:00:00+01:00,0.21002349999999995,0.29164449801519404
2018-11-09 00:00:00+01:00,0.20133674999999995,0.279581834345969
2018-11-10 00:00:00+01:00,0.09971274999999993,0.1384639096075655
2018-11-11 00:00:00+01:00,0.08968874999999998,0.12454430323921008
2018-11-12 00:00:00+01:00,0.13930325000000005,0.1934403836624716
2018-11-13 00:00:00+01:00,0.13536125,0.1879664123631841
2018-11-14 00:00:00+01:00,0.1873622499999999,0.2601764533409227
2018-11-15 00:00:00+01:00,0.2018204999999999,0.28025358310701165
2018-11-16 00:00:00+01:00,0.14477250000000003,0.2010351369675522
2018-11-17 00:00:00+01:00,0.08930575000000002,0.12401245874209518
2018-11-18 00:00:00+01:00,0.09849025000000003,0.1367663119633802
2018-11-19 00:00:00+01:00,0.13486949999999998,0.18728355457870294
2018-11-20 00:00:00+01:00,0.131885,0.1831391945222029
2018-11-21 00:00:00+01:00,0.19518749999999999,0.27104281404862174
2018-11-22 00:00:00+01:00,0.26489625,0.36784233125034754
2018-11-23 00:00:00+01:00,0.27049375,0.3756151760874255
2018-11-24 00:00:00+01:00,0.19597599999999998,0.2721377471712722
2018-11-25 00:00:00+01:00,0.14769375,0.20509166630749218
2018-11-26 00:00:00+01:00,0.23739875000000002,0.3296585347505616
2018-11-27 00:00:00+01:00,0.26403075,0.3666404737771022
2018-11-28 00:00:00+01:00,0.17869425,0.2481398264453816
2018-11-29 00:00:00+01:00,0.145081,0.2014635286838967
2018-11-30 00:00:00+01:00,0.19101075000000006,0.2652428623428129
2018-12-01 00:00:00+01:00,0.13618475000000002,0.18910994746337775
2018-12-02 00:00:00+01:00,0.10544249999999993,0.14642040048836005
2018-12-03 00:00:00+01:00,0.13656499999999996,0.18963797323368564
2018-12-04 00:00:00+01:00,0.17138274999999994,0.23798687333661947
2018-12-05 00:00:00+01:00,0.20388699999999996,0.2831231827239517
2018-12-06 00:00:00+01:00,0.17099775000000006,0.23745225158364508
2018-12-07 00:00:00+01:00,0.12613574999999996,0.1751556253967771
2018-12-08 00:00:00+01:00,0.05562449999999998,0.07724173428138356
2018-12-09 00:00:00+01:00,0.059050000000000005,0.08199847925492726
2018-12-10 00:00:00+01:00,0.12932399999999997,0.17958291839397475
2018-12-11 00:00:00+01:00,0.20239199999999996,0.2810471839688947
2018-12-12 00:00:00+01:00,0.2506054999999999,0.3479977966625007
2018-12-13 00:00:00+01:00,0.24004049999999996,0.33332694258412127
2018-12-14 00:00:00+01:00,0.24952825000000003,0.3465018972251195
2018-12-15 00:00:00+01:00,0.18259725000000004,0.25355964125540675
2018-12-16 00:00:00+01:00,0.15328250000000004,0.21285236065018442
2018-12-17 00:00:00+01:00,0.22886174999999995,0.31780381811382463
2018-12-18 00:00:00+01:00,0.2137657500000001,0.29684109088550337
2018-12-19 00:00:00+01:00,0.19294375,0.267927080131124
2018-12-20 00:00:00+01:00,0.1761272500000001,0.24457521854957484
2018-12-21 00:00:00+01:00,0.11836,0.16435800177160356
2018-12-22 00:00:00+01:00,0.09707575,0.1348020977566724
2018-12-23 00:00:00+01:00,0.08997925000000004,0.12494769965281823
2018-12-24 00:00:00+01:00,0.09390650000000002,0.13040118869014103
2018-12-25 00:00:00+01:00,0.08057325000000004,0.11188626534508164
2018-12-26 00:00:00+01:00,0.100392,0.13940713512888495
2018-12-27 00:00:00+01:00,0.15513225000000005,0.2154209751633394
2018-12-28 00:00:00+01:00,0.16400425,0.22774088215656058
2018-12-29 00:00:00+01:00,0.12282024999999995,0.17055162949551186
2018-12-30 00:00:00+01:00,0.09942474999999999,0.138063984763782
2018-12-31 00:00:00+01:00,0.09751225000000002,0.13540823384803186
2019-01-01 00:00:00+01:00,0.06859799999999998,0.09525709872869599
2019-01-02 00:00:00+01:00,0.10856699999999997,0.15075916845503276
2019-01-03 00:00:00+01:00,0.19793874999999997,0.274863276640495
2019-01-04 00:00:00+01:00,0.16791999999999982,0.23317840197269044
2019-01-05 00:00:00+01:00,0.13145850000000003,0.18254694471014152
2019-01-06 00:00:00+01:00,0.15598874999999998,0.21661033498521645
2019-01-07 00:00:00+01:00,0.19126749999999995,0.2655993925637899
2019-01-08 00:00:00+01:00,0.12623099999999998,0.17528789220709096
2019-01-09 00:00:00+01:00,0.15665200000000004,0.21753134245965905
2019-01-10 00:00:00+01:00,0.24590574999999998,0.34147159254940435
2019-01-11 00:00:00+01:00,0.215405,0.2991173992194345
2019-01-12 00:00:00+01:00,0.1278265,0.1775034480690933
2019-01-13 00:00:00+01:00,0.07995725000000001,0.11103087054032232
2019-01-14 00:00:00+01:00,0.14477550000000003,0.2010393028513416
2019-01-15 00:00:00+01:00,0.16341575000000003,0.22692367461987095
2019-01-16 00:00:00+01:00,0.17660400000000004,0.24523724691510881
2019-01-17 00:00:00+01:00,0.16174924999999998,0.2246095261748525
2019-01-18 00:00:00+01:00,0.22521775,0.3127436579376188
2019-01-19 00:00:00+01:00,0.18088425000000002,0.25118092161165245
2019-01-20 00:00:00+01:00,0.18588400000000002,0.25812371410369006
2019-01-21 00:00:00+01:00,0.26225300000000007,0.3641718404748932
2019-01-22 00:00:00+01:00,0.25259325000000005,0.3507580418299688
2019-01-23 00:00:00+01:00,0.284159,0.3945911239051799
2019-01-24 00:00:00+01:00,0.29841325,0.41438497357358883
2019-01-25 00:00:00+01:00,0.27084400000000003,0.37610154301983945
2019-01-26 00:00:00+01:00,0.14869425,0.20648098855126107
2019-01-27 00:00:00+01:00,0.11185774999999995,0.1553287958150353
2019-01-28 00:00:00+01:00,0.18770775000000003,0.2606562242906702
2019-01-29 00:00:00+01:00,0.23926200000000003,0.33224589574076896
2019-01-30 00:00:00+01:00,0.22972599999999996,0.31900393980215774
2019-01-31 00:00:00+01:00,0.24290475000000003,0.3373043201320625
2019-02-01 00:00:00+01:00,0.23517650000000007,0.3265726563335547
2019-02-02 00:00:00+01:00,0.17994000000000007,0.24986970968893507
2019-02-03 00:00:00+01:00,0.1692485,0.2350231941774353
2019-02-04 00:00:00+01:00,0.18425750000000002,0.2558651107758638
2019-02-05 00:00:00+01:00,0.23783475000000004,0.3302639765279562
2019-02-06 00:00:00+01:00,0.23061925000000005,0.3202443317004553
2019-02-07 00:00:00+01:00,0.15824399999999994,0.2197420381239069
2019-02-08 00:00:00+01:00,0.13506474999999996,0.18755468418199717
2019-02-09 00:00:00+01:00,0.07247574999999999,0.10064185068349353
2019-02-10 00:00:00+01:00,0.08140900000000001,0.1130468111374153
2019-02-11 00:00:00+01:00,0.12248149999999998,0.17008123178429077
2019-02-12 00:00:00+01:00,0.19173850000000003,0.2662534363187277
2019-02-13 00:00:00+01:00,0.19784625,0.27473482855698816
2019-02-14 00:00:00+01:00,0.19550125000000007,0.27147849606159785
2019-02-15 00:00:00+01:00,0.1788452499999999,0.24834950926278188
2019-02-16 00:00:00+01:00,0.11137374999999998,0.1546566998970102
2019-02-17 00:00:00+01:00,0.10917724999999996,0.15160657864919566
2019-02-18 00:00:00+01:00,0.15303574999999997,0.2125097167085052
2019-02-19 00:00:00+01:00,0.15408624999999995,0.2139684703487643
2019-02-20 00:00:00+01:00,0.17745924999999996,0.2464248709520736
2019-02-21 00:00:00+01:00,0.17174475000000006,0.23848955664720867
2019-02-22 00:00:00+01:00,0.17598424999999995,0.24437664475561266
2019-02-23 00:00:00+01:00,0.11221175,0.155820370102186
2019-02-24 00:00:00+01:00,0.11311675,0.15707707837865864
2019-02-25 00:00:00+01:00,0.16827799999999998,0.2336755307715605
2019-02-26 00:00:00+01:00,0.17775049999999995,0.246829308836629
2019-02-27 00:00:00+01:00,0.16498450000000003,0.22910208468475102
2019-02-28 00:00:00+01:00,0.11502274999999994,0.159723803212865
2019-03-01 00:00:00+01:00,0.1568565,0.21781531687130393
2019-03-02 00:00:00+01:00,0.11917674999999998,0.16549216363327096
2019-03-03 00:00:00+01:00,0.06780824999999999,0.09416042982113328
2019-03-04 00:00:00+01:00,0.10681325000000003,0.14832386222313904
2019-03-05 00:00:00+01:00,0.12866624999999995,0.17866954837314614
2019-03-06 00:00:00+01:00,0.11819975,0.16413547414585247
2019-03-07 00:00:00+01:00,0.10983499999999997,0.15251994867002427
2019-03-08 00:00:00+01:00,0.113452,0.15754261589212543
2019-03-09 00:00:00+01:00,0.08672499999999998,0.12042875721225342
2019-03-10 00:00:00+01:00,0.09369625000000002,0.13010922966789973
2019-03-11 00:00:00+01:00,0.11029575000000003,0.15315975898868153
2019-03-12 00:00:00+01:00,0.1076665,0.1495087090042443
2019-03-13 00:00:00+01:00,0.09588224999999997,0.13314477032245126
2019-03-14 00:00:00+01:00,0.09636349999999998,0.13381304751366943
2019-03-15 00:00:00+01:00,0.10032699999999996,0.13931687431344764
2019-03-16 00:00:00+01:00,0.07721025000000001,0.10721630961715067
2019-03-17 00:00:00+01:00,0.061395999999999985,0.08525620037824747
2019-03-18 00:00:00+01:00,0.11197874999999996,0.1554968197945416
2019-03-19 00:00:00+01:00,0.18278599999999992,0.2538217447771571
2019-03-20 00:00:00+01:00,0.17258149999999994,0.23965149106747202
2019-03-21 00:00:00+01:00,0.16757600000000003,0.23270071396483813
2019-03-22 00:00:00+01:00,0.16740275000000002,0.23246013417599956
2019-03-23 00:00:00+01:00,0.11168999999999998,0.15509585347981072
2019-03-24 00:00:00+01:00,0.09585675000000003,0.13310936031024134
2019-03-25 00:00:00+01:00,0.10258149999999996,0.1424475359811908
2019-03-26 00:00:00+01:00,0.12164299999999993,0.16891686726515004
2019-03-27 00:00:00+01:00,0.16237950000000004,0.22548470892761158
2019-03-28 00:00:00+01:00,0.17913149999999997,0.24874700400768837
2019-03-29 00:00:00+01:00,0.16043399999999997,0.22278313329017774
2019-03-30 00:00:00+01:00,0.09012175000000001,0.12514557913281527
2019-03-31 00:00:00+01:00,0.07117749999999999,0.09883906447362546
2019-04-01 00:00:00+02:00,0.12811775,0.1779078859536487
2019-04-02 00:00:00+02:00,0.11266175000000003,0.15644525267059786
2019-04-03 00:00:00+02:00,0.17104799999999998,0.23752203013711762
2019-04-04 00:00:00+02:00,0.20126324999999998,0.2794797701931285
2019-04-05 00:00:00+02:00,0.19118874999999994,0.2654900381143178
2019-04-06 00:00:00+02:00,0.10148899999999995,0.1409304599678799
2019-04-07 00:00:00+02:00,0.08821700000000002,0.12250059008352107
2019-04-08 00:00:00+02:00,0.14219099999999996,0.19745039396676303
2019-04-09 00:00:00+02:00,0.1567855,0.21771672428828784
2019-04-10 00:00:00+02:00,0.16652225000000004,0.23123744728380716
2019-04-11 00:00:00+02:00,0.16938725000000002,0.23521586630269564
2019-04-12 00:00:00+02:00,0.18249174999999995,0.2534131410088123
2019-04-13 00:00:00+02:00,0.13314725,0.18489199012659802
2019-04-14 00:00:00+02:00,0.10345725,0.1436636268907167
2019-04-15 00:00:00+02:00,0.116938,0.16238337285542223
2019-04-16 00:00:00+02:00,0.14243424999999998,0.1977881777106879
2019-04-17 00:00:00+02:00,0.1563695,0.21713905506948936
2019-04-18 00:00:00+02:00,0.10826874999999998,0.15034501017496874
2019-04-19 00:00:00+02:00,0.071928,0.0998812297349434
2019-04-20 00:00:00+02:00,0.08061074999999994,0.11193833889244914
2019-04-21 00:00:00+02:00,0.062070500000000015,0.0861928299169003
2019-04-22 00:00:00+02:00,0.04930849999999999,0.0684711602767414
2019-04-23 00:00:00+02:00,0.07927675000000003,0.11008590923409071
2019-04-24 00:00:00+02:00,0.08307050000000002,0.11535401644278469
2019-04-25 00:00:00+02:00,0.10940949999999999,0.15192908748589268
2019-04-26 00:00:00+02:00,0.12387924999999995,0.17202218647317433
2019-04-27 00:00:00+02:00,0.07693775000000003,0.10683790850627911
2019-04-28 00:00:00+02:00,0.08113400000000003,0.11266493845671922
2019-04-29 00:00:00+02:00,0.12836249999999996,0.17824775263946818
2019-04-30 00:00:00+02:00,0.1294984999999999,0.17982523396772548
2019-05-01 00:00:00+02:00,0.07445949999999997,0.10339654133924223
2019-05-02 00:00:00+02:00,0.10448025000000001,0.14508419326290625
2019-05-03 00:00:00+02:00,0.13593925,0.18876903930661085
2019-05-04 00:00:00+02:00,0.08940074999999996,0.1241443783954265
2019-05-05 00:00:00+02:00,0.07834200000000004,0.10878788927670642
2019-05-06 00:00:00+02:00,0.11736649999999996,0.1629783999233432
2019-05-07 00:00:00+02:00,0.14062125,0.19527059527395324
2019-05-08 00:00:00+02:00,0.12905375,0.17920764169594525
2019-05-09 00:00:00+02:00,0.13244574999999997,0.18391786763384046
2019-05-10 00:00:00+02:00,0.139654,0.1939274449088503
2019-05-11 00:00:00+02:00,0.09917250000000002,0.13771370336848898
2019-05-12 00:00:00+02:00,0.06720775000000001,0.093326558749286
2019-05-13 00:00:00+02:00,0.09951749999999997,0.1381927800042713
2019-05-14 00:00:00+02:00,0.10719974999999998,0.14886056691800822
2019-05-15 00:00:00+02:00,0.11523124999999995,0.16001333213622917
2019-05-16 00:00:00+02:00,0.12968100000000002,0.18007865856491487
2019-05-17 00:00:00+02:00,0.12357949999999998,0.17160594525121559
2019-05-18 00:00:00+02:00,0.09444300000000003,0.1311461875744809
2019-05-19 00:00:00+02:00,0.07400099999999998,0.1027598554334271
2019-05-20 00:00:00+02:00,0.13368249999999998,0.1856352532260256
2019-05-21 00:00:00+02:00,0.1170315,0.1625132095668589
2019-05-22 00:00:00+02:00,0.11407525,0.15840807824937578
2019-05-23 00:00:00+02:00,0.11922425000000003,0.16555812345993673
2019-05-24 00:00:00+02:00,0.11548475000000001,0.16036534931643456
2019-05-25 00:00:00+02:00,0.10345550000000003,0.1436611967918396
2019-05-26 00:00:00+02:00,0.06369025000000002,0.08844206000620038
2019-05-27 00:00:00+02:00,0.11199999999999999,0.15552632813804998
2019-05-28 00:00:00+02:00,0.14715850000000005,0.20434840320806463
2019-05-29 00:00:00+02:00,0.1389305,0.19292277260163712
2019-05-30 00:00:00+02:00,0.05792325,0.08043384273502058
2019-05-31 00:00:00+02:00,0.09255100000000004,0.1285189035312917
2019-06-01 00:00:00+02:00,0.07194099999999998,0.09989928189803081
2019-06-02 00:00:00+02:00,0.05098375,0.0707974592161456
2019-06-03 00:00:00+02:00,0.12042849999999997,0.16723037864440313
2019-06-04 00:00:00+02:00,0.13823225,0.19195316314965144
2019-06-05 00:00:00+02:00,0.13337400000000005,0.18520686150968113
2019-06-06 00:00:00+02:00,0.132536,0.18404319130450528
2019-06-07 00:00:00+02:00,0.11857624999999998,0.16465829256142364
2019-06-08 00:00:00+02:00,0.04390325000000001,0.06096527915916826
2019-06-09 00:00:00+02:00,0.06264299999999999,0.08698781940671307
2019-06-10 00:00:00+02:00,0.07816024999999997,0.10853550615046445
2019-06-11 00:00:00+02:00,0.1395415,0.19377122426674737
2019-06-12 00:00:00+02:00,0.16371875000000002,0.2273444288826016
2019-06-13 00:00:00+02:00,0.13976575000000005,0.19408262408000598
2019-06-14 00:00:00+02:00,0.15426325000000002,0.2142142574923397
2019-06-15 00:00:00+02:00,0.10310624999999997,0.14317621848735548
2019-06-16 00:00:00+02:00,0.09660875,0.1341536085134539
2019-06-17 00:00:00+02:00,0.15372900000000003,0.2134723830208419
2019-06-18 00:00:00+02:00,0.16786974999999993,0.23310862341921793
2019-06-19 00:00:00+02:00,0.17099575,0.23744947432778538
2019-06-20 00:00:00+02:00,0.16204899999999994,0.2250257673968112
2019-06-21 00:00:00+02:00,0.16462974999999994,0.2286094689266529
2019-06-22 00:00:00+02:00,0.0975255,0.13542663316810175
2019-06-23 00:00:00+02:00,0.07115724999999999,0.09881094475804694
2019-06-24 00:00:00+02:00,0.13274425,0.184332373070887
2019-06-25 00:00:00+02:00,0.15478475,0.21493842695773244
2019-06-26 00:00:00+02:00,0.14564274999999996,0.20224359042346407
2019-06-27 00:00:00+02:00,0.15063349999999995,0.20917388526413344
2019-06-28 00:00:00+02:00,0.16783075,0.23305446692995566
2019-06-29 00:00:00+02:00,0.12600999999999998,0.17498100543460426
2019-06-30 00:00:00+02:00,0.068233,0.09475024953431756
2019-07-01 00:00:00+02:00,0.1482005,0.20579535351092038
2019-07-02 00:00:00+02:00,0.16200350000000008,0.2249625848260053
2019-07-03 00:00:00+02:00,0.17059175000000004,0.23688846864414462
2019-07-04 00:00:00+02:00,0.14427274999999998,0.20034117015963257
2019-07-05 00:00:00+02:00,0.15672974999999997,0.21763930828120123
2019-07-06 00:00:00+02:00,0.07978474999999997,0.11079133222243108
2019-07-07 00:00:00+02:00,0.06896949999999999,0.09577297400461819
2019-07-08 00:00:00+02:00,0.14483825000000006,0.20112643925393686
2019-07-09 00:00:00+02:00,0.16432125,0.22818107721030848
2019-07-10 00:00:00+02:00,0.18259950000000003,0.2535627656682488
2019-07-11 00:00:00+02:00,0.19916275000000003,0.2765629572265752
2019-07-12 00:00:00+02:00,0.19018950000000004,0.2641024516554613
2019-07-13 00:00:00+02:00,0.08802675,0.12223640361987582
2019-07-14 00:00:00+02:00,0.06818949999999999,0.09468984421937106
2019-07-15 00:00:00+02:00,0.16149,0.22424952438405082
2019-07-16 00:00:00+02:00,0.1765105,0.24510741020367208
2019-07-17 00:00:00+02:00,0.17658074999999998,0.2452049613157408
2019-07-18 00:00:00+02:00,0.19277350000000001,0.26769066622607485
2019-07-19 00:00:00+02:00,0.20158175,0.2799220481887711
2019-07-20 00:00:00+02:00,0.12305724999999997,0.17088073431487544
2019-07-21 00:00:00+02:00,0.09130825000000002,0.12679318617152774
2019-07-22 00:00:00+02:00,0.1758652499999999,0.2442113980319659
2019-07-23 00:00:00+02:00,0.18616525000000003,0.2585142657089475
2019-07-24 00:00:00+02:00,0.19049899999999997,0.2645322319997356
2019-07-25 00:00:00+02:00,0.19791575000000003,0.27483133819810956
2019-07-26 00:00:00+02:00,0.17406674999999994,0.24171395070021343
2019-07-27 00:00:00+02:00,0.12276125000000003,0.17046970044765353
2019-07-28 00:00:00+02:00,0.104287,0.14481584091547162
2019-07-29 00:00:00+02:00,0.18467275,0.25644173852371493
2019-07-30 00:00:00+02:00,0.1934670000000001,0.26865367969539405
2019-07-31 00:00:00+02:00,0.1918895000000001,0.26646311913612825
2019-08-01 00:00:00+02:00,0.19917724999999997,0.27658309233155726
2019-08-02 00:00:00+02:00,0.19986975,0.2775447171729466
2019-08-03 00:00:00+02:00,0.14806625,0.20560893021134416
2019-08-04 00:00:00+02:00,0.11376274999999997,0.157974132021312
2019-08-05 00:00:00+02:00,0.17881149999999996,0.24830264307015107
2019-08-06 00:00:00+02:00,0.1969447499999999,0.2734829804782697
2019-08-07 00:00:00+02:00,0.19819574999999998,0.2752201540184546
2019-08-08 00:00:00+02:00,0.155727,0.21624686162459028
2019-08-09 00:00:00+02:00,0.1968889999999999,0.27340556447118314
2019-08-10 00:00:00+02:00,0.062389250000000014,0.08663545506952534
2019-08-11 00:00:00+02:00,0.06825575000000002,0.09478184081972062
2019-08-12 00:00:00+02:00,0.17399399999999995,0.2416129280183202
2019-08-13 00:00:00+02:00,0.18455749999999996,0.256281699154805
2019-08-14 00:00:00+02:00,0.1776329999999999,0.24666614505487697
2019-08-15 00:00:00+02:00,0.123425,0.17139140223606092
2019-08-16 00:00:00+02:00,0.14593925000000002,0.20265531860465102
2019-08-17 00:00:00+02:00,0.07492625,0.10404468342547829
2019-08-18 00:00:00+02:00,0.07041525,0.09778058283413237
2019-08-19 00:00:00+02:00,0.147554,0.20489760555430203
2019-08-20 00:00:00+02:00,0.18529299999999996,0.25730303499717583
2019-08-21 00:00:00+02:00,0.17724175000000006,0.24612284437734136
2019-08-22 00:00:00+02:00,0.15790049999999997,0.2192650444300193
2019-08-23 00:00:00+02:00,0.15536949999999997,0.2157504271396853
2019-08-24 00:00:00+02:00,0.10009824999999997,0.13899922567450498
2019-08-25 00:00:00+02:00,0.09641224999999999,0.1338807431252474
2019-08-26 00:00:00+02:00,0.16908425000000002,0.23479511203996503
2019-08-27 00:00:00+02:00,0.1992667499999999,0.27670737453127464
2019-08-28 00:00:00+02:00,0.19692625000000005,0.27345729086156856
2019-08-29 00:00:00+02:00,0.19933025000000001,0.27679555240481735
2019-08-30 00:00:00+02:00,0.19129524999999997,0.265637926988842
2019-08-31 00:00:00+02:00,0.11695275,0.16240385511738684
2019-09-01 00:00:00+02:00,0.11189324999999996,0.15537809210654335
2019-09-02 00:00:00+02:00,0.17387949999999996,0.24145393012035768
2019-09-03 00:00:00+02:00,0.18459499999999995,0.2563337727021726
2019-09-04 00:00:00+02:00,0.18600799999999992,0.25829590396698565
2019-09-05 00:00:00+02:00,0.16853400000000007,0.23403101952159044
2019-09-06 00:00:00+02:00,0.1787065,0.2481568371375217
2019-09-07 00:00:00+02:00,0.14403700000000003,0.20001380112518136
2019-09-08 00:00:00+02:00,0.13991,0.19428293365888014
2019-09-09 00:00:00+02:00,0.17732199999999998,0.246234281768708
2019-09-10 00:00:00+02:00,0.15610475,0.21677141582507373
2019-09-11 00:00:00+02:00,0.1480932499999999,0.20564642316544873
2019-09-12 00:00:00+02:00,0.18089175,0.25119133632112595
2019-09-13 00:00:00+02:00,0.18515999999999996,0.2571183474825119
2019-09-14 00:00:00+02:00,0.15108924999999995,0.20980675244314165
2019-09-15 00:00:00+02:00,0.08924150000000002,0.12392323939760527
2019-09-16 00:00:00+02:00,0.1911602499999999,0.26545046221831836
2019-09-17 00:00:00+02:00,0.1503655,0.20880173297894605
2019-09-18 00:00:00+02:00,0.17307950000000002,0.24034302777651453
2019-09-19 00:00:00+02:00,0.20827650000000003,0.2892185650218266
2019-09-20 00:00:00+02:00,0.21329474999999992,0.29618704713056543
2019-09-21 00:00:00+02:00,0.14926824999999994,0.2072780609829685
2019-09-22 00:00:00+02:00,0.13154425,0.18266601955512218
2019-09-23 00:00:00+02:00,0.19658124999999996,0.272978214225786
2019-09-24 00:00:00+02:00,0.2163965000000001,0.30049422381183527
2019-09-25 00:00:00+02:00,0.21248199999999995,0.29505843978061724
2019-09-26 00:00:00+02:00,0.21426024999999999,0.29752776739679127
2019-09-27 00:00:00+02:00,0.18926774999999996,0.26282248386116436
2019-09-28 00:00:00+02:00,0.07201149999999999,0.09999718016708202
2019-09-29 00:00:00+02:00,0.054578749999999995,0.07578957662379103
2019-09-30 00:00:00+02:00,0.11674425000000001,0.16211432619402272
2019-10-01 00:00:00+02:00,0.2076062499999999,0.2882878371518752
2019-10-02 00:00:00+02:00,0.20845575,0.2894674765782439
2019-10-03 00:00:00+02:00,0.1919385,0.2665311619046885
2019-10-04 00:00:00+02:00,0.1969025,0.27342431094823566
2019-10-05 00:00:00+02:00,0.1615929999999999,0.2243925530608205
2019-10-06 00:00:00+02:00,0.14532524999999996,0.2018027010557513
2019-10-07 00:00:00+02:00,0.21317549999999996,0.29602145324993634
2019-10-08 00:00:00+02:00,0.19691375,0.2734399330124459
2019-10-09 00:00:00+02:00,0.184023,0.2555394775263248
2019-10-10 00:00:00+02:00,0.16333299999999998,0.2268087656586796
2019-10-11 00:00:00+02:00,0.11051250000000003,0.15346074409246657
2019-10-12 00:00:00+02:00,0.097042,0.1347552315640415
2019-10-13 00:00:00+02:00,0.08748550000000001,0.12148480875286942
2019-10-14 00:00:00+02:00,0.19629449999999998,0.27258002516691476
2019-10-15 00:00:00+02:00,0.23208674999999998,0.3222821431874426
2019-10-16 00:00:00+02:00,0.22396000000000005,0.3109971111589079
2019-10-17 00:00:00+02:00,0.23135425000000004,0.3212649732288613
2019-10-18 00:00:00+02:00,0.19754399999999994,0.27431511576520484
2019-10-19 00:00:00+02:00,0.17587524999999993,0.24422528431126397
2019-10-20 00:00:00+02:00,0.18848024999999996,0.2617289393664437
2019-10-21 00:00:00+02:00,0.23256025,0.32293965851220485
2019-10-22 00:00:00+02:00,0.237575,0.32990328042318956
2019-10-23 00:00:00+02:00,0.239842,0.3330512999400552
2019-10-24 00:00:00+02:00,0.21843624999999994,0.30332667763165283
2019-10-25 00:00:00+02:00,0.191229,0.26554593038849256
2019-10-26 00:00:00+02:00,0.07846125000000004,0.10895348315733555
2019-10-27 00:00:00+02:00,0.09680500000000003,0.134426126744678
2019-10-28 00:00:00+01:00,0.21870075000000003,0.3036939697190861
2019-10-29 00:00:00+01:00,0.24537425000000002,0.3407335368047135
2019-10-30 00:00:00+01:00,0.23235300000000006,0.32265186537375307
2019-10-31 00:00:00+01:00,0.2285605,0.31738549394997123
2019-11-01 00:00:00+01:00,0.163438,0.22695457159130908
2019-11-02 00:00:00+01:00,0.09037549999999998,0.12549794347000298
2019-11-03 00:00:00+01:00,0.11111874999999997,0.15430259977491018
2019-11-04 00:00:00+01:00,0.19266349999999996,0.2675379171537963
2019-11-05 00:00:00+01:00,0.22617550000000003,0.3140736163373887
2019-11-06 00:00:00+01:00,0.22328275000000006,0.31005666289344813
2019-11-07 00:00:00+01:00,0.2034585,0.28252815565603073
2019-11-08 00:00:00+01:00,0.20884599999999992,0.2900093886278498
2019-11-09 00:00:00+01:00,0.15515175,0.21544805340797052
2019-11-10 00:00:00+01:00,0.14559649999999996,0.20217936638171063
2019-11-11 00:00:00+01:00,0.16398749999999998,0.22771762263873635
2019-11-12 00:00:00+01:00,0.18687149999999997,0.2594949841843715
2019-11-13 00:00:00+01:00,0.2179722499999999,0.3026823542722237
2019-11-14 00:00:00+01:00,0.22364024999999998,0.31055309737835296
2019-11-15 00:00:00+01:00,0.16605775000000003,0.23059242961041318
2019-11-16 00:00:00+01:00,0.1524785,0.21173590379462193
2019-11-17 00:00:00+01:00,0.1308645,0.18172209971983788
2019-11-18 00:00:00+01:00,0.19364675,0.2689032855657762
2019-11-19 00:00:00+01:00,0.2143215,0.2976128208574918
2019-11-20 00:00:00+01:00,0.25039125000000007,0.34770028312854034
2019-11-21 00:00:00+01:00,0.24904949999999995,0.34583709160372567
2019-11-22 00:00:00+01:00,0.21121225,0.29329522946674863
2019-11-23 00:00:00+01:00,0.10001749999999998,0.13888709396917331
2019-11-24 00:00:00+01:00,0.11974524999999997,0.16628159861136452
2019-11-25 00:00:00+01:00,0.22874399999999998,0.31764030717509023
2019-11-26 00:00:00+01:00,0.21227224999999997,0.2947671750723409
2019-11-27 00:00:00+01:00,0.13356400000000004,0.1854707008163439
2019-11-28 00:00:00+01:00,0.10336100000000001,0.1435299714524731
2019-11-29 00:00:00+01:00,0.135267,0.18783553418080007
2019-11-30 00:00:00+01:00,0.15477625000000003,0.21492662362032916
2019-12-01 00:00:00+01:00,0.16648124999999997,0.2311805135386851
2019-12-02 00:00:00+01:00,0.22189574999999997,0.30813063595480983
2019-12-03 00:00:00+01:00,0.23962424999999996,0.33274892620834035
2019-12-04 00:00:00+01:00,0.22774524999999998,0.3162534150301985
2019-12-05 00:00:00+01:00,0.21929400000000002,0.3045177732384423
2019-12-06 00:00:00+01:00,0.12756650000000008,0.17714240480734436
2019-12-07 00:00:00+01:00,0.09481575,0.1316637986353153
2019-12-08 00:00:00+01:00,0.06630049999999997,0.09206672605997124
2019-12-09 00:00:00+01:00,0.12738799999999997,0.1768945347218742
2019-12-10 00:00:00+01:00,0.18667774999999995,0.2592259375229719
2019-12-11 00:00:00+01:00,0.21571725000000008,0.2995509982905159
2019-12-12 00:00:00+01:00,0.22779925,0.3163284009384079
2019-12-13 00:00:00+01:00,0.18312124999999996,0.2542872822906239
2019-12-14 00:00:00+01:00,0.09763274999999999,0.13557556351357322
2019-12-15 00:00:00+01:00,0.07812650000000002,0.10848863995783362
2019-12-16 00:00:00+01:00,0.19509825,0.27091887900588674
2019-12-17 00:00:00+01:00,0.17832875000000006,0.24763228293703834
2019-12-18 00:00:00+01:00,0.19332675,0.2684589246282389
2019-12-19 00:00:00+01:00,0.14634575000000005,0.20321979585811642
2019-12-20 00:00:00+01:00,0.11444824999999999,0.15892603646719267
2019-12-21 00:00:00+01:00,0.0981155,0.1362459236466861
2019-12-22 00:00:00+01:00,0.09109724999999999,0.12650018567833904
2019-12-23 00:00:00+01:00,0.0980925,0.1362139852043006
2019-12-24 00:00:00+01:00,0.0953615,0.13242164232800585
2019-12-25 00:00:00+01:00,0.08689700000000002,0.12066760121617975
2019-12-26 00:00:00+01:00,0.10360999999999997,0.14387573980699425
2019-12-27 00:00:00+01:00,0.1427182499999999,0.19818254804275215
2019-12-28 00:00:00+01:00,0.15537724999999988,0.21576118900614116
2019-12-29 00:00:00+01:00,0.11731925000000003,0.16291278725366007
2019-12-30 00:00:00+01:00,0.11349925000000001,0.15760822856180867
2019-12-31 00:00:00+01:00,0.11666625000000001,0.162006013215498
