,aggregated(no_dist_heat),dist_heat,slp_the [TWh],rlm_the [TWh],rlm_the_res,bdew [TWh],bdew_res,scaled_to_AGEBL_2020 [TWh_gas/day],gas_price [$/lhs],index,time,year,month,weekday,weekday_num,monday,friday,weekend,christmas_period,holiday,bridgeday
2021-10-01,0.7381656999999999,0.03795159,0.701800344,1.3047831220000001,1.075785081555428,2.046847023,1.817848982555428,0.2289980404445722,93.62,2021-10-01,0.0,2021,10,Friday,4,0,1,0,0,0,0
2021-10-02,0.5590797,0.028744176,0.6108002880000001,1.077490669,0.839661733965681,1.802717346,1.5648884109656813,0.2378289350343189,,2021-10-02,1.0,2021,10,Saturday,5,0,0,1,0,0,0
2021-10-03,0.39670107,0.02039574,0.506065944,1.074001338,0.6835176450439946,1.707963845,1.3174801520439947,0.3904836929560053,,2021-10-03,2.0,2021,10,Sunday,6,0,0,1,0,1,0
2021-10-04,0.5105866,0.026250983,0.565015704,1.415380262,1.114667759118153,1.932167173,1.6314546701181531,0.3007125028818469,96.65,2021-10-04,3.0,2021,10,Monday,0,1,0,0,0,0,0
2021-10-05,0.6183956,0.031793807,0.6388711199999999,1.3933100350000003,1.0532954126548515,2.226157093,1.886142470654851,0.3400146223451489,116.02,2021-10-05,4.0,2021,10,Tuesday,1,0,0,0,0,0,0
2021-10-06,0.7524519000000001,0.038686093,0.7481259360000001,1.510208547,0.8940435898165219,2.392392355,1.776227397816522,0.6161649571834781,108.19,2021-10-06,5.0,2021,10,Wednesday,2,0,0,0,0,0,0
2021-10-07,0.8583089,0.04412856,0.829746984,1.601406858,1.0929779312802075,2.421107167,1.9126782402802074,0.5084289267197927,96.58,2021-10-07,6.0,2021,10,Thursday,3,0,0,0,0,0,0
2021-10-08,0.8958948,0.046060976,0.843750312,1.5033244440000002,1.2487057651048552,2.353772041,2.099153362104855,0.254618678895145,87.61,2021-10-08,7.0,2021,10,Friday,4,0,1,0,0,0,0
2021-10-09,0.9859800999999999,0.050692565999999994,0.9151008960000001,1.250490684,1.0030082868058439,2.282286245,2.034803847805844,0.2474823971941561,,2021-10-09,8.0,2021,10,Saturday,5,0,0,1,0,0,0
2021-10-10,1.1536745000000002,0.0593143,1.063765752,1.302140234,0.9354818440462065,2.585321211,2.2186628210462067,0.36665838995379335,,2021-10-10,9.0,2021,10,Sunday,6,0,0,1,0,0,0
2021-10-11,1.205776,0.061993014000000006,1.088038392,1.564902445,1.1227498460301488,2.738368629,2.296216030030149,0.4421525989698511,85.22,2021-10-11,10.0,2021,10,Monday,0,1,0,0,0,0,0
2021-10-12,1.2173771999999998,0.062589474,1.139333688,1.640355719,1.1015527558413565,2.671383896,2.1325809328413565,0.5388029631586435,85.7,2021-10-12,11.0,2021,10,Tuesday,1,0,0,0,0,0,0
2021-10-13,1.2732284,0.06546097,1.197335472,1.700472005,1.2701790456577797,2.960181936,2.52988897665778,0.43029295934222017,93.61,2021-10-13,12.0,2021,10,Wednesday,2,0,0,0,0,0,0
2021-10-14,1.1479386,0.059019398,1.108065504,1.583268704,1.2350646307341546,2.755826154,2.407622080734155,0.3482040732658453,102.17,2021-10-14,13.0,2021,10,Thursday,3,0,0,0,0,0,0
2021-10-15,1.1022003999999999,0.056667842,1.0837576800000002,1.511030914,1.193154050018102,2.630480788,2.3126039240181018,0.317876863981898,93.65,2021-10-15,14.0,2021,10,Friday,4,0,1,0,0,0,0
2021-10-16,1.1848861000000002,0.060918994000000004,1.1340835679999999,1.36080957,1.0888931167898916,2.550324908,2.2784084547898913,0.2719164532101085,,2021-10-16,15.0,2021,10,Saturday,5,0,0,1,0,0,0
2021-10-17,1.1833426,0.060839638,1.1413818720000002,1.3500450219999998,0.919207807423434,2.610633138,2.179795923423434,0.4308372145765657,,2021-10-17,16.0,2021,10,Sunday,6,0,0,1,0,0,0
2021-10-18,1.1472497,0.05898398,1.0978480080000002,1.593239153,1.2041320016919013,2.782951787,2.393844635691901,0.3891071513080989,93.94,2021-10-18,17.0,2021,10,Monday,0,1,0,0,0,0,0
2021-10-19,0.9135562,0.046969008,0.932878344,1.5130258699999999,1.2374957740813306,2.48763873,2.2121086340813307,0.2755300959186693,89.93,2021-10-19,18.0,2021,10,Tuesday,1,0,0,0,0,0,0
2021-10-20,0.6308704,0.03243518,0.7691565119999999,1.37318872,1.0879353629547512,2.29505199,2.0097986329547517,0.2852533570452487,93.45,2021-10-20,19.0,2021,10,Wednesday,2,0,0,0,0,0,0
2021-10-21,0.7459098000000001,0.03834974,0.864751632,1.492972372,1.2045383025462384,2.486275984,2.1978419145462382,0.2884340694537617,88.47,2021-10-21,20.0,2021,10,Thursday,3,0,0,0,0,0,0
2021-10-22,1.0571268999999999,0.05435046,1.064978376,1.524531844,1.150425285822939,2.688520467,2.3144139088229387,0.3741065581770612,87.34,2021-10-22,21.0,2021,10,Friday,4,0,1,0,0,0,0
2021-10-23,1.2346561000000003,0.06347784,1.199402304,1.432183423,1.2331273722254554,2.790066434,2.5910103832254556,0.19905605077454447,,2021-10-23,22.0,2021,10,Saturday,5,0,0,1,0,0,0
2021-10-24,1.3742834,0.07065655,1.3529654639999997,1.396957327,0.8683750530473785,2.716130167,2.1875478930473786,0.5285822739526215,,2021-10-24,23.0,2021,10,Sunday,6,0,0,1,0,0,0
2021-10-25,1.3794518,0.07092227,1.348021488,1.7311367830000002,1.2475227142539569,3.096825224,2.6132111552539565,0.4836140687460432,88.64,2021-10-25,24.0,2021,10,Monday,0,1,0,0,0,0,0
2021-10-26,1.1634843000000001,0.05981866,1.223538528,1.656629841,1.264395872688088,2.885498485,2.493264516688088,0.39223396831191215,88.493,2021-10-26,25.0,2021,10,Tuesday,1,0,0,0,0,0,0
2021-10-27,1.0353252,0.053229563,1.1011144080000002,1.6057142909999997,1.2499471904516901,2.551421047,2.19565394645169,0.3557671005483097,86.819,2021-10-27,26.0,2021,10,Wednesday,2,0,0,0,0,0,1
2021-10-28,1.0717946000000003,0.05510458,1.0860257519999998,1.617020767,1.3164257737710234,2.655211871,2.3546168777710235,0.3005949932289767,77.032,2021-10-28,27.0,2021,10,Thursday,3,0,0,0,0,0,0
2021-10-29,1.0882237,0.055949252000000005,1.057769688,1.5307916560000001,1.2747363553336768,2.716267952,2.4602126513336766,0.2560553006663233,64.865,2021-10-29,28.0,2021,10,Friday,4,0,1,0,0,0,0
2021-10-30,1.0471964,0.053839903,1.0478544,1.3731729979999998,1.3731729979999998,2.427125528,2.427125528,0.0,,2021-10-30,29.0,2021,10,Saturday,5,0,0,1,0,0,0
2021-10-31,0.84139186,0.043258797,0.938954352,1.219741502,0.9451046561493881,2.292028134,2.0173912881493883,0.2746368458506118,,2021-10-31,30.0,2021,10,Sunday,6,0,0,1,0,0,0
2021-11-01,0.9521316999999999,0.048952304,1.0135287599999998,1.4609805630000001,0.8232618615927232,2.253488659,1.615769957592723,0.6377187014072769,65.619,2021-11-01,31.0,2021,11,Monday,0,1,0,0,0,1,0
2021-11-02,1.1604719,0.05966378,1.169342688,1.853602689,1.0655900251031323,3.025220698,2.237208034103132,0.7880126638968677,67.606,2021-11-02,32.0,2021,11,Tuesday,1,0,0,0,0,0,0
2021-11-03,1.3453857,0.06917082,1.3521621840000002,1.941028265,1.3101383764275556,3.577404779,2.9465148904275558,0.6308898885724443,76.542,2021-11-03,33.0,2021,11,Wednesday,2,0,0,0,0,0,0
2021-11-04,1.4543977,0.074775495,1.5033511679999998,1.869758502,1.3430749366490158,3.58987219,3.0631886246490154,0.5266835653509843,73.376,2021-11-04,34.0,2021,11,Thursday,3,0,0,0,0,0,0
2021-11-05,1.4495105,0.074524224,1.51370976,1.771056267,1.477579001316296,3.493172918,3.199695652316296,0.2934772656837041,74.027,2021-11-05,35.0,2021,11,Friday,4,0,1,0,0,0,0
2021-11-06,1.4288523000000002,0.07346212,1.4812391039999997,1.459749974,1.2098431671255772,2.975096418,2.7251896111255776,0.2499068068744227,,2021-11-06,36.0,2021,11,Saturday,5,0,0,1,0,0,0
2021-11-07,1.3964903,0.07179828,1.451198928,1.4540821750000001,0.7815426245005263,2.981316984,2.3087774335005258,0.6725395504994739,,2021-11-07,37.0,2021,11,Sunday,6,0,0,1,0,0,0
2021-11-08,1.4428545,0.07418202,1.481384808,1.955213086,1.2600860597439603,3.456332156,2.7612051297439604,0.6951270262560397,79.074,2021-11-08,38.0,2021,11,Monday,0,1,0,0,0,0,0
2021-11-09,1.5013815000000001,0.07719109,1.5283933199999997,1.9250246479999997,1.1584641222361043,3.438750559,2.672190033236104,0.7665605257638956,72.587,2021-11-09,39.0,2021,11,Tuesday,1,0,0,0,0,0,0
2021-11-10,1.6672558000000002,0.08571925,1.6560718319999999,2.095766116,1.226481832409501,3.987668341,3.118384057409501,0.8692842835904991,70.125,2021-11-10,40.0,2021,11,Wednesday,2,0,0,0,0,0,0
2021-11-11,1.7536924999999999,0.09016325,1.6892385600000002,2.093994355,1.345758266834038,3.936321559,3.188085470834038,0.7482360881659619,74.79,2021-11-11,41.0,2021,11,Thursday,3,0,0,0,0,0,0
2021-11-12,1.7669985000000001,0.09084736,1.756490808,1.938350969,1.3816538479497966,4.228106973,3.6714098519497966,0.5566971210502034,75.675,2021-11-12,42.0,2021,11,Friday,4,0,1,0,0,0,0
2021-11-13,1.6202201,0.083300985,1.62164472,1.664367487,1.203170372484177,3.312593204,2.8513960894841768,0.4611971145158231,,2021-11-13,43.0,2021,11,Saturday,5,0,0,1,0,0,0
2021-11-14,1.4729421,0.07572892,1.56180168,1.6320417660000002,0.8155935331710262,2.991963692,2.1755154591710264,0.8164482328289739,,2021-11-14,44.0,2021,11,Sunday,6,0,0,1,0,0,0
2021-11-15,1.5440383999999998,0.07938423,1.622783112,2.0982425389999997,1.2053891764624192,3.534766846,2.6419134834624196,0.8928533625375804,79.945,2021-11-15,45.0,2021,11,Monday,0,1,0,0,0,0,0
2021-11-16,1.6271805,0.08365884,1.68333336,2.0935260249999996,1.4950944230252068,4.038767867,3.440336265025207,0.598431601974793,94.19,2021-11-16,46.0,2021,11,Tuesday,1,0,0,0,0,0,0
2021-11-17,1.6353706000000001,0.08407992,1.647718176,1.92023675,1.5624684512280007,3.653607379,3.2958390802280007,0.3577682987719992,95.005,2021-11-17,47.0,2021,11,Wednesday,2,0,0,0,0,0,0
2021-11-18,1.5396651000000001,0.07915938,1.60780296,1.772810434,1.3982506243047255,3.237206818,2.8626470083047257,0.3745598096952745,95.165,2021-11-18,48.0,2021,11,Thursday,3,0,0,0,0,0,0
2021-11-19,1.3605126,0.06994855,1.449347232,1.688582891,1.3677479644781851,2.996342795,2.675507868478185,0.32083492652181483,87.125,2021-11-19,49.0,2021,11,Friday,4,0,1,0,0,0,0
2021-11-20,1.2776718999999999,0.06568943,1.383190344,1.477041371,1.0825605827839633,2.597197047,2.202716258783963,0.3944807882160368,,2021-11-20,50.0,2021,11,Saturday,5,0,0,1,0,0,0
2021-11-21,1.4293163,0.07348598,1.4800151280000002,1.637186443,0.8910072155248768,2.992097919,2.2459186915248766,0.7461792274751232,,2021-11-21,51.0,2021,11,Sunday,6,0,0,1,0,0,0
2021-11-22,1.7054209999999999,0.08768145,1.712652288,2.095486,1.277839698830486,3.96040016,3.1427538588304857,0.8176463011695141,84.015,2021-11-22,52.0,2021,11,Monday,0,1,0,0,0,0,0
2021-11-23,1.8585275,0.095553175,1.858476528,2.197464787,1.2530582610389938,4.562594802,3.6181882760389934,0.944406525961006,90.925,2021-11-23,53.0,2021,11,Tuesday,1,0,0,0,0,0,0
2021-11-24,1.8754681,0.09642415,1.9488923520000003,2.1963593840000004,1.3329302618348398,4.3278071,3.4643779778348396,0.8634291221651608,93.985,2021-11-24,54.0,2021,11,Wednesday,2,0,0,0,0,0,0
2021-11-25,1.995675,0.10260439,2.0873534879999998,2.190681116,1.554788673633944,4.397964812,3.7620723696339438,0.6358924423660559,93.3,2021-11-25,55.0,2021,11,Thursday,3,0,0,0,0,0,1
2021-11-26,2.0250381999999996,0.104114056,2.1209881200000003,2.033897427,1.3933664457048622,4.015403665,3.3748726837048624,0.6405309812951375,87.772,2021-11-26,56.0,2021,11,Friday,4,0,1,0,0,0,0
2021-11-27,2.0119206999999997,0.10343964,2.1174568320000002,1.8674160569999998,1.3306575850950502,3.718078594,3.1813201220950504,0.5367584719049495,,2021-11-27,57.0,2021,11,Saturday,5,0,0,1,0,0,0
2021-11-28,2.1026447,0.108104065,2.20971144,1.881121704,1.1132597367422876,3.654042792,2.8861808247422873,0.7678619672577123,,2021-11-28,58.0,2021,11,Sunday,6,0,0,1,0,0,0
2021-11-29,2.1958857000000003,0.112897895,2.2965595679999997,2.214347348,2.214347348,4.168328103,4.168328103,0.0,93.146,2021-11-29,59.0,2021,11,Monday,0,1,0,0,0,0,0
2021-11-30,2.0308813999999997,0.10441447,2.121752592,2.010824997,1.6603847062047248,4.003980826,3.6535405352047254,0.35044029079527506,92.515,2021-11-30,60.0,2021,11,Tuesday,1,0,0,0,0,0,0
2021-12-01,1.7620555,0.090593226,1.8907160879999998,1.8865678200000002,1.2184688974353004,3.672849623,3.0047507004353,0.6680989225646997,95.675,2021-12-01,61.0,2021,12,Wednesday,2,0,0,0,0,0,1
2021-12-02,1.9274486000000002,0.09909664,2.077322712,2.21280751,1.7540869335066944,4.036121676,3.577401099506694,0.4587205764933057,94.83,2021-12-02,62.0,2021,12,Thursday,3,0,0,0,0,0,1
2021-12-03,2.0841165,0.10715146,2.164735872,2.06161093,1.4950615522644275,4.332083483,3.765534105264427,0.5665493777355726,89.48,2021-12-03,63.0,2021,12,Friday,4,0,1,0,0,0,0
2021-12-04,1.9797022000000002,0.10178318,2.0538678,1.8213858079999998,1.2872646768004423,3.877594751,3.3434736198004424,0.5341211311995576,,2021-12-04,64.0,2021,12,Saturday,5,0,0,1,0,0,0
2021-12-05,2.0062642,0.10314882,2.1257316960000003,1.8769122070000002,1.0781010244762312,3.84436651,3.0455553274762313,0.7988111825237689,,2021-12-05,65.0,2021,12,Sunday,6,0,0,1,0,0,0
2021-12-06,2.1576592999999997,0.11093255,2.26277424,2.2581193569999995,1.5369184407751741,4.531451278,3.810250361775174,0.7212009162248253,89.928,2021-12-06,66.0,2021,12,Monday,0,1,0,0,0,0,0
2021-12-07,2.15063,0.110571146,2.256387432,2.203329819,1.597624987984407,4.261143417,3.655438585984408,0.6057048310155928,95.883,2021-12-07,67.0,2021,12,Tuesday,1,0,0,0,0,0,0
2021-12-08,2.1238852,0.109196104,2.243474592,2.213998395,1.360883616350667,4.447997817,3.594883038350667,0.8531147786493329,101.502,2021-12-08,68.0,2021,12,Wednesday,2,0,0,0,0,0,1
2021-12-09,2.1614953999999997,0.111129776,2.2567170720000003,2.305700718,1.4884537729440002,4.359242659,3.5419957139440004,0.817246945056,100.445,2021-12-09,69.0,2021,12,Thursday,3,0,0,0,0,0,0
2021-12-10,2.1857588,0.11237724,2.279875944,2.240086992,1.510273413397901,4.2002997,3.4704861213979012,0.7298135786020993,105.775,2021-12-10,70.0,2021,12,Friday,4,0,1,0,0,0,0
2021-12-11,2.155481,0.11082056,2.2542219119999998,1.9126459889999998,1.5184090554019491,4.126493163,3.7322562294019495,0.3942369335980507,,2021-12-11,71.0,2021,12,Saturday,5,0,0,1,0,0,0
2021-12-12,2.0051255,0.10309027,2.0985487199999997,1.737953909,0.9911084989815377,3.728920874,2.9820754639815377,0.7468454100184623,,2021-12-12,72.0,2021,12,Sunday,6,0,0,1,0,0,0
2021-12-13,1.7677703999999999,0.09088705,1.885235688,2.05270891,1.2681888450339254,3.850310597,3.065790532033925,0.784520064966075,116.084,2021-12-13,73.0,2021,12,Monday,0,1,0,0,0,0,0
2021-12-14,1.6474422,0.08470057,1.777798488,2.077018492,1.3067489021552885,3.665403239,2.8951336491552886,0.7702695898447117,128.301,2021-12-14,74.0,2021,12,Tuesday,1,0,0,0,0,0,0
2021-12-15,1.5289458999999999,0.078608274,1.657997688,2.0247411129999997,1.174214197307482,3.489261939,2.638735023307482,0.8505269156925176,132.284,2021-12-15,75.0,2021,12,Wednesday,2,0,0,0,0,0,0
2021-12-16,1.5090013999999998,0.07758286,1.6461062640000002,2.035303274,1.1858410134331097,3.415041176,2.5655789154331097,0.8494622605668901,142.765,2021-12-16,76.0,2021,12,Thursday,3,0,0,0,0,0,0
2021-12-17,1.581028,0.08128598,1.6102995600000003,1.998733379,1.3687650134947995,3.524712087,2.8947437214948,0.6299683655052004,136.915,2021-12-17,77.0,2021,12,Friday,4,0,1,0,0,0,0
2021-12-18,1.6467490000000002,0.084664926,1.599882024,1.7303521180000003,1.3482716905210415,3.336324915,2.9542444875210414,0.3820804274789588,,2021-12-18,78.0,2021,12,Saturday,5,0,0,1,0,0,0
2021-12-19,1.7165388,0.08825305,1.707791976,1.6594064759999998,0.8562447857263651,3.290297077,2.487135386726365,0.8031616902736347,,2021-12-19,79.0,2021,12,Sunday,6,0,0,1,0,0,0
2021-12-20,2.0330369999999998,0.10452529,2.0689386720000003,2.2385951060000004,1.2952161268531897,3.907764594,2.9643856148531893,0.9433789791468108,146.926,2021-12-20,80.0,2021,12,Monday,0,1,0,0,0,0,0
2021-12-21,2.3900523,0.12288066,2.408427168,2.3365860410000003,1.4683849666908455,4.927674633,4.059473558690845,0.8682010743091548,180.267,2021-12-21,81.0,2021,12,Tuesday,1,0,0,0,0,0,0
2021-12-22,2.591225,0.13322362,2.579714184,2.221179516,1.7307905298238238,4.764843275,4.274454288823823,0.4903889861761762,172.875,2021-12-22,82.0,2021,12,Wednesday,2,0,0,0,0,0,0
2021-12-23,2.4940952999999997,0.12822986,2.476064064,1.822295909,1.5007320692179007,4.219524212,3.8979603722179004,0.3215638397820992,132.58,2021-12-23,83.0,2021,12,Thursday,3,0,0,0,0,0,0
2021-12-24,2.0614877000000003,0.10598804,2.1686543279999997,1.4848895729999998,1.1411835571985267,3.651609037,3.307903021198527,0.34370601580147303,,2021-12-24,84.0,2021,12,Friday,4,0,1,0,1,0,0
2021-12-25,2.1602924,0.11106792,2.3245501920000002,1.602685599,1.2503474831343122,4.038524095,3.686185979134312,0.3523381158656877,,2021-12-25,85.0,2021,12,Saturday,5,0,0,1,1,1,0
2021-12-26,2.3069324,0.11860718599999999,2.356961376,1.632455344,1.2620172074674236,4.418892715,4.048454578467424,0.3704381365325764,,2021-12-26,86.0,2021,12,Sunday,6,0,0,1,1,1,0
2021-12-27,2.205981,0.11341693,2.2493935439999997,1.721148724,1.4080906393169996,4.35149876,4.038440675316999,0.3130580846830005,106.895,2021-12-27,87.0,2021,12,Monday,0,1,0,0,1,0,0
2021-12-28,1.9239475,0.098916635,1.9896888719999999,1.5993966099999999,1.2694860507392278,3.815049249,3.4851386897392276,0.3299105592607721,106.59,2021-12-28,88.0,2021,12,Tuesday,1,0,0,0,1,0,0
2021-12-29,1.6241244,0.08350172,1.763534184,1.536022417,1.2629962485718103,3.35492305,3.08189688157181,0.27302616842818983,96.476,2021-12-29,89.0,2021,12,Wednesday,2,0,0,0,1,0,0
2021-12-30,1.1581714,0.059545502,1.3214254559999998,1.3350609459999998,1.3350609459999998,3.163666169,3.163666169,0.0,87.027,2021-12-30,90.0,2021,12,Thursday,3,0,0,0,1,0,0
2021-12-31,0.92759645,0.047690865,1.132601688,1.1941247620000002,0.9605279415314529,2.311160257,2.077563436531453,0.2335968204685473,70.345,2021-12-31,91.0,2021,12,Friday,4,0,1,0,1,0,0
2022-01-01,0.9039844000000001,0.04647689,1.116273216,1.201521163,0.9763549974764616,2.424753062,2.1995868964764616,0.22516616552353846,,2022-01-01,92.0,2022,1,Saturday,5,0,0,1,0,1,0
2022-01-02,0.97871137,0.050318855999999995,1.150747752,1.292355917,0.9646806917374329,2.610846498,2.283171272737433,0.3276752252625672,,2022-01-02,93.0,2022,1,Sunday,6,0,0,1,0,0,0
2022-01-03,1.0845493999999998,0.055760345999999995,1.262393832,1.591672726,1.0374061993486356,2.959515355,2.4052488283486357,0.5542665266513644,80.435,2022-01-03,94.0,2022,1,Monday,0,1,0,0,0,0,0
2022-01-04,1.2884763000000001,0.066244915,1.4467372799999998,1.7952952570000003,1.4421036499713615,3.441143486,3.0879518789713614,0.3531916070286387,88.741,2022-01-04,95.0,2022,1,Tuesday,1,0,0,0,0,0,0
2022-01-05,1.6906656000000002,0.08692282400000001,1.7981007600000003,1.8473152609999999,1.2772476619281221,4.034219301,3.4641517019281225,0.5700675990718779,91.52,2022-01-05,96.0,2022,1,Wednesday,2,0,0,0,0,0,0
2022-01-06,1.9951376,0.102576755,2.0969873039999998,1.978854714,1.5300243860347207,3.855054267,3.4062239390347204,0.44883032796527933,96.5,2022-01-06,97.0,2022,1,Thursday,3,0,0,0,0,1,0
2022-01-07,2.1478994,0.11043076,2.230234704,1.9312429960000002,1.5539203841654423,4.133492223,3.756169611165442,0.3773226118345579,88.175,2022-01-07,98.0,2022,1,Friday,4,0,1,0,0,0,0
2022-01-08,2.1299605,0.10950846,2.2272423839999997,1.71547055,1.325493120435683,3.944934407,3.554956977435683,0.3899774295643171,,2022-01-08,99.0,2022,1,Saturday,5,0,0,1,0,0,0
2022-01-09,2.0558698,0.10569921,2.201078808,1.792104803,0.8766931212362647,3.814357032,2.898945350236265,0.9154116817637352,,2022-01-09,100.0,2022,1,Sunday,6,0,0,1,0,0,0
2022-01-10,2.1420426,0.11012965,2.2885153920000003,2.2982474399999995,1.345178773913143,4.963382598,4.010313931913144,0.9530686660868564,84.605,2022-01-10,101.0,2022,1,Monday,0,1,0,0,0,0,0
2022-01-11,2.2297902,0.11464104,2.3563859039999997,2.3467264560000003,1.3792491627025802,5.061986343,4.09450904970258,0.96747729329742,78.735,2022-01-11,102.0,2022,1,Tuesday,1,0,0,0,0,0,0
2022-01-12,2.2519662,0.11578119,2.392764144,2.313830307,1.543699431557548,4.979694857,4.209563981557548,0.7701308754424518,75.155,2022-01-12,103.0,2022,1,Wednesday,2,0,0,0,0,0,0
2022-01-13,2.2197728,0.11412601,2.314346544,2.21067575,1.3883272956532346,4.809114069,3.986765614653234,0.8223484543467654,85.46,2022-01-13,104.0,2022,1,Thursday,3,0,0,0,0,0,0
2022-01-14,2.1406949,0.11006035,2.219501304,2.204631416,1.3926335299492703,4.824655515,4.01265762894927,0.8119978860507296,86.97,2022-01-14,105.0,2022,1,Friday,4,0,1,0,0,0,0
2022-01-15,2.1086874,0.10841474,2.1666695039999997,1.958328596,1.5449013642039204,4.674586726,4.261159494203921,0.4134272317960796,,2022-01-15,106.0,2022,1,Saturday,5,0,0,1,0,0,0
2022-01-16,2.0920047999999998,0.10755703,2.182913352,1.741336523,1.2094091998310923,4.341213644,3.809286320831092,0.5319273231689077,,2022-01-16,107.0,2022,1,Sunday,6,0,0,1,0,0,0
2022-01-17,1.9801444,0.10180591,2.109763008,2.042937483,1.1222378668571118,4.483794915,3.563095298857111,0.9206996161428884,78.22,2022-01-17,108.0,2022,1,Monday,0,1,0,0,0,0,0
2022-01-18,1.9042968,0.09790632,2.065851672,2.2252960379999998,1.5778690954969612,4.577514236,3.9300872934969613,0.6474269425030386,78.335,2022-01-18,109.0,2022,1,Tuesday,1,0,0,0,0,0,1
2022-01-19,1.9674768,0.101154625,2.1318982799999997,2.025373682,1.526317254510626,4.738201877,4.239145449510626,0.4990564274893742,75.6,2022-01-19,110.0,2022,1,Wednesday,2,0,0,0,0,0,1
2022-01-20,2.0728607,0.10657277,2.2486854480000003,2.089556249,1.421333632063858,4.643977945,3.9757553280638573,0.668222616936142,75.205,2022-01-20,111.0,2022,1,Thursday,3,0,0,0,0,0,0
2022-01-21,2.1534052000000004,0.11071383,2.287829784,2.093658861,1.3459723292557308,4.951448303,4.203761771255731,0.7476865317442694,78.98,2022-01-21,112.0,2022,1,Friday,4,0,1,0,0,0,0
2022-01-22,1.9700529999999998,0.101287074,2.091292824,1.910317746,1.149054873458728,4.419296343,3.658033470458728,0.7612628725412721,,2022-01-22,113.0,2022,1,Saturday,5,0,0,1,0,0,0
2022-01-23,1.8830185000000002,0.09681234,1.998746424,1.911343054,0.9573131059407932,4.265734683,3.311704734940793,0.9540299480592068,,2022-01-23,114.0,2022,1,Sunday,6,0,0,1,0,0,0
2022-01-24,1.9554826,0.10053796,2.072814504,2.298557455,1.226625566207011,4.816762763,3.7448308742070107,1.0719318887929892,93.0,2022-01-24,115.0,2022,1,Monday,0,1,0,0,0,0,0
2022-01-25,2.0647573,0.10615615,2.1699365999999998,2.335304131,1.4416803292345792,4.906569919,4.012946117234579,0.8936238017654208,93.58,2022-01-25,116.0,2022,1,Tuesday,1,0,0,0,0,0,1
2022-01-26,2.1576836,0.110933796,2.2530927600000004,2.2022813439999998,1.7263283745023499,5.103306824,4.62735385450235,0.4759529694976498,91.835,2022-01-26,117.0,2022,1,Wednesday,2,0,0,0,0,0,0
2022-01-27,2.0916078000000002,0.10753662,2.194435176,2.031915547,1.454541144700788,4.629072335,4.0516979327007885,0.5773744022992119,92.3,2022-01-27,118.0,2022,1,Thursday,3,0,0,0,0,0,0
2022-01-28,1.9717944,0.10137661,2.121875568,1.9878302730000001,1.627156923561559,4.596984901,4.236311551561559,0.3606733494384411,92.062,2022-01-28,119.0,2022,1,Friday,4,0,1,0,0,0,0
2022-01-29,1.7342465,0.08916347,1.886152872,1.592340852,1.2592902227670455,4.031111504,3.698060874767046,0.3330506292329544,,2022-01-29,120.0,2022,1,Saturday,5,0,0,1,0,0,0
2022-01-30,1.7047851000000003,0.08764876,1.894137744,1.645278975,1.645278975,3.946376106,3.946376106,0.0,,2022-01-30,121.0,2022,1,Sunday,6,0,0,1,0,0,0
2022-01-31,1.8840907999999998,0.096867464,2.046637152,2.075903888,1.5396993901728666,4.773691195,4.237486697172867,0.5362044978271333,84.67,2022-01-31,122.0,2022,1,Monday,0,1,0,0,0,0,0
2022-02-01,1.9018543999999997,0.09778076,2.068409088,1.9664908490000002,1.3907421441540282,4.48228559,3.906536885154028,0.5757487048459721,76.165,2022-02-01,123.0,2022,2,Tuesday,1,0,0,0,0,0,0
2022-02-02,1.7691186999999997,0.09095636,1.946885592,1.992561375,1.202351368947585,4.083140192,3.2929301859475855,0.7902100060524149,77.35,2022-02-02,124.0,2022,2,Wednesday,2,0,0,0,0,0,0
2022-02-03,1.6871734,0.08674328,1.8282855120000001,2.005001763,1.4925121267720056,3.958247692,3.4457580557720053,0.5124896362279945,80.225,2022-02-03,125.0,2022,2,Thursday,3,0,0,0,0,0,0
2022-02-04,1.6310254,0.08385652,1.781910672,1.830813372,1.4919826814957977,3.882529267,3.5436985764957973,0.3388306905042023,82.65,2022-02-04,126.0,2022,2,Friday,4,0,1,0,0,0,0
2022-02-05,1.7034118999999999,0.087578155,1.8626112719999999,1.606390254,1.3329523600211526,3.672653674,3.399215780021153,0.2734378939788474,,2022-02-05,127.0,2022,2,Saturday,5,0,0,1,0,0,0
2022-02-06,1.6864407,0.08670561,1.858499688,1.608609908,1.1787940555190568,3.747340973,3.317525120519057,0.4298158524809432,,2022-02-06,128.0,2022,2,Sunday,6,0,0,1,0,0,0
2022-02-07,1.8386455000000002,0.09453097,1.964733528,1.9525153020000001,1.4841006209105263,4.203169859,3.734755177910526,0.4684146810894737,79.595,2022-02-07,129.0,2022,2,Monday,0,1,0,0,0,0,0
2022-02-08,1.7106081000000002,0.087948136,1.841946264,1.841903206,1.2881535451150188,3.905762385,3.352012724115019,0.5537496608849812,77.3,2022-02-08,130.0,2022,2,Tuesday,1,0,0,0,0,0,0
2022-02-09,1.5260656000000001,0.07846019,1.701339912,1.866537008,1.1120499364200853,3.705464477,2.950977405420085,0.7544870715799148,74.415,2022-02-09,131.0,2022,2,Wednesday,2,0,0,0,0,0,0
2022-02-10,1.5861831,0.08155102,1.7604078960000002,1.9681936789999999,1.3500010176560946,3.830486434,3.2122937726560945,0.6181926613439054,74.355,2022-02-10,132.0,2022,2,Thursday,3,0,0,0,0,0,0
2022-02-11,1.7942641,0.09224917,1.95116328,1.991547639,1.5241189787571652,4.057803815,3.5903751547571647,0.4674286602428349,77.425,2022-02-11,133.0,2022,2,Friday,4,0,1,0,0,0,0
2022-02-12,1.9855897,0.10208587,2.110366368,1.6995875679999999,1.3441703458166265,4.135543125,3.7801259028166267,0.3554172221833733,,2022-02-12,134.0,2022,2,Saturday,5,0,0,1,0,0,0
2022-02-13,1.9210477,0.09876755,2.056128384,1.5898588990000002,1.1119674619956064,3.831204422,3.3533129849956063,0.4778914370043938,,2022-02-13,135.0,2022,2,Sunday,6,0,0,1,0,0,0
2022-02-14,1.6977717,0.08728817,1.865883864,1.812134522,1.279467683196113,3.660658917,3.127992078196113,0.532666838803887,80.77,2022-02-14,136.0,2022,2,Monday,0,1,0,0,0,0,0
2022-02-15,1.6132872999999999,0.08294455,1.7873932319999999,1.8594417719999998,1.427022153000199,3.588433903,3.156014284000199,0.4324196189998009,70.92,2022-02-15,137.0,2022,2,Tuesday,1,0,0,0,0,0,0
2022-02-16,1.3980957,0.07188082,1.531481904,1.78587193,1.4233899921448296,3.566858627,3.204376689144829,0.3624819378551706,69.795,2022-02-16,138.0,2022,2,Wednesday,2,0,0,0,0,0,0
2022-02-17,1.2650848999999997,0.06504229,1.481817144,1.743241772,1.31956911212361,3.503575364,3.07990270412361,0.4236726598763901,74.915,2022-02-17,139.0,2022,2,Thursday,3,0,0,0,0,0,0
2022-02-18,1.2660576000000001,0.065092295,1.851431208,1.721950329,1.3782690520728154,3.291063961,2.9473826840728155,0.3436812769271846,73.76,2022-02-18,140.0,2022,2,Friday,4,0,1,0,0,0,0
2022-02-19,1.4270163999999999,0.07336773,1.913340216,1.514733843,1.2345943646826605,3.621482692,3.3413432136826606,0.2801394783173394,,2022-02-19,141.0,2022,2,Saturday,5,0,0,1,0,0,0
2022-02-20,1.4344046,0.07374758,1.5805865760000002,1.48605884,1.1359640099135386,3.289536961,2.939442130913539,0.3500948300864614,,2022-02-20,142.0,2022,2,Sunday,6,0,0,1,0,0,0
2022-02-21,1.593443,0.08192429,1.735734264,1.837651566,1.3986355028774327,3.58098668,3.141970616877433,0.4390160631225672,71.72,2022-02-21,143.0,2022,2,Monday,0,1,0,0,0,0,0
2022-02-22,1.6162163999999999,0.08309514,1.761235272,1.8606919249999998,1.3614013617361098,3.783882534,3.28459197073611,0.4992905632638899,79.79,2022-02-22,144.0,2022,2,Tuesday,1,0,0,0,0,0,0
2022-02-23,1.5561208,0.08000542,1.7675279520000002,1.872935612,1.4391306160400468,3.51234364,3.0785386440400466,0.4338049959599533,88.89,2022-02-23,145.0,2022,2,Wednesday,2,0,0,0,0,0,0
2022-02-24,1.55425,0.07990924,1.721369856,1.823965627,1.4360795158442805,3.365985734,2.9780996228442804,0.3878861111557196,134.315,2022-02-24,146.0,2022,2,Thursday,3,0,0,0,0,0,0
2022-02-25,1.7675374,0.09087506,1.8693860880000002,1.8744368880000002,1.4182502790588098,3.703572888,3.2473862790588095,0.4561866089411904,94.422,2022-02-25,147.0,2022,2,Friday,4,0,1,0,0,0,0
2022-02-26,1.8540058000000001,0.095320694,1.9536712799999998,1.703542361,1.4007641621150686,3.612317256,3.3095390571150687,0.3027781988849313,,2022-02-26,148.0,2022,2,Saturday,5,0,0,1,0,0,0
2022-02-27,1.9516499,0.10034091,2.072451744,1.6539992609999998,1.6539992609999998,3.52287801,3.52287801,0.0,,2022-02-27,149.0,2022,2,Sunday,6,0,0,1,0,0,0
2022-02-28,2.0575619,0.10578620400000001,2.142581088,1.941538741,1.2251486522930506,3.795939472,3.0795493832930507,0.7163900887069494,98.595,2022-02-28,150.0,2022,2,Monday,0,1,0,0,0,0,0
2022-03-01,2.0794365000000004,0.106910855,2.1406090320000004,2.090256174,1.262976731888814,3.784636815,2.957357372888814,0.8272794421111856,121.675,2022-03-01,151.0,2022,3,Tuesday,1,0,0,0,0,0,0
2022-03-02,2.064149,0.10612486,2.087406144,2.215552337,1.514162841424088,3.796505698,3.0951162024240877,0.701389495575912,165.545,2022-03-02,152.0,2022,3,Wednesday,2,0,0,0,0,0,0
2022-03-03,2.0870401999999997,0.10730178,2.077737624,1.998530797,1.3295792668035742,3.797350893,3.1283993628035742,0.6689515301964258,160.825,2022-03-03,153.0,2022,3,Thursday,3,0,0,0,0,0,0
2022-03-04,2.1317947,0.109602764,2.134792344,1.880506726,1.4057253189061525,4.048661256,3.5738798489061523,0.4747814070938475,192.55,2022-03-04,154.0,2022,3,Friday,4,0,1,0,0,0,0
2022-03-05,2.1265278,0.10933197,2.159421936,1.608223709,1.1874375456343356,3.66622397,3.2454378066343357,0.4207861633656644,,2022-03-05,155.0,2022,3,Saturday,5,0,0,1,0,0,0
2022-03-06,2.1930122000000005,0.112750165,2.2412782079999998,1.743657163,1.0263605712566244,3.630422258,2.913125666256624,0.7172965917433756,,2022-03-06,156.0,2022,3,Sunday,6,0,0,1,0,0,0
2022-03-07,2.264734,0.11643762,2.282837304,2.0688808400000003,1.4834521670574539,3.944591774,3.3591631010574536,0.5854286729425465,227.2,2022-03-07,157.0,2022,3,Monday,0,1,0,0,0,0,0
2022-03-08,2.1545484,0.11077261,2.183768352,1.9450045580000002,1.4074968516166013,3.728029113,3.190521406616601,0.5375077063833988,214.555,2022-03-08,158.0,2022,3,Tuesday,1,0,0,0,0,0,0
2022-03-09,1.9688363999999998,0.10122453,2.0075936640000003,1.8614091830000001,1.427967318373352,3.49332343,3.0598815653733515,0.43344186462664813,155.88,2022-03-09,159.0,2022,3,Wednesday,2,0,0,0,0,0,0
2022-03-10,1.7682331999999998,0.09091084,1.8192401040000001,1.715228113,1.3954675604472828,3.19241712,2.872656567447283,0.3197605525527171,126.4,2022-03-10,160.0,2022,3,Thursday,3,0,0,0,0,0,0
2022-03-11,1.6947408,0.08713234,1.788131712,1.617948859,1.3220312800739866,2.967270055,2.6713524760739866,0.29591757892601345,131.23,2022-03-11,161.0,2022,3,Friday,4,0,1,0,0,0,0
2022-03-12,1.5414878,0.07925309,1.653093696,1.424857767,1.1456892894984816,2.610444835,2.331276357498482,0.27916847750151835,,2022-03-12,162.0,2022,3,Saturday,5,0,0,1,0,0,0
2022-03-13,1.4369531,0.07387861,1.5394516800000002,1.423768746,0.738687469767514,2.588833723,1.903752446767514,0.6850812762324859,,2022-03-13,163.0,2022,3,Sunday,6,0,0,1,0,0,0
2022-03-14,1.4287944,0.07345914,1.4848397759999998,1.8393084910000002,0.9678692747527338,3.064425364,2.1929861477527335,0.8714392162472664,114.52,2022-03-14,164.0,2022,3,Monday,0,1,0,0,0,0,0
2022-03-15,1.4684273,0.07549681,1.4640782159999999,1.928765496,1.3039772740645534,3.166203259,2.5414150370645534,0.6247882219354467,115.44,2022-03-15,165.0,2022,3,Tuesday,1,0,0,0,0,0,0
2022-03-16,1.4305843999999999,0.07355118,1.335888936,1.795979072,1.1461082821297541,3.110834406,2.460963616129754,0.6498707898702459,102.625,2022-03-16,166.0,2022,3,Wednesday,2,0,0,0,0,0,0
2022-03-17,1.4090534,0.07244419,1.365212952,1.814392113,1.2232293224098838,2.960232142,2.369069351409884,0.5911627905901162,105.09,2022-03-17,167.0,2022,3,Thursday,3,0,0,0,0,0,0
2022-03-18,1.4247386,0.07325062,1.413673968,1.695147594,1.38573584268087,3.004478876,2.6950671246808695,0.3094117513191302,105.045,2022-03-18,168.0,2022,3,Friday,4,0,1,0,0,0,0
2022-03-19,1.4503678999999998,0.07456831,1.4912984160000002,1.379604928,1.0883992210947089,2.632413428,2.3412077210947086,0.2912057069052912,,2022-03-19,169.0,2022,3,Saturday,5,0,0,1,0,0,0
2022-03-20,1.4039841,0.072183564,1.48168068,1.401364275,0.8473097958425364,2.683291425,2.1292369458425364,0.5540544791574635,,2022-03-20,170.0,2022,3,Sunday,6,0,0,1,0,0,0
2022-03-21,1.3409258999999998,0.068941526,1.392374304,1.752227051,1.0494928209002667,2.692655841,1.989921610900267,0.7027342300997331,96.302,2022-03-21,171.0,2022,3,Monday,0,1,0,0,0,0,0
2022-03-22,1.2486496,0.064197294,1.298473968,1.7638500270000002,1.037471617799095,2.834050378,2.107671968799095,0.726378409200905,98.745,2022-03-22,172.0,2022,3,Tuesday,1,0,0,0,0,0,0
2022-03-23,1.1645908,0.059875548,1.1927606160000002,1.722181395,0.9840149122006556,2.790060877,2.051894394200656,0.7381664827993444,117.0,2022-03-23,173.0,2022,3,Wednesday,2,0,0,0,0,0,0
2022-03-24,1.1323347,0.05821715,1.1393985839999998,1.723888782,1.160394655239049,2.802155501,2.238661374239049,0.5634941267609509,111.61,2022-03-24,174.0,2022,3,Thursday,3,0,0,0,0,0,0
2022-03-25,1.064561,0.054732677,1.110756576,1.5503707540000002,1.172615211865395,2.419715201,2.0419596588653945,0.3777555421346054,101.27,2022-03-25,175.0,2022,3,Friday,4,0,1,0,0,0,0
