time,commercial_space TWh,residential_space TWh,commercial_water TWh,residential_water TWh,aggregated(no_dist_heat),dist_heat,aggregated(incl_dist_heat)
2020-01-01 00:00:00+00:00,0.7787801,1.4058903,0.022355199,0.1513765,2.358402,0.12125341,2.4796555
2020-01-02 00:00:00+00:00,0.7848322,1.4046229,0.022613613,0.1513765,2.363445,0.12151269,2.4849577
2020-01-03 00:00:00+00:00,0.6441475,1.1880516,0.022256646,0.1513765,2.0058322,0.10312661,2.1089587
2020-01-04 00:00:00+00:00,0.5523244,1.1072596,0.02027035,0.1513765,1.8312309,0.09414976,1.9253806
2020-01-05 00:00:00+00:00,0.5590908,1.1111343,0.020530956,0.1513765,1.8421326,0.09471025,1.9368428
2020-01-06 00:00:00+00:00,0.631619,1.1437111,0.022530394,0.1513765,1.949237,0.10021685,2.0494537
2020-01-07 00:00:00+00:00,0.6194449,1.1246252,0.022558862,0.1513765,1.9180053,0.09861113,2.0166166
2020-01-08 00:00:00+00:00,0.53985894,1.001401,0.022355199,0.1513765,1.7149916,0.08817351,1.8031651
2020-01-09 00:00:00+00:00,0.4304022,0.81193763,0.022613613,0.1513765,1.41633,0.07281831,1.4891483
2020-01-10 00:00:00+00:00,0.4040548,0.7809525,0.022256646,0.1513765,1.3586404,0.06985229,1.4284928
2020-01-11 00:00:00+00:00,0.4650399,0.94642,0.02027035,0.1513765,1.5831068,0.08139286,1.6644996
2020-01-12 00:00:00+00:00,0.52643234,1.0527681,0.020530956,0.1513765,1.7511079,0.09003037,1.8411384
2020-01-13 00:00:00+00:00,0.56447655,1.0326037,0.022530394,0.1513765,1.7709872,0.09105243,1.8620396
2020-01-14 00:00:00+00:00,0.48979515,0.9103789,0.022558862,0.1513765,1.5741093,0.08093027,1.6550395
2020-01-15 00:00:00+00:00,0.4008358,0.7681007,0.022355199,0.1513765,1.3426682,0.069031104,1.4116993
2020-01-16 00:00:00+00:00,0.4172507,0.78995514,0.022613613,0.1513765,1.3811959,0.071011946,1.4522078
2020-01-17 00:00:00+00:00,0.45160156,0.86147183,0.022256646,0.1513765,1.4867065,0.0764366,1.5631431
2020-01-18 00:00:00+00:00,0.48672378,0.98648274,0.02027035,0.1513765,1.6448534,0.084567465,1.7294208
2020-01-19 00:00:00+00:00,0.56887656,1.128558,0.020530956,0.1513765,1.8693421,0.09610919,1.9654512
2020-01-20 00:00:00+00:00,0.6708845,1.2096578,0.022530394,0.1513765,2.0544493,0.10562617,2.1600754
2020-01-21 00:00:00+00:00,0.7362059,1.3222065,0.022558862,0.1513765,2.2323477,0.114772536,2.3471203
2020-01-22 00:00:00+00:00,0.7520648,1.3618453,0.022355199,0.1513765,2.2876418,0.11761539,2.4052572
2020-01-23 00:00:00+00:00,0.75215364,1.3510786,0.022613613,0.1513765,2.2772224,0.11707969,2.3943021
2020-01-24 00:00:00+00:00,0.76049536,1.390438,0.022256646,0.1513765,2.3245664,0.1195138,2.44408
2020-01-25 00:00:00+00:00,0.6929639,1.3706169,0.02027035,0.1513765,2.2352276,0.114920594,2.3501482
2020-01-26 00:00:00+00:00,0.658863,1.2961149,0.020530956,0.1513765,2.1268854,0.10935036,2.2362359
2020-01-27 00:00:00+00:00,0.6136711,1.1132857,0.022530394,0.1513765,1.9008638,0.097729824,1.9985936
2020-01-28 00:00:00+00:00,0.579372,1.056232,0.022558862,0.1513765,1.8095392,0.09303452,1.9025737
2020-01-29 00:00:00+00:00,0.5866095,1.0778053,0.022355199,0.1513765,1.8381464,0.09450532,1.9326518
2020-01-30 00:00:00+00:00,0.5215642,0.96347445,0.022613613,0.1513765,1.6590288,0.08529627,1.744325
2020-01-31 00:00:00+00:00,0.3598354,0.7072617,0.022256646,0.1513765,1.2407302,0.06379013,1.3045202
2020-02-01 00:00:00+00:00,0.27075917,0.59174055,0.02027035,0.1513765,1.0341465,0.053168964,1.0873156
2020-02-02 00:00:00+00:00,0.2889286,0.6214351,0.020530956,0.1513765,1.0822711,0.055643212,1.1379143
2020-02-03 00:00:00+00:00,0.337132,0.6539747,0.022530394,0.1513765,1.1650137,0.059897285,1.224911
2020-02-04 00:00:00+00:00,0.47202763,0.8789614,0.022558862,0.1513765,1.5249243,0.078401506,1.6033258
2020-02-05 00:00:00+00:00,0.5776891,1.0620717,0.022355199,0.1513765,1.8134924,0.093237765,1.9067302
2020-02-06 00:00:00+00:00,0.6392166,1.1582786,0.022613613,0.1513765,1.9714853,0.101360716,2.072846
2020-02-07 00:00:00+00:00,0.6430215,1.1869702,0.022256646,0.1513765,2.003625,0.10301312,2.106638
2020-02-08 00:00:00+00:00,0.56886756,1.1407677,0.02027035,0.1513765,1.8812821,0.096723065,1.9780052
2020-02-09 00:00:00+00:00,0.44536904,0.9064854,0.020530956,0.1513765,1.5237619,0.078341745,1.6021036
2020-02-10 00:00:00+00:00,0.43619356,0.81904596,0.022530394,0.1513765,1.4291464,0.07347724,1.5026237
2020-02-11 00:00:00+00:00,0.50728524,0.9372227,0.022558862,0.1513765,1.6184433,0.083209634,1.7016529
2020-02-12 00:00:00+00:00,0.55717355,1.0279188,0.022355199,0.1513765,1.758824,0.09042708,1.849251
2020-02-13 00:00:00+00:00,0.5967635,1.0864267,0.022613613,0.1513765,1.8571804,0.095483914,1.9526643
2020-02-14 00:00:00+00:00,0.5507645,1.0286207,0.022256646,0.1513765,1.7530184,0.09012859,1.8431469
2020-02-15 00:00:00+00:00,0.451818,0.9252348,0.02027035,0.1513765,1.5486996,0.07962388,1.6283236
2020-02-16 00:00:00+00:00,0.30311182,0.6476428,0.020530956,0.1513765,1.1226621,0.057719845,1.1803819
2020-02-17 00:00:00+00:00,0.33985144,0.6595812,0.022530394,0.1513765,1.1733395,0.060325343,1.2336649
2020-02-18 00:00:00+00:00,0.4085484,0.77400744,0.022558862,0.1513765,1.3564912,0.06974179,1.426233
2020-02-19 00:00:00+00:00,0.47918895,0.8982437,0.022355199,0.1513765,1.5511644,0.0797506,1.6309149
2020-02-20 00:00:00+00:00,0.49981493,0.92630166,0.022613613,0.1513765,1.6001067,0.08226689,1.6823736
2020-02-21 00:00:00+00:00,0.5038566,0.9500963,0.022256646,0.1513765,1.627586,0.08367969,1.7112657
2020-02-22 00:00:00+00:00,0.41060036,0.8484851,0.02027035,0.1513765,1.4307323,0.07355878,1.504291
2020-02-23 00:00:00+00:00,0.35626048,0.7437634,0.020530956,0.1513765,1.2719313,0.06539428,1.3373256
2020-02-24 00:00:00+00:00,0.42293057,0.7974857,0.022530394,0.1513765,1.3943232,0.071686864,1.4660101
2020-02-25 00:00:00+00:00,0.42423713,0.79961413,0.022558862,0.1513765,1.3977865,0.071864925,1.4696515
2020-02-26 00:00:00+00:00,0.5487674,1.0132295,0.022355199,0.1513765,1.7357286,0.089239664,1.8249683
2020-02-27 00:00:00+00:00,0.62859565,1.1391468,0.022613613,0.1513765,1.9417325,0.09983102,2.0415635
2020-02-28 00:00:00+00:00,0.6206979,1.1478553,0.022256646,0.1513765,1.9421864,0.09985436,2.0420408
2020-02-29 00:00:00+00:00,0.47414687,0.9637565,0.02027035,0.1513765,1.6095502,0.082752414,1.6923027
2020-03-01 00:00:00+00:00,0.43406743,0.88506216,0.020530956,0.1513765,1.491037,0.07665925,1.5676962
2020-03-02 00:00:00+00:00,0.4789081,0.88965654,0.022530394,0.1513765,1.5424715,0.07930367,1.6217752
2020-03-03 00:00:00+00:00,0.52818197,0.9717495,0.022558862,0.1513765,1.6738667,0.08605914,1.7599258
2020-03-04 00:00:00+00:00,0.56902575,1.047986,0.022355199,0.1513765,1.7907435,0.092068166,1.8828117
2020-03-05 00:00:00+00:00,0.56277907,1.0299821,0.022613613,0.1513765,1.7667513,0.09083465,1.8575859
2020-03-06 00:00:00+00:00,0.54196066,1.0133853,0.022256646,0.1513765,1.7289791,0.08889265,1.8178718
2020-03-07 00:00:00+00:00,0.5039027,1.0182978,0.02027035,0.1513765,1.6938473,0.08708641,1.7809337
2020-03-08 00:00:00+00:00,0.4578509,0.92845905,0.020530956,0.1513765,1.5582174,0.08011322,1.6383306
2020-03-09 00:00:00+00:00,0.47235912,0.8797554,0.022530394,0.1513765,1.5260214,0.07845791,1.6044793
2020-03-10 00:00:00+00:00,0.44057688,0.8285789,0.022558862,0.1513765,1.443091,0.074194185,1.5172852
2020-03-11 00:00:00+00:00,0.31675225,0.6273076,0.022355199,0.1513765,1.1177915,0.057469435,1.175261
2020-03-12 00:00:00+00:00,0.2990947,0.5930531,0.022613613,0.1513765,1.0661379,0.05481375,1.1209517
2020-03-13 00:00:00+00:00,0.38416404,0.74719507,0.022256646,0.1513765,1.3049922,0.06709406,1.3720863
2020-03-14 00:00:00+00:00,0.43615517,0.8942205,0.02027035,0.1513765,1.5020225,0.077224046,1.5792465
2020-03-15 00:00:00+00:00,0.40612507,0.83570105,0.020530956,0.1513765,1.4137335,0.07268481,1.4864182
2020-03-16 00:00:00+00:00,0.37699315,0.7223494,0.022530394,0.1513765,1.2732495,0.06546205,1.3387115
2020-03-17 00:00:00+00:00,0.32921746,0.6433491,0.022558862,0.1513765,1.146502,0.05894554,1.2054476
2020-03-18 00:00:00+00:00,0.2817593,0.5682116,0.022355199,0.1513765,1.0237026,0.052632008,1.0763346
2020-03-19 00:00:00+00:00,0.27025345,0.5449969,0.022613613,0.1513765,0.98924047,0.050860193,1.0401007
2020-03-20 00:00:00+00:00,0.3105975,0.62187606,0.022256646,0.1513765,1.1061068,0.056868684,1.1629754
2020-03-21 00:00:00+00:00,0.4223639,0.867568,0.02027035,0.1513765,1.4615787,0.07514469,1.5367234
2020-03-22 00:00:00+00:00,0.5370618,1.0699991,0.020530956,0.1513765,1.7789683,0.09146277,1.8704311
2020-03-23 00:00:00+00:00,0.664106,1.1973348,0.022530394,0.1513765,2.0353477,0.1046441,2.1399918
2020-03-24 00:00:00+00:00,0.67519534,1.216997,0.022558862,0.1513765,2.0661278,0.1062266,2.1723545
2020-03-25 00:00:00+00:00,0.64342177,1.1741872,0.022355199,0.1513765,1.9913406,0.10238154,2.093722
2020-03-26 00:00:00+00:00,0.60420126,1.0998266,0.022613613,0.1513765,1.878018,0.09655525,1.9745733
2020-03-27 00:00:00+00:00,0.46258464,0.8808169,0.022256646,0.1513765,1.5170346,0.077995874,1.5950305
2020-03-28 00:00:00+00:00,0.37136462,0.7743212,0.02027035,0.1513765,1.3173326,0.06772852,1.3850611
2020-03-29 00:00:00+00:00,0.4810372,0.96466815,0.020353567,0.1515188,1.6175778,0.08316513,1.700743
2020-03-30 00:00:00+00:00,0.6313293,1.1405,0.022497544,0.1513765,1.9457033,0.100035176,2.0457385
2020-03-31 00:00:00+00:00,0.66514045,1.2001715,0.022552293,0.1513765,2.0392406,0.10484424,2.144085
2020-04-01 00:00:00+00:00,0.64465994,1.1766666,0.022361768,0.1513765,1.9950647,0.102573015,2.0976377
2020-04-02 00:00:00+00:00,0.56856954,1.0419279,0.022615802,0.1513765,1.7844898,0.09174664,1.8762364
2020-04-03 00:00:00+00:00,0.49307197,0.9340155,0.022291686,0.1513765,1.6007557,0.08230025,1.683056
2020-04-04 00:00:00+00:00,0.4082148,0.8416384,0.020344809,0.1513765,1.4215745,0.073087946,1.4946624
2020-04-05 00:00:00+00:00,0.2985424,0.64397734,0.020452116,0.1513765,1.1143484,0.057292413,1.1716409
2020-04-06 00:00:00+00:00,0.20653482,0.4375094,0.022497544,0.1513765,0.81791824,0.042051937,0.85997015
2020-04-07 00:00:00+00:00,0.14903946,0.33897805,0.022551892,0.15137276,0.6619421,0.03403268,0.6959748
2020-04-08 00:00:00+00:00,0.106310494,0.2591764,0.022354174,0.15119539,0.53903645,0.027713684,0.5667501
2020-04-09 00:00:00+00:00,0.116329305,0.27426738,0.022609184,0.15121906,0.56442493,0.02901899,0.59344393
2020-04-10 00:00:00+00:00,0.15741314,0.3545568,0.022287589,0.15127663,0.6855342,0.035245627,0.7207798
2020-04-11 00:00:00+00:00,0.16022716,0.3833381,0.020342844,0.15132715,0.71523523,0.036772657,0.7520079
2020-04-12 00:00:00+00:00,0.124046125,0.30613074,0.020448884,0.15128894,0.6019147,0.030946467,0.6328612
2020-04-13 00:00:00+00:00,0.24418963,0.49641806,0.022497544,0.1513765,0.9144817,0.04701659,0.96149826
2020-04-14 00:00:00+00:00,0.39534995,0.75345045,0.022552293,0.1513765,1.3227291,0.06800597,1.390735
2020-04-15 00:00:00+00:00,0.37143862,0.7204517,0.022361768,0.1513765,1.2656286,0.065070234,1.3306988
2020-04-16 00:00:00+00:00,0.26047337,0.5297384,0.022615802,0.15137649,0.9642041,0.049572986,1.013777
2020-04-17 00:00:00+00:00,0.18612057,0.40909192,0.022291277,0.15137291,0.7688767,0.039530545,0.8084072
2020-04-18 00:00:00+00:00,0.13449131,0.32952446,0.020339329,0.15123041,0.63558555,0.0326776,0.66826314
2020-04-19 00:00:00+00:00,0.15638588,0.3701463,0.020449053,0.15129451,0.69827574,0.035900712,0.73417646
2020-04-20 00:00:00+00:00,0.19455302,0.41376635,0.022496648,0.151355,0.782171,0.04021405,0.8223851
2020-04-21 00:00:00+00:00,0.1776767,0.38675928,0.022551823,0.15136583,0.7383536,0.037961252,0.77631485
2020-04-22 00:00:00+00:00,0.14897127,0.3387294,0.022360737,0.15135239,0.66141385,0.03400552,0.6954194
2020-04-23 00:00:00+00:00,0.1280922,0.29982674,0.022614302,0.15134108,0.60187435,0.030944392,0.63281876
2020-04-24 00:00:00+00:00,0.11790258,0.28536958,0.02229051,0.15134776,0.5769104,0.02966091,0.6065713
2020-04-25 00:00:00+00:00,0.16115798,0.38618922,0.020344362,0.15136425,0.71905583,0.036969088,0.7560249
2020-04-26 00:00:00+00:00,0.18245775,0.42542878,0.020452084,0.15137623,0.7797149,0.040087774,0.81980264
2020-04-27 00:00:00+00:00,0.1537137,0.34500626,0.022496963,0.151363,0.67257994,0.034579605,0.7071595
2020-04-28 00:00:00+00:00,0.14329252,0.32629547,0.022551479,0.15135664,0.6434961,0.033084307,0.6765804
2020-04-29 00:00:00+00:00,0.15620212,0.35121414,0.022361768,0.1513765,0.6811545,0.035020452,0.71617496
2020-04-30 00:00:00+00:00,0.1793457,0.38937807,0.022615802,0.1513765,0.7427161,0.03818554,0.7809016
2020-05-01 00:00:00+00:00,0.22183639,0.47264552,0.022291686,0.1513765,0.86815006,0.044634525,0.9127846
2020-05-02 00:00:00+00:00,0.2549057,0.5606312,0.020344809,0.1513765,0.9872582,0.050758276,1.0380164
2020-05-03 00:00:00+00:00,0.24741313,0.54690105,0.020452116,0.1513765,0.9661428,0.049672663,1.0158155
2020-05-04 00:00:00+00:00,0.26036614,0.5269956,0.022497544,0.1513765,0.96123576,0.049420375,1.0106561
2020-05-05 00:00:00+00:00,0.30001706,0.59497917,0.022552293,0.1513765,1.068925,0.054957043,1.123882
2020-05-06 00:00:00+00:00,0.28596926,0.57553923,0.022361768,0.1513765,1.0352467,0.05322553,1.0884722
2020-05-07 00:00:00+00:00,0.2263657,0.47291705,0.022615725,0.15137582,0.8732743,0.04489798,0.9181723
2020-05-08 00:00:00+00:00,0.12799081,0.30752313,0.022288576,0.15132992,0.60913247,0.03131756,0.64045
2020-05-09 00:00:00+00:00,0.06465944,0.18808413,0.020316646,0.15067594,0.42373616,0.021785706,0.44552186
2020-05-10 00:00:00+00:00,0.06108246,0.16446677,0.02040062,0.14998166,0.39593148,0.020356175,0.41628766
2020-05-11 00:00:00+00:00,0.21136,0.4427889,0.022497408,0.15137315,0.82801944,0.042571276,0.8705907
2020-05-12 00:00:00+00:00,0.3409232,0.66248816,0.022552293,0.1513765,1.17734,0.060531024,1.237871
2020-05-13 00:00:00+00:00,0.36348647,0.7056276,0.022361768,0.1513765,1.2428523,0.063899234,1.3067516
2020-05-14 00:00:00+00:00,0.36007184,0.696816,0.022615802,0.1513765,1.2308801,0.063283704,1.2941638
2020-05-15 00:00:00+00:00,0.31615436,0.6336565,0.022291686,0.1513765,1.123479,0.057761848,1.1812408
2020-05-16 00:00:00+00:00,0.23142597,0.5201909,0.020344809,0.1513765,0.9233381,0.04747193,0.97081006
2020-05-17 00:00:00+00:00,0.1756963,0.4154255,0.020452099,0.15137635,0.76295024,0.039225847,0.8021761
2020-05-18 00:00:00+00:00,0.10549123,0.26175785,0.02249508,0.15134925,0.5410934,0.027819438,0.56891286
2020-05-19 00:00:00+00:00,0.061299667,0.16498865,0.022509344,0.15039039,0.39918804,0.020523604,0.41971165
2020-05-20 00:00:00+00:00,0.056015536,0.15053897,0.02228393,0.14957055,0.37840897,0.019455282,0.39786425
2020-05-21 00:00:00+00:00,0.04565431,0.123624615,0.022479367,0.14823331,0.3399916,0.017480116,0.3574717
2020-05-22 00:00:00+00:00,0.034219027,0.09568815,0.02209511,0.14654014,0.29854244,0.015349074,0.3138915
2020-05-23 00:00:00+00:00,0.05268482,0.1544353,0.020297198,0.15007107,0.37748837,0.019407952,0.39689633
2020-05-24 00:00:00+00:00,0.09329168,0.25258318,0.020451624,0.15136424,0.5176907,0.026616227,0.54430693
2020-05-25 00:00:00+00:00,0.11839156,0.28238317,0.022496477,0.1513513,0.5746225,0.029543282,0.6041658
2020-05-26 00:00:00+00:00,0.11985231,0.28679475,0.022550238,0.15134223,0.5805395,0.029847497,0.610387
2020-05-27 00:00:00+00:00,0.08381058,0.21528311,0.022341678,0.15090153,0.4723369,0.024284434,0.4966213
2020-05-28 00:00:00+00:00,0.08592075,0.21725222,0.022592753,0.15083441,0.47660014,0.024503622,0.50110376
2020-05-29 00:00:00+00:00,0.08626603,0.22220477,0.022269195,0.15084994,0.48158994,0.024760164,0.5063501
2020-05-30 00:00:00+00:00,0.08196547,0.22260886,0.020316524,0.15063299,0.47552383,0.024448285,0.4999721
2020-05-31 00:00:00+00:00,0.07965268,0.21575728,0.020423444,0.15070084,0.46653426,0.023986101,0.49052036
2020-06-01 00:00:00+00:00,0.05153771,0.1366235,0.022390645,0.14895463,0.3595065,0.018483441,0.37798992
2020-06-02 00:00:00+00:00,0.031758375,0.08424957,0.02231255,0.14576373,0.2840842,0.014605728,0.29868993
2020-06-03 00:00:00+00:00,0.02628683,0.0695963,0.022080457,0.14455266,0.26251626,0.013496847,0.2760131
2020-06-04 00:00:00+00:00,0.045163028,0.1171057,0.02250205,0.1486116,0.33338237,0.017140312,0.35052267
2020-06-05 00:00:00+00:00,0.104771554,0.2602587,0.022284668,0.15120326,0.5385182,0.027687037,0.5662052
2020-06-06 00:00:00+00:00,0.12812993,0.32404724,0.02034354,0.15134177,0.6238625,0.032074876,0.6559374
2020-06-07 00:00:00+00:00,0.13191295,0.32928413,0.020452023,0.15137516,0.6330243,0.032545917,0.6655702
2020-06-08 00:00:00+00:00,0.123430796,0.29222748,0.022495875,0.15134394,0.58949804,0.030308085,0.6198061
2020-06-09 00:00:00+00:00,0.10578986,0.2583341,0.0225416,0.15113121,0.5377968,0.027649948,0.56544673
2020-06-10 00:00:00+00:00,0.08950897,0.22715573,0.02234211,0.15091968,0.4899265,0.025188774,0.51511526
2020-06-11 00:00:00+00:00,0.06950899,0.1836478,0.02257385,0.15052766,0.4262583,0.021915378,0.44817367
2020-06-12 00:00:00+00:00,0.030158332,0.08455617,0.022081377,0.14652078,0.28331667,0.014566267,0.29788294
2020-06-13 00:00:00+00:00,0.018670777,0.055193536,0.020020297,0.14282815,0.23671275,0.012170202,0.24888295
2020-06-14 00:00:00+00:00,0.024235064,0.06853325,0.020179214,0.14423864,0.25718617,0.01322281,0.270409
2020-06-15 00:00:00+00:00,0.029785886,0.07987934,0.022238,0.14522222,0.27712545,0.014247955,0.2913734
2020-06-16 00:00:00+00:00,0.03181019,0.084778495,0.022310771,0.14569335,0.2845928,0.014631877,0.29922467
2020-06-17 00:00:00+00:00,0.030820508,0.08291918,0.02209958,0.14510691,0.2809462,0.014444392,0.29539058
2020-06-18 00:00:00+00:00,0.032227777,0.08636126,0.022382319,0.14585099,0.28682235,0.014746505,0.30156887
2020-06-19 00:00:00+00:00,0.035053737,0.09700545,0.022092648,0.14660168,0.3007535,0.015462753,0.31621626
2020-06-20 00:00:00+00:00,0.033743106,0.09808959,0.020177042,0.14704764,0.29905736,0.015375549,0.31443292
2020-06-21 00:00:00+00:00,0.02822846,0.07945611,0.020234296,0.14575256,0.27367145,0.014070373,0.2877418
2020-06-22 00:00:00+00:00,0.025207585,0.06714563,0.02221095,0.1446412,0.25920537,0.0133266235,0.272532
2020-06-23 00:00:00+00:00,0.020937204,0.056262013,0.022206178,0.14326686,0.24267226,0.012476601,0.25514886
2020-06-24 00:00:00+00:00,0.01662072,0.046635292,0.02194533,0.14151068,0.22671202,0.01165603,0.23836805
2020-06-25 00:00:00+00:00,0.0140501335,0.040736116,0.022134982,0.14011173,0.21703297,0.011158397,0.22819136
2020-06-26 00:00:00+00:00,0.010812236,0.03353089,0.021749832,0.1384908,0.20458376,0.010518342,0.2151021
2020-06-27 00:00:00+00:00,0.009104802,0.027218787,0.019805394,0.13713536,0.19326434,0.009936372,0.20320071
2020-06-28 00:00:00+00:00,0.0129906405,0.037439268,0.020011464,0.13974579,0.21018717,0.010806432,0.2209936
2020-06-29 00:00:00+00:00,0.02205322,0.05892865,0.022172023,0.14360906,0.24676295,0.012686916,0.25944987
2020-06-30 00:00:00+00:00,0.027355295,0.07233203,0.022298383,0.14543451,0.26742023,0.013748977,0.2811692
2020-07-01 00:00:00+00:00,0.022835454,0.061441112,0.022047523,0.14388308,0.2502072,0.012863996,0.26307118
2020-07-02 00:00:00+00:00,0.02464819,0.06604924,0.022322083,0.14442721,0.2574467,0.013236204,0.2706829
2020-07-03 00:00:00+00:00,0.026631234,0.07464409,0.022045847,0.14555363,0.26887482,0.013823763,0.28269857
2020-07-04 00:00:00+00:00,0.022398217,0.065576285,0.020075442,0.14446203,0.25251198,0.012982493,0.26549447
2020-07-05 00:00:00+00:00,0.017563386,0.04926105,0.020092217,0.14185186,0.22876851,0.011761761,0.24053027
2020-07-06 00:00:00+00:00,0.03048927,0.0807553,0.022269607,0.14589266,0.27940685,0.014365249,0.2937721
2020-07-07 00:00:00+00:00,0.04436086,0.1207048,0.022446299,0.14885068,0.33636266,0.01729354,0.3536562
2020-07-08 00:00:00+00:00,0.05521909,0.15262501,0.022286026,0.14966662,0.37979674,0.019526633,0.39932337
2020-07-09 00:00:00+00:00,0.041202232,0.11024074,0.022424463,0.14693242,0.32079986,0.016493404,0.33729327
2020-07-10 00:00:00+00:00,0.036655053,0.1008394,0.022051658,0.14554213,0.30508822,0.015685616,0.32077384
2020-07-11 00:00:00+00:00,0.04370267,0.1295382,0.020224674,0.14820328,0.34166884,0.01756635,0.3592352
2020-07-12 00:00:00+00:00,0.0446229,0.13135403,0.020356096,0.1489328,0.3452658,0.01775128,0.36301708
2020-07-13 00:00:00+00:00,0.036950413,0.10005264,0.022338917,0.14767705,0.307019,0.015784884,0.32280388
2020-07-14 00:00:00+00:00,0.031874605,0.08475654,0.022337427,0.14625946,0.285228,0.014664535,0.29989254
2020-07-15 00:00:00+00:00,0.037650306,0.10100189,0.022217488,0.14788732,0.308757,0.01587424,0.32463124
2020-07-16 00:00:00+00:00,0.04763213,0.13058923,0.022539858,0.14961956,0.35038078,0.018014258,0.36839503
2020-07-17 00:00:00+00:00,0.04029388,0.11326435,0.02217258,0.1486548,0.3243856,0.01667776,0.34106338
2020-07-18 00:00:00+00:00,0.027033634,0.07866098,0.020119661,0.14566687,0.27148116,0.013957763,0.28543893
2020-07-19 00:00:00+00:00,0.017144978,0.049220763,0.020085353,0.1418179,0.228269,0.01173608,0.24000508
2020-07-20 00:00:00+00:00,0.018211033,0.049814083,0.022108251,0.14210352,0.23223689,0.011940083,0.24417697
2020-07-21 00:00:00+00:00,0.024630923,0.065741315,0.02224624,0.1441166,0.2567351,0.013199617,0.2699347
2020-07-22 00:00:00+00:00,0.029021213,0.07978735,0.022110019,0.14541334,0.2763319,0.014207156,0.29053906
2020-07-23 00:00:00+00:00,0.025835266,0.070142545,0.022330644,0.14472625,0.2630347,0.013523502,0.2765582
2020-07-24 00:00:00+00:00,0.019566882,0.056330007,0.021944048,0.1431449,0.24098584,0.0123898955,0.25337574
2020-07-25 00:00:00+00:00,0.015697828,0.047589093,0.019975184,0.14168616,0.22494826,0.011565349,0.2365136
2020-07-26 00:00:00+00:00,0.017348025,0.049575582,0.020096732,0.1421755,0.22919583,0.011783731,0.24097957
2020-07-27 00:00:00+00:00,0.015517027,0.043587986,0.022057911,0.14102763,0.22219056,0.011423566,0.23361413
2020-07-28 00:00:00+00:00,0.01336318,0.0377554,0.022056634,0.13960233,0.21277755,0.010939612,0.22371717
2020-07-29 00:00:00+00:00,0.01867451,0.051700518,0.02197424,0.14216532,0.23451458,0.012057186,0.24657176
2020-07-30 00:00:00+00:00,0.01850514,0.051788077,0.022208776,0.14194378,0.23444578,0.012053649,0.24649943
2020-07-31 00:00:00+00:00,0.010717456,0.0326104,0.021724895,0.13798133,0.20303407,0.010438667,0.21347274
2020-08-01 00:00:00+00:00,0.0076312283,0.021875352,0.019730391,0.13517794,0.18441491,0.009481393,0.1938963
2020-08-02 00:00:00+00:00,0.010991513,0.031282865,0.019950131,0.13811661,0.20034112,0.0103002135,0.21064134
2020-08-03 00:00:00+00:00,0.021154162,0.05639774,0.022152722,0.14311373,0.24281836,0.012484112,0.25530246
2020-08-04 00:00:00+00:00,0.032485176,0.085984334,0.022337211,0.14635776,0.28716448,0.014764096,0.30192858
2020-08-05 00:00:00+00:00,0.026945893,0.07334759,0.022066867,0.1444952,0.26685557,0.013719945,0.2805755
2020-08-06 00:00:00+00:00,0.014721483,0.042646848,0.022129983,0.14010501,0.21960333,0.011290548,0.23089388
2020-08-07 00:00:00+00:00,0.006721445,0.021788744,0.021605603,0.135177,0.1852928,0.009526528,0.19481933
2020-08-08 00:00:00+00:00,0.004115805,0.0118385395,0.019555826,0.1308042,0.16631436,0.008550783,0.17486514
2020-08-09 00:00:00+00:00,0.0030551173,0.009050603,0.01960544,0.12932967,0.16104083,0.008279652,0.16932048
2020-08-10 00:00:00+00:00,0.0026880754,0.009125698,0.02157753,0.12960821,0.16299951,0.008380355,0.17137986
2020-08-11 00:00:00+00:00,0.0026824514,0.0090851365,0.021631233,0.12961611,0.16301493,0.008381148,0.17139608
2020-08-12 00:00:00+00:00,0.0029744145,0.009946727,0.021478845,0.13028993,0.16468991,0.0084672645,0.17315719
2020-08-13 00:00:00+00:00,0.0043010837,0.014129147,0.021815484,0.13244776,0.17269348,0.008878754,0.18157223
2020-08-14 00:00:00+00:00,0.006122697,0.020708956,0.0216113,0.13506491,0.18350786,0.009434759,0.19294262
2020-08-15 00:00:00+00:00,0.008285002,0.02448591,0.019773202,0.1364452,0.18898931,0.009716579,0.1987059
2020-08-16 00:00:00+00:00,0.0080264835,0.022605097,0.019858431,0.13582489,0.1863149,0.009579077,0.19589397
2020-08-17 00:00:00+00:00,0.0104449745,0.030931145,0.021937873,0.13804333,0.20135732,0.01035246,0.21170978
2020-08-18 00:00:00+00:00,0.0143391155,0.04075489,0.022087825,0.14038987,0.2175717,0.011186096,0.2287578
2020-08-19 00:00:00+00:00,0.01426543,0.0414041,0.021906998,0.14066103,0.21823755,0.011220329,0.22945789
2020-08-20 00:00:00+00:00,0.007977056,0.025648488,0.021997865,0.13696912,0.19259253,0.009901832,0.20249437
2020-08-21 00:00:00+00:00,0.003976888,0.014374546,0.021525724,0.13295792,0.17283508,0.008886035,0.18172112
2020-08-22 00:00:00+00:00,0.0076297396,0.022817163,0.019765634,0.13600275,0.18621528,0.009573956,0.19578923
2020-08-23 00:00:00+00:00,0.01483456,0.041797925,0.020046275,0.14063463,0.21731338,0.011172814,0.2284862
2020-08-24 00:00:00+00:00,0.026356062,0.06947362,0.022229299,0.14498495,0.26304394,0.013523977,0.2765679
2020-08-25 00:00:00+00:00,0.030825874,0.0814083,0.022337278,0.14633664,0.2809081,0.014442435,0.29535055
2020-08-26 00:00:00+00:00,0.02764876,0.073768005,0.022109883,0.14533396,0.2688606,0.013823031,0.28268364
2020-08-27 00:00:00+00:00,0.032495473,0.08672641,0.022423433,0.14683886,0.28848416,0.014831944,0.3033161
2020-08-28 00:00:00+00:00,0.03239763,0.08994567,0.022119734,0.14721514,0.2916782,0.014996161,0.30667436
2020-08-29 00:00:00+00:00,0.038309418,0.11113198,0.020239819,0.14857139,0.3182526,0.01636244,0.33461502
2020-08-30 00:00:00+00:00,0.051647685,0.14786969,0.020391038,0.14976302,0.3696714,0.019006055,0.38867745
2020-08-31 00:00:00+00:00,0.06383603,0.16723691,0.022450993,0.1502475,0.4037714,0.020759251,0.42453066
2020-09-01 00:00:00+00:00,0.07560506,0.19700691,0.022534475,0.15094556,0.446092,0.022935096,0.4690271
2020-09-02 00:00:00+00:00,0.07990312,0.21073481,0.022351755,0.15114747,0.46413714,0.023862857,0.488
2020-09-03 00:00:00+00:00,0.06724573,0.18169035,0.0225817,0.15069026,0.42220804,0.02170714,0.4439152
2020-09-04 00:00:00+00:00,0.033364218,0.0928119,0.022121668,0.14729139,0.29558918,0.015197238,0.31078643
2020-09-05 00:00:00+00:00,0.036719006,0.10842467,0.020216767,0.14792396,0.3132844,0.016107008,0.32939142
2020-09-06 00:00:00+00:00,0.05679418,0.16519064,0.020405248,0.15012431,0.39251438,0.02018049,0.41269487
2020-09-07 00:00:00+00:00,0.06956004,0.18875998,0.022478698,0.15094507,0.4317438,0.022197407,0.4539412
2020-09-08 00:00:00+00:00,0.054576207,0.15193622,0.022509808,0.15045208,0.3794743,0.019510055,0.39898437
2020-09-09 00:00:00+00:00,0.037650082,0.10133789,0.02221924,0.14794643,0.30915365,0.015894633,0.32504827
2020-09-10 00:00:00+00:00,0.043084778,0.11888108,0.022515072,0.14901389,0.3334948,0.017146094,0.3506409
2020-09-11 00:00:00+00:00,0.043318216,0.12540492,0.022182187,0.14880846,0.33971378,0.017465832,0.3571796
2020-09-12 00:00:00+00:00,0.036603447,0.110878006,0.020204892,0.14777295,0.3154593,0.016218828,0.33167815
2020-09-13 00:00:00+00:00,0.030181302,0.08790297,0.020263303,0.14661086,0.28495842,0.014650675,0.2996091
2020-09-14 00:00:00+00:00,0.02010352,0.054729752,0.022140807,0.14304116,0.24001524,0.012339993,0.25235522
2020-09-15 00:00:00+00:00,0.013332042,0.038064152,0.02206808,0.13995051,0.21341479,0.010972375,0.22438717
2020-09-16 00:00:00+00:00,0.014487644,0.04044854,0.021894736,0.14008097,0.21691188,0.011152172,0.22806406
2020-09-17 00:00:00+00:00,0.031517006,0.084032856,0.022381393,0.14575422,0.28368548,0.014585228,0.2982707
2020-09-18 00:00:00+00:00,0.056821086,0.1531672,0.02219449,0.14902452,0.3812073,0.019599153,0.40080643
2020-09-19 00:00:00+00:00,0.06454972,0.18234047,0.020286754,0.14985228,0.4170292,0.021440879,0.43847007
2020-09-20 00:00:00+00:00,0.06349188,0.17926615,0.020399105,0.15001553,0.41317266,0.021242602,0.43441525
2020-09-21 00:00:00+00:00,0.05515808,0.14879008,0.022420451,0.14959578,0.3759644,0.0193296,0.395294
2020-09-22 00:00:00+00:00,0.041591145,0.11263158,0.022422483,0.14834778,0.32499298,0.016708987,0.34170198
2020-09-23 00:00:00+00:00,0.03589657,0.0961066,0.022195837,0.14739895,0.30159795,0.015506169,0.31710413
2020-09-24 00:00:00+00:00,0.043554284,0.11258427,0.02249273,0.14838083,0.32701212,0.016812798,0.34382492
2020-09-25 00:00:00+00:00,0.10822784,0.2653841,0.022286473,0.15124583,0.5471443,0.028130535,0.5752748
2020-09-26 00:00:00+00:00,0.19996087,0.4577582,0.02034475,0.1513747,0.8294385,0.042644233,0.8720827
2020-09-27 00:00:00+00:00,0.23466018,0.52213424,0.020452077,0.1513753,0.9286218,0.047743585,0.9763654
2020-09-28 00:00:00+00:00,0.25692296,0.5218744,0.022497512,0.15137564,0.9526706,0.04898001,1.0016506
2020-09-29 00:00:00+00:00,0.22317226,0.46584678,0.022552272,0.15137596,0.8629472,0.04436703,0.90731424
2020-09-30 00:00:00+00:00,0.16585118,0.36944687,0.022361722,0.15137532,0.70903504,0.036453884,0.74548894
2020-10-01 00:00:00+00:00,0.15011819,0.3408173,0.022615703,0.15137374,0.664925,0.03418604,0.69911104
2020-10-02 00:00:00+00:00,0.114702396,0.28280348,0.0222915,0.15137361,0.571171,0.029365828,0.6005368
2020-10-03 00:00:00+00:00,0.10910057,0.28390124,0.020343184,0.15133113,0.56467617,0.029031908,0.5937081
2020-10-04 00:00:00+00:00,0.14345646,0.3482782,0.020451989,0.15137276,0.66355944,0.034115832,0.6976753
2020-10-05 00:00:00+00:00,0.18654053,0.40210468,0.022497533,0.15137611,0.7625189,0.03920367,0.8017225
2020-10-06 00:00:00+00:00,0.18942618,0.4076691,0.022552293,0.1513765,0.77102405,0.03964095,0.810665
2020-10-07 00:00:00+00:00,0.19465762,0.42034116,0.022361768,0.1513765,0.78873706,0.040551636,0.8292887
2020-10-08 00:00:00+00:00,0.17693539,0.38732177,0.022615802,0.1513765,0.7382494,0.037955895,0.7762053
2020-10-09 00:00:00+00:00,0.16010047,0.36221105,0.022291686,0.1513765,0.69597965,0.035782665,0.7317623
2020-10-10 00:00:00+00:00,0.21857372,0.49221805,0.020344809,0.1513765,0.88251305,0.045372974,0.927886
2020-10-11 00:00:00+00:00,0.2925757,0.6297467,0.020452116,0.1513765,1.094151,0.056254,1.150405
2020-10-12 00:00:00+00:00,0.36062184,0.6945497,0.022497544,0.1513765,1.2290455,0.06318938,1.2922349
2020-10-13 00:00:00+00:00,0.3887303,0.74244493,0.022552293,0.1513765,1.305104,0.0670998,1.3722038
2020-10-14 00:00:00+00:00,0.38898605,0.74875164,0.022361768,0.1513765,1.311476,0.06742741,1.3789034
2020-10-15 00:00:00+00:00,0.37524876,0.7221137,0.022615802,0.1513765,1.2713548,0.065364644,1.3367194
2020-10-16 00:00:00+00:00,0.3635668,0.71506596,0.022291686,0.1513765,1.2523009,0.06438501,1.3166859
2020-10-17 00:00:00+00:00,0.35520074,0.74090064,0.020344809,0.1513765,1.2678227,0.06518305,1.3330058
2020-10-18 00:00:00+00:00,0.3542822,0.74423796,0.020452116,0.1513765,1.2703488,0.06531292,1.3356616
2020-10-19 00:00:00+00:00,0.37980425,0.72768235,0.022497544,0.1513765,1.2813606,0.06587908,1.3472397
2020-10-20 00:00:00+00:00,0.34236467,0.6665637,0.022552293,0.1513765,1.182857,0.060814675,1.2436717
2020-10-21 00:00:00+00:00,0.21334717,0.45412868,0.022361763,0.15137644,0.841214,0.04324965,0.88446367
2020-10-22 00:00:00+00:00,0.12390115,0.29395062,0.022615695,0.15137391,0.5918414,0.030428564,0.62227
2020-10-23 00:00:00+00:00,0.11488537,0.2831013,0.02229166,0.15137586,0.5716542,0.029390672,0.6010449
2020-10-24 00:00:00+00:00,0.12011097,0.3084067,0.020344809,0.1513765,0.600239,0.030860312,0.6310993
2020-10-25 00:00:00+00:00,0.15045716,0.3636272,0.020629505,0.1512342,0.6859481,0.035266906,0.721215
2020-10-26 00:00:00+00:00,0.23870587,0.49037766,0.022530394,0.1513765,0.9029904,0.046425786,0.94941616
2020-10-27 00:00:00+00:00,0.29177102,0.5807254,0.022558862,0.1513765,1.0464318,0.05380059,1.1002324
2020-10-28 00:00:00+00:00,0.27449223,0.55598307,0.022355199,0.1513765,1.004207,0.051629674,1.0558367
2020-10-29 00:00:00+00:00,0.2804153,0.56285924,0.022613613,0.1513765,1.0172646,0.05230101,1.0695657
2020-10-30 00:00:00+00:00,0.21515952,0.45922825,0.022256646,0.1513765,0.8480209,0.043599617,0.8916205
2020-10-31 00:00:00+00:00,0.16902798,0.40420538,0.02027035,0.1513765,0.7448802,0.038296804,0.783177
2020-11-01 00:00:00+00:00,0.14226332,0.34974855,0.020530382,0.15137108,0.6639133,0.034134023,0.69804734
2020-11-02 00:00:00+00:00,0.07222506,0.1872385,0.022507558,0.15083075,0.43280184,0.022251803,0.45505366
2020-11-03 00:00:00+00:00,0.1515034,0.34106404,0.022558862,0.1513765,0.6665028,0.034267157,0.7007699
2020-11-04 00:00:00+00:00,0.29201582,0.5847769,0.022355199,0.1513765,1.0505244,0.054011002,1.1045353
2020-11-05 00:00:00+00:00,0.41057646,0.77927995,0.022613613,0.1513765,1.3638465,0.070119955,1.4339665
2020-11-06 00:00:00+00:00,0.44771728,0.8557353,0.022256646,0.1513765,1.4770857,0.075941965,1.5530276
2020-11-07 00:00:00+00:00,0.4170955,0.86009336,0.02027035,0.1513765,1.4488357,0.074489534,1.5233252
2020-11-08 00:00:00+00:00,0.40158015,0.82681143,0.020530956,0.1513765,1.4002991,0.0719941,1.4722931
2020-11-09 00:00:00+00:00,0.42623344,0.8025585,0.022530394,0.1513765,1.4026989,0.072117485,1.4748163
2020-11-10 00:00:00+00:00,0.45356318,0.848485,0.022558862,0.1513765,1.4759835,0.075885296,1.5518688
2020-11-11 00:00:00+00:00,0.43096986,0.81795377,0.022355199,0.1513765,1.4226553,0.07314351,1.4957988
2020-11-12 00:00:00+00:00,0.39822653,0.7587898,0.022613613,0.1513765,1.3310064,0.068431534,1.3994379
2020-11-13 00:00:00+00:00,0.3605272,0.7083711,0.022256646,0.1513765,1.2425314,0.06388274,1.3064141
2020-11-14 00:00:00+00:00,0.25939456,0.5718221,0.02027035,0.1513765,1.0028635,0.0515606,1.0544242
2020-11-15 00:00:00+00:00,0.2320615,0.5159397,0.020530956,0.1513765,0.91990864,0.047295608,0.9672043
2020-11-16 00:00:00+00:00,0.2726028,0.54792154,0.022530394,0.1513765,0.9944312,0.051127065,1.0455582
2020-11-17 00:00:00+00:00,0.28325796,0.5662513,0.022558862,0.1513765,1.0234447,0.052618746,1.0760634
2020-11-18 00:00:00+00:00,0.29442447,0.5890621,0.022355199,0.1513765,1.0572183,0.054355163,1.1115735
2020-11-19 00:00:00+00:00,0.34732658,0.6731979,0.022613613,0.1513765,1.1945146,0.06141403,1.2559286
2020-11-20 00:00:00+00:00,0.4872078,0.9213146,0.022256646,0.1513765,1.5821555,0.08134396,1.6634995
2020-11-21 00:00:00+00:00,0.5260687,1.060132,0.02027035,0.1513765,1.7578475,0.09037688,1.8482244
2020-11-22 00:00:00+00:00,0.50404644,1.0131575,0.020530956,0.1513765,1.6891114,0.08684292,1.7759542
2020-11-23 00:00:00+00:00,0.5413549,0.9939023,0.022530394,0.1513765,1.7091641,0.0878739,1.7970381
2020-11-24 00:00:00+00:00,0.5603792,1.0257114,0.022558862,0.1513765,1.7600259,0.09048887,1.8505148
2020-11-25 00:00:00+00:00,0.5912847,1.0864352,0.022355199,0.1513765,1.8514515,0.09518937,1.9466408
2020-11-26 00:00:00+00:00,0.59895426,1.0921214,0.022613613,0.1513765,1.8650657,0.09588932,1.960955
2020-11-27 00:00:00+00:00,0.6116526,1.1335589,0.022256646,0.1513765,1.9188446,0.09865428,2.017499
2020-11-28 00:00:00+00:00,0.6050014,1.2055851,0.02027035,0.1513765,1.9822333,0.1019133,2.0841465
2020-11-29 00:00:00+00:00,0.66026556,1.2983861,0.020530956,0.1513765,2.1305592,0.10953924,2.2400985
2020-11-30 00:00:00+00:00,0.77001095,1.3779291,0.022530394,0.1513765,2.321847,0.11937399,2.441221
2020-12-01 00:00:00+00:00,0.7262013,1.303955,0.022558862,0.1513765,2.2040915,0.113319784,2.3174114
2020-12-02 00:00:00+00:00,0.72486687,1.3139936,0.022355199,0.1513765,2.212592,0.11375682,2.3263488
2020-12-03 00:00:00+00:00,0.73561764,1.3216738,0.022613613,0.1513765,2.2312815,0.114717714,2.3459992
2020-12-04 00:00:00+00:00,0.68559027,1.2596804,0.022256646,0.1513765,2.1189039,0.10894,2.2278438
2020-12-05 00:00:00+00:00,0.62049645,1.234134,0.02027035,0.1513765,2.0262773,0.10417776,2.130455
2020-12-06 00:00:00+00:00,0.60085887,1.188218,0.020530956,0.1513765,1.9609842,0.10082082,2.061805
2020-12-07 00:00:00+00:00,0.63613343,1.150921,0.022530394,0.1513765,1.9609613,0.10081964,2.061781
2020-12-08 00:00:00+00:00,0.6598811,1.191138,0.022558862,0.1513765,2.0249546,0.10410975,2.1290643
2020-12-09 00:00:00+00:00,0.6848255,1.2437898,0.022355199,0.1513765,2.1023471,0.10808876,2.2104359
2020-12-10 00:00:00+00:00,0.7308151,1.3121195,0.022613613,0.1513765,2.2169247,0.11397958,2.3309042
2020-12-11 00:00:00+00:00,0.7148309,1.3094264,0.022256646,0.1513765,2.1978903,0.11300096,2.3108912
2020-12-12 00:00:00+00:00,0.60238403,1.2006913,0.02027035,0.1513765,1.9747221,0.10152713,2.0762494
2020-12-13 00:00:00+00:00,0.5467849,1.0892015,0.020530956,0.1513765,1.8078938,0.09294992,1.9008436
2020-12-14 00:00:00+00:00,0.5492996,1.0065453,0.022530394,0.1513765,1.7297518,0.08893238,1.8186842
2020-12-15 00:00:00+00:00,0.5004801,0.9266046,0.022558862,0.1513765,1.60102,0.08231384,1.6833339
2020-12-16 00:00:00+00:00,0.4681716,0.8803677,0.022355199,0.1513765,1.522271,0.07826509,1.6005361
2020-12-17 00:00:00+00:00,0.47012857,0.8775139,0.022613613,0.1513765,1.5216326,0.078232266,1.5998648
2020-12-18 00:00:00+00:00,0.49493927,0.93515897,0.022256646,0.1513765,1.6037314,0.08245324,1.6861846
2020-12-19 00:00:00+00:00,0.47201812,0.9606934,0.02027035,0.1513765,1.6043584,0.08248548,1.6868439
2020-12-20 00:00:00+00:00,0.4758484,0.9615639,0.020530956,0.1513765,1.6093197,0.08274056,1.6920602
2020-12-21 00:00:00+00:00,0.50734377,0.9387339,0.022530394,0.1513765,1.6199845,0.08328887,1.7032734
2020-12-22 00:00:00+00:00,0.36614633,0.7043753,0.022558862,0.1513765,1.2444569,0.06398173,1.3084387
2020-12-23 00:00:00+00:00,0.3215183,0.63369495,0.022355199,0.1513765,1.128945,0.058042873,1.1869879
2020-12-24 00:00:00+00:00,0.41461852,0.78450096,0.022613613,0.1513765,1.3731096,0.070596196,1.4437058
2020-12-25 00:00:00+00:00,0.56596476,1.053152,0.022256646,0.1513765,1.7927499,0.09217133,1.8849212
2020-12-26 00:00:00+00:00,0.61815697,1.2298398,0.02027035,0.1513765,2.0196435,0.10383669,2.1234803
2020-12-27 00:00:00+00:00,0.65023345,1.2801003,0.020530956,0.1513765,2.1022413,0.10808332,2.2103245
2020-12-28 00:00:00+00:00,0.69419366,1.2481327,0.022530394,0.1513765,2.1162333,0.1088027,2.2250361
2020-12-29 00:00:00+00:00,0.6876243,1.2374824,0.022558862,0.1513765,2.0990422,0.10791884,2.206961
2020-12-30 00:00:00+00:00,0.6721098,1.2219588,0.022355199,0.1513765,2.0678003,0.106312595,2.1741128
2020-12-31 00:00:00+00:00,0.6919757,1.2462708,0.022613613,0.1513765,2.1122367,0.10859722,2.220834
2021-01-01 00:00:00+00:00,0.6957325,1.2767047,0.022256646,0.1513765,2.1460702,0.11033671,2.256407
2021-01-02 00:00:00+00:00,0.6531693,1.2953115,0.02027035,0.1513765,2.1201277,0.10900292,2.2291305
2021-01-03 00:00:00+00:00,0.669296,1.314835,0.020530956,0.1513765,2.1560385,0.11084922,2.2668877
2021-01-04 00:00:00+00:00,0.7457655,1.3360083,0.022530394,0.1513765,2.2556806,0.115972154,2.3716526
2021-01-05 00:00:00+00:00,0.7435405,1.3327959,0.022558862,0.1513765,2.2502718,0.11569407,2.3659658
2021-01-06 00:00:00+00:00,0.73910165,1.3368397,0.022355199,0.1513765,2.2496731,0.11566329,2.3653364
2021-01-07 00:00:00+00:00,0.7554186,1.3542624,0.022613613,0.1513765,2.283671,0.11741123,2.401082
2021-01-08 00:00:00+00:00,0.75220823,1.3753464,0.022256646,0.1513765,2.3011878,0.11831183,2.4194996
2021-01-09 00:00:00+00:00,0.71416986,1.4109838,0.02027035,0.1513765,2.2968004,0.11808626,2.4148867
2021-01-10 00:00:00+00:00,0.74129874,1.4510938,0.020530956,0.1513765,2.3643,0.12155665,2.4858568
2021-01-11 00:00:00+00:00,0.81968325,1.4659795,0.022530394,0.1513765,2.4595695,0.12645477,2.5860243
2021-01-12 00:00:00+00:00,0.7584375,1.3599311,0.022558862,0.1513765,2.292304,0.11785509,2.410159
2021-01-13 00:00:00+00:00,0.7332722,1.327476,0.022355199,0.1513765,2.2344797,0.11488214,2.349362
2021-01-14 00:00:00+00:00,0.7555048,1.3548453,0.022613613,0.1513765,2.2843401,0.11744564,2.4017859
2021-01-15 00:00:00+00:00,0.78594327,1.4355658,0.022256646,0.1513765,2.395142,0.12314234,2.5182843
2021-01-16 00:00:00+00:00,0.76556444,1.5090953,0.02027035,0.1513765,2.4463065,0.12577288,2.5720794
2021-01-17 00:00:00+00:00,0.77448314,1.5138376,0.020530956,0.1513765,2.4602282,0.12648864,2.586717
2021-01-18 00:00:00+00:00,0.77588177,1.3875043,0.022530394,0.1513765,2.337293,0.12016812,2.457461
2021-01-19 00:00:00+00:00,0.6969811,1.2543768,0.022558862,0.1513765,2.1252933,0.1092685,2.2345617
2021-01-20 00:00:00+00:00,0.58454406,1.0759263,0.022355199,0.1513765,1.834202,0.09430252,1.9285046
2021-01-21 00:00:00+00:00,0.49177158,0.91340995,0.022613613,0.1513765,1.5791717,0.08119055,1.6603622
2021-01-22 00:00:00+00:00,0.49084926,0.92731196,0.022256646,0.1513765,1.5917943,0.08183952,1.6736338
2021-01-23 00:00:00+00:00,0.54635334,1.0948324,0.02027035,0.1513765,1.8128326,0.09320384,1.9060364
2021-01-24 00:00:00+00:00,0.63656074,1.2530499,0.020530956,0.1513765,2.061518,0.1059896,2.1675076
2021-01-25 00:00:00+00:00,0.76310945,1.3653516,0.022530394,0.1513765,2.3023677,0.11837249,2.4207401
2021-01-26 00:00:00+00:00,0.76586026,1.370751,0.022558862,0.1513765,2.3105466,0.118793,2.4293396
2021-01-27 00:00:00+00:00,0.75001585,1.3556902,0.022355199,0.1513765,2.2794378,0.117193595,2.3966315
2021-01-28 00:00:00+00:00,0.6823322,1.2303994,0.022613613,0.1513765,2.086722,0.10728542,2.1940074
2021-01-29 00:00:00+00:00,0.6007188,1.1142836,0.022256646,0.1513765,1.8886354,0.09710112,1.9857365
2021-01-30 00:00:00+00:00,0.6081907,1.2109605,0.02027035,0.1513765,1.990798,0.10235365,2.0931516
2021-01-31 00:00:00+00:00,0.69991106,1.3737029,0.020530956,0.1513765,2.2455213,0.11544983,2.3609712
2021-02-01 00:00:00+00:00,0.75670314,1.356622,0.022530394,0.1513765,2.287232,0.11759432,2.4048262
2021-02-02 00:00:00+00:00,0.6598557,1.1926782,0.022558862,0.1513765,2.0264692,0.10418762,2.130657
2021-02-03 00:00:00+00:00,0.52266586,0.97084993,0.022355199,0.1513765,1.6672474,0.08571882,1.7529663
2021-02-04 00:00:00+00:00,0.5139027,0.94919544,0.022613613,0.1513765,1.6370883,0.08416823,1.7212565
2021-02-05 00:00:00+00:00,0.52717406,0.9889067,0.022256646,0.1513765,1.6897138,0.08687389,1.7765877
2021-02-06 00:00:00+00:00,0.55157214,1.106121,0.02027035,0.1513765,1.82934,0.094052546,1.9233925
2021-02-07 00:00:00+00:00,0.68429446,1.3447641,0.020530956,0.1513765,2.200966,0.11315908,2.314125
2021-02-08 00:00:00+00:00,0.88698584,1.5842457,0.022530394,0.1513765,2.6451383,0.13599549,2.7811337
2021-02-09 00:00:00+00:00,0.9907794,1.7703741,0.022558862,0.1513765,2.9350889,0.15090282,3.0859916
2021-02-10 00:00:00+00:00,1.0303898,1.8586377,0.022355199,0.1513765,3.0627592,0.15746678,3.220226
2021-02-11 00:00:00+00:00,1.0584533,1.8904946,0.022613613,0.1513765,3.122938,0.16056079,3.2834988
2021-02-12 00:00:00+00:00,1.0542858,1.928147,0.022256646,0.1513765,3.156066,0.162264,3.31833
2021-02-13 00:00:00+00:00,0.9809345,1.935591,0.02027035,0.1513765,3.0881722,0.15877336,3.2469456
2021-02-14 00:00:00+00:00,0.9551113,1.8708385,0.020530956,0.1513765,2.9978573,0.15412997,3.1519873
2021-02-15 00:00:00+00:00,0.9481031,1.6907196,0.022530394,0.1513765,2.8127294,0.14461191,2.9573412
2021-02-16 00:00:00+00:00,0.758844,1.359461,0.022558862,0.1513765,2.2922404,0.117851816,2.410092
2021-02-17 00:00:00+00:00,0.5872292,1.0792437,0.022355199,0.1513765,1.8402046,0.09461113,1.9348158
2021-02-18 00:00:00+00:00,0.51266706,0.947119,0.022613613,0.1513765,1.6337762,0.08399795,1.7177742
2021-02-19 00:00:00+00:00,0.46359375,0.8822131,0.022256646,0.1513765,1.5194399,0.07811954,1.5975595
2021-02-20 00:00:00+00:00,0.36754116,0.7691414,0.02027035,0.1513765,1.3083293,0.06726563,1.375595
2021-02-21 00:00:00+00:00,0.33242935,0.70012516,0.020530956,0.1513765,1.2044619,0.061925452,1.2663873
2021-02-22 00:00:00+00:00,0.3682808,0.7070969,0.022530394,0.1513765,1.2492846,0.06422994,1.3135146
2021-02-23 00:00:00+00:00,0.29940954,0.5921833,0.022558862,0.1513765,1.0655283,0.054782405,1.1203107
2021-02-24 00:00:00+00:00,0.24137317,0.49797806,0.022355199,0.1513765,0.9130829,0.046944674,0.9600276
2021-02-25 00:00:00+00:00,0.23419829,0.48265222,0.022613613,0.1513765,0.8908406,0.04580112,0.9366417
2021-02-26 00:00:00+00:00,0.32933444,0.65410614,0.022256646,0.1513765,1.1570737,0.059489068,1.2165627
2021-02-27 00:00:00+00:00,0.42502508,0.8732853,0.02027035,0.1513765,1.4699572,0.07557546,1.5455327
2021-02-28 00:00:00+00:00,0.49441206,0.99322605,0.020530956,0.1513765,1.6595455,0.08532284,1.7448684
2021-03-01 00:00:00+00:00,0.5662064,1.0337418,0.022530394,0.1513765,1.7738551,0.091199875,1.865055
2021-03-02 00:00:00+00:00,0.54078215,0.99239737,0.022558862,0.1513765,1.7071148,0.08776853,1.7948834
2021-03-03 00:00:00+00:00,0.4924705,0.91962224,0.022355199,0.1513765,1.5858244,0.08153258,1.667357
2021-03-04 00:00:00+00:00,0.5050274,0.93375844,0.022613613,0.1513765,1.6127759,0.08291826,1.6956942
2021-03-05 00:00:00+00:00,0.59843516,1.1080658,0.022256646,0.1513765,1.8801341,0.09666404,1.9767982
2021-03-06 00:00:00+00:00,0.62364423,1.2390037,0.02027035,0.1513765,2.0342948,0.10458997,2.1388848
2021-03-07 00:00:00+00:00,0.6458098,1.2704165,0.020530956,0.1513765,2.0881338,0.10735801,2.1954918
2021-03-08 00:00:00+00:00,0.71209353,1.2778589,0.022530394,0.1513765,2.1638591,0.1112513,2.2751105
2021-03-09 00:00:00+00:00,0.69908726,1.2569327,0.022558862,0.1513765,2.1299553,0.109508194,2.2394636
2021-03-10 00:00:00+00:00,0.620335,1.1348524,0.022355199,0.1513765,1.9289191,0.09917224,2.0280914
2021-03-11 00:00:00+00:00,0.4939881,0.91641295,0.022613613,0.1513765,1.5843912,0.081458904,1.6658502
2021-03-12 00:00:00+00:00,0.4627687,0.8802724,0.022256646,0.1513765,1.5166742,0.07797734,1.5946515
2021-03-13 00:00:00+00:00,0.42911348,0.88036203,0.02027035,0.1513765,1.4811224,0.0761495,1.5572718
2021-03-14 00:00:00+00:00,0.47985077,0.96725094,0.020530956,0.1513765,1.6190091,0.08323873,1.7022479
2021-03-15 00:00:00+00:00,0.5561099,1.0172361,0.022530394,0.1513765,1.747253,0.08983217,1.8370851
2021-03-16 00:00:00+00:00,0.5787446,1.0550469,0.022558862,0.1513765,1.8077267,0.09294134,1.900668
2021-03-17 00:00:00+00:00,0.62234575,1.1372846,0.022355199,0.1513765,1.9333621,0.09940068,2.0327628
2021-03-18 00:00:00+00:00,0.67145234,1.2113857,0.022613613,0.1513765,2.0568283,0.10574848,2.1625767
2021-03-19 00:00:00+00:00,0.6886475,1.2645279,0.022256646,0.1513765,2.1268086,0.10934641,2.236155
2021-03-20 00:00:00+00:00,0.6599069,1.3088663,0.02027035,0.1513765,2.14042,0.110046215,2.250466
2021-03-21 00:00:00+00:00,0.60124105,1.1894921,0.020530956,0.1513765,1.9626405,0.10090598,2.0635464
2021-03-22 00:00:00+00:00,0.6130808,1.1126434,0.022530394,0.1513765,1.8996311,0.09766645,1.9972976
2021-03-23 00:00:00+00:00,0.55946654,1.0244266,0.022558862,0.1513765,1.7578284,0.09037589,1.8482043
2021-03-24 00:00:00+00:00,0.47527894,0.8926264,0.022355199,0.1513765,1.5416371,0.07926077,1.6208978
2021-03-25 00:00:00+00:00,0.40870327,0.776955,0.022613613,0.1513765,1.3596483,0.06990411,1.4295524
2021-03-26 00:00:00+00:00,0.32597163,0.6492281,0.022256646,0.1513765,1.1488329,0.05906538,1.2078983
2021-03-27 00:00:00+00:00,0.35603732,0.7480335,0.02027035,0.1513765,1.2757177,0.06558896,1.3413067
2021-03-28 00:00:00+00:00,0.3411875,0.7178871,0.020353567,0.1515188,1.230947,0.06328714,1.2942342
2021-03-29 00:00:00+00:00,0.2592658,0.52660173,0.022497544,0.1513765,0.9597416,0.049343556,1.0090852
2021-03-30 00:00:00+00:00,0.18890093,0.40874147,0.022552283,0.1513764,0.77157116,0.039669078,0.81124026
2021-03-31 00:00:00+00:00,0.124239445,0.29546678,0.02236147,0.15137085,0.5934385,0.030510677,0.62394917
2021-04-01 00:00:00+00:00,0.14366119,0.32420236,0.022613833,0.15132858,0.64180595,0.03299741,0.6748034
2021-04-02 00:00:00+00:00,0.2880808,0.58507353,0.022291686,0.1513765,1.0468225,0.05382068,1.1006433
2021-04-03 00:00:00+00:00,0.37411723,0.7722916,0.020344809,0.1513765,1.3181301,0.06776952,1.3858997
2021-04-04 00:00:00+00:00,0.44773299,0.91115904,0.020452116,0.1513765,1.5307206,0.078699514,1.6094201
2021-04-05 00:00:00+00:00,0.58243793,1.0578792,0.022497544,0.1513765,1.8141912,0.09327369,1.9074649
2021-04-06 00:00:00+00:00,0.6806157,1.2258214,0.022552293,0.1513765,2.080366,0.106958635,2.1873245
2021-04-07 00:00:00+00:00,0.7010569,1.2715161,0.022361768,0.1513765,2.1463113,0.11034911,2.2566605
2021-04-08 00:00:00+00:00,0.6623515,1.1997215,0.022615802,0.1513765,2.0360653,0.10468099,2.1407464
2021-04-09 00:00:00+00:00,0.5187163,0.97782105,0.022291686,0.1513765,1.6702055,0.0858709,1.7560763
2021-04-10 00:00:00+00:00,0.39945674,0.82306373,0.020344809,0.1513765,1.3942418,0.07168268,1.4659245
2021-04-11 00:00:00+00:00,0.35809368,0.74577934,0.020452116,0.1513765,1.2757016,0.06558813,1.3412898
2021-04-12 00:00:00+00:00,0.5128941,0.94452053,0.022497544,0.1513765,1.6312886,0.08387005,1.7151587
2021-04-13 00:00:00+00:00,0.581228,1.05891,0.022552293,0.1513765,1.8140668,0.0932673,1.9073341
2021-04-14 00:00:00+00:00,0.6164931,1.12714,0.022361768,0.1513765,1.9173714,0.098578535,2.01595
2021-04-15 00:00:00+00:00,0.6246954,1.1350958,0.022615802,0.1513765,1.9337835,0.09942234,2.033206
2021-04-16 00:00:00+00:00,0.56602275,1.0584657,0.022291686,0.1513765,1.7981566,0.0924493,1.8906059
2021-04-17 00:00:00+00:00,0.47456568,0.96110487,0.020344809,0.1513765,1.607392,0.082641445,1.6900334
2021-04-18 00:00:00+00:00,0.4120372,0.8487987,0.020452116,0.1513765,1.4326645,0.073658116,1.5063226
2021-04-19 00:00:00+00:00,0.39670888,0.75582814,0.022497544,0.1513765,1.326411,0.06819527,1.3946062
2021-04-20 00:00:00+00:00,0.336561,0.6559042,0.022552293,0.1513765,1.1663939,0.059968248,1.2263621
2021-04-21 00:00:00+00:00,0.30924883,0.61368024,0.022361768,0.1513765,1.0966673,0.056383368,1.1530507
2021-04-22 00:00:00+00:00,0.36026758,0.69645816,0.022615802,0.1513765,1.230718,0.06327537,1.2939934
2021-04-23 00:00:00+00:00,0.36942586,0.7246513,0.022291686,0.1513765,1.2677453,0.065179065,1.3329244
2021-04-24 00:00:00+00:00,0.3473146,0.72544837,0.020344809,0.1513765,1.2444843,0.06398314,1.3084674
2021-04-25 00:00:00+00:00,0.37142184,0.77350646,0.020452116,0.1513765,1.316757,0.06769892,1.3844559
2021-04-26 00:00:00+00:00,0.42004305,0.7933303,0.022497544,0.1513765,1.3872474,0.071323074,1.4585705
2021-04-27 00:00:00+00:00,0.38253123,0.7324378,0.022552293,0.1513765,1.2888978,0.06626658,1.3551643
2021-04-28 00:00:00+00:00,0.2831009,0.57055044,0.022361768,0.1513765,1.0273896,0.05282157,1.0802112
2021-04-29 00:00:00+00:00,0.27173772,0.5485314,0.022615802,0.1513765,0.9942614,0.051118333,1.0453798
2021-04-30 00:00:00+00:00,0.31711406,0.6361188,0.022291686,0.1513765,1.126901,0.057937786,1.1848388
2021-05-01 00:00:00+00:00,0.3123703,0.66068876,0.020344809,0.1513765,1.1447804,0.058857024,1.2036374
2021-05-02 00:00:00+00:00,0.35570535,0.7460265,0.020452116,0.1513765,1.2735605,0.06547805,1.3390386
2021-05-03 00:00:00+00:00,0.39299208,0.7502155,0.022497544,0.1513765,1.3170816,0.06771561,1.3847972
2021-05-04 00:00:00+00:00,0.34072292,0.66152537,0.022552293,0.1513765,1.176177,0.060471233,1.2366482
2021-05-05 00:00:00+00:00,0.38288164,0.7370612,0.022361768,0.1513765,1.2936811,0.06651252,1.3601936
2021-05-06 00:00:00+00:00,0.41292024,0.78362465,0.022615802,0.1513765,1.3705372,0.07046394,1.441001
2021-05-07 00:00:00+00:00,0.42076442,0.8131966,0.022291686,0.1513765,1.4076291,0.07237097,1.4800001
2021-05-08 00:00:00+00:00,0.30946702,0.66881955,0.02034478,0.15137628,1.1500076,0.059125774,1.2091334
2021-05-09 00:00:00+00:00,0.086394295,0.24038443,0.020444725,0.15130423,0.49852765,0.02563099,0.52415866
2021-05-10 00:00:00+00:00,0.042271294,0.11349127,0.022373607,0.14841555,0.3265517,0.016789125,0.34334084
2021-05-11 00:00:00+00:00,0.062087007,0.1629021,0.022472873,0.14945494,0.39691693,0.020406839,0.41732377
2021-05-12 00:00:00+00:00,0.10605922,0.25714573,0.02234787,0.15103504,0.53658783,0.027587792,0.5641756
2021-05-13 00:00:00+00:00,0.16599499,0.3663024,0.022615736,0.15137489,0.706288,0.03631265,0.7426006
2021-05-14 00:00:00+00:00,0.19674382,0.42761344,0.022291686,0.1513765,0.79802537,0.041029178,0.8390545
2021-05-15 00:00:00+00:00,0.2026079,0.46560752,0.020344809,0.1513765,0.8399367,0.04318398,0.88312066
2021-05-16 00:00:00+00:00,0.20318238,0.46305016,0.020452116,0.1513765,0.83806115,0.043087553,0.8811487
2021-05-17 00:00:00+00:00,0.22423704,0.466464,0.022497544,0.1513765,0.8645751,0.044450723,0.9090258
2021-05-18 00:00:00+00:00,0.23499939,0.48528302,0.022552293,0.1513765,0.89421123,0.04597442,0.94018567
2021-05-19 00:00:00+00:00,0.24552815,0.50710064,0.022361768,0.1513765,0.92636704,0.047627658,0.97399473
2021-05-20 00:00:00+00:00,0.22491136,0.46982872,0.022615802,0.1513765,0.86873233,0.04466446,0.9133968
2021-05-21 00:00:00+00:00,0.18227284,0.40189266,0.022291686,0.1513765,0.75783366,0.038962785,0.79679644
2021-05-22 00:00:00+00:00,0.18293434,0.42894435,0.020344809,0.1513765,0.7836,0.04028752,0.82388747
2021-05-23 00:00:00+00:00,0.19120161,0.44199216,0.020452116,0.1513765,0.8050224,0.04138892,0.84641135
2021-05-24 00:00:00+00:00,0.18197379,0.3929802,0.022497544,0.1513765,0.748828,0.038499776,0.78732777
2021-05-25 00:00:00+00:00,0.23007683,0.4767932,0.022552293,0.1513765,0.8807988,0.04528484,0.9260837
2021-05-26 00:00:00+00:00,0.2425989,0.5017524,0.022361768,0.1513765,0.9180895,0.04720208,0.9652916
2021-05-27 00:00:00+00:00,0.2472778,0.5067957,0.022615802,0.1513765,0.9280658,0.047714993,0.9757808
2021-05-28 00:00:00+00:00,0.21067104,0.4533532,0.022291686,0.1513765,0.8376924,0.04306859,0.88076097
2021-05-29 00:00:00+00:00,0.16784838,0.40287235,0.020344807,0.15137649,0.742442,0.03817145,0.7806135
2021-05-30 00:00:00+00:00,0.13429359,0.33432662,0.02045161,0.15137155,0.6404434,0.032927357,0.6733707
2021-05-31 00:00:00+00:00,0.101950906,0.25070006,0.022486145,0.15114765,0.52628475,0.027058076,0.5533428
2021-06-01 00:00:00+00:00,0.06161154,0.16257185,0.022483947,0.1498584,0.39652574,0.020386728,0.41691247
2021-06-02 00:00:00+00:00,0.03484101,0.09547263,0.0221709,0.1469433,0.29942784,0.015394596,0.31482244
2021-06-03 00:00:00+00:00,0.022479352,0.06094393,0.022291958,0.14382088,0.24953613,0.012829495,0.2623656
2021-06-04 00:00:00+00:00,0.016887516,0.049978353,0.021907626,0.14216368,0.23093718,0.01187326,0.24281044
2021-06-05 00:00:00+00:00,0.020028885,0.05860652,0.020043988,0.14338548,0.24206488,0.0124453725,0.25451025
2021-06-06 00:00:00+00:00,0.029350134,0.083091035,0.020246407,0.14599982,0.2786874,0.014328259,0.29301566
2021-06-07 00:00:00+00:00,0.03291413,0.08800471,0.022293728,0.14658539,0.28979796,0.014899491,0.30469745
2021-06-08 00:00:00+00:00,0.028999818,0.07705832,0.022307813,0.14566019,0.27402616,0.01408861,0.28811476
2021-06-09 00:00:00+00:00,0.023566123,0.06365706,0.022052826,0.14407149,0.25334752,0.013025451,0.26637298
2021-06-10 00:00:00+00:00,0.019797746,0.054323513,0.022244368,0.1426882,0.23905383,0.012290564,0.25134438
2021-06-11 00:00:00+00:00,0.015354056,0.046298802,0.021871405,0.14128962,0.22481388,0.0115584405,0.23637232
2021-06-12 00:00:00+00:00,0.018022014,0.053089295,0.02001751,0.14265172,0.23378053,0.012019446,0.24579997
2021-06-13 00:00:00+00:00,0.028447691,0.08072447,0.020248044,0.14613067,0.27555087,0.014167001,0.28971788
2021-06-14 00:00:00+00:00,0.02487512,0.066750035,0.022211002,0.14464875,0.2584849,0.013289581,0.27177447
2021-06-15 00:00:00+00:00,0.020586101,0.055855885,0.022197472,0.14312866,0.24176812,0.012430116,0.25419822
2021-06-16 00:00:00+00:00,0.011987079,0.03574614,0.021850009,0.13940042,0.20898364,0.010744555,0.2197282
2021-06-17 00:00:00+00:00,0.0047174804,0.015656414,0.02185191,0.13350031,0.17572612,0.009034673,0.1847608
2021-06-18 00:00:00+00:00,0.0027951482,0.010201854,0.021423971,0.13069044,0.16511142,0.008488935,0.17360036
2021-06-19 00:00:00+00:00,0.0037877487,0.009282538,0.019534001,0.1300647,0.16266899,0.0083633615,0.17103235
2021-06-20 00:00:00+00:00,0.005457053,0.01400574,0.019727329,0.13230279,0.1714929,0.008817029,0.18030994
2021-06-21 00:00:00+00:00,0.011660226,0.03289632,0.021926595,0.13767138,0.20415452,0.010496273,0.2146508
2021-06-22 00:00:00+00:00,0.025415517,0.06866361,0.022242181,0.14399531,0.2603166,0.013383755,0.27370036
2021-06-23 00:00:00+00:00,0.0321811,0.08832442,0.022143096,0.14613353,0.28878212,0.014847264,0.3036294
2021-06-24 00:00:00+00:00,0.035606604,0.09666272,0.022447336,0.14741041,0.30212706,0.015533372,0.31766042
2021-06-25 00:00:00+00:00,0.03291284,0.092138715,0.02212354,0.14746018,0.2946353,0.015148195,0.3097835
2021-06-26 00:00:00+00:00,0.023761932,0.06947279,0.020100815,0.14513706,0.2584726,0.013288949,0.27176154
2021-06-27 00:00:00+00:00,0.016720098,0.0482877,0.020090025,0.14209013,0.22718795,0.0116805,0.23886845
2021-06-28 00:00:00+00:00,0.010991327,0.032890677,0.021971906,0.13889334,0.20474724,0.010526747,0.21527399
2021-06-29 00:00:00+00:00,0.015032916,0.041708272,0.02209811,0.14050354,0.21934284,0.011277156,0.23062
2021-06-30 00:00:00+00:00,0.02858599,0.075689666,0.022109255,0.1452331,0.271618,0.013964799,0.2855828
2021-07-01 00:00:00+00:00,0.046759434,0.12793098,0.02251331,0.14895318,0.34615692,0.017797096,0.363954
2021-07-02 00:00:00+00:00,0.04290864,0.12232237,0.022180576,0.14880246,0.33621407,0.0172859,0.35349998
2021-07-03 00:00:00+00:00,0.02931083,0.08503827,0.020162124,0.14666104,0.28117228,0.014456016,0.29562828
2021-07-04 00:00:00+00:00,0.025511866,0.07165979,0.020216225,0.14523004,0.26261792,0.0135020735,0.27611998
2021-07-05 00:00:00+00:00,0.026731908,0.071142815,0.02223557,0.14523044,0.26534075,0.013642063,0.27898282
2021-07-06 00:00:00+00:00,0.021928795,0.05872761,0.0222182,0.14346743,0.24634203,0.0126652755,0.2590073
2021-07-07 00:00:00+00:00,0.02309637,0.06196852,0.022053264,0.14400168,0.25111982,0.012910917,0.26403075
2021-07-08 00:00:00+00:00,0.02558828,0.06816613,0.02233654,0.14474468,0.26083565,0.013410442,0.2742461
2021-07-09 00:00:00+00:00,0.02877238,0.08094102,0.022072159,0.14614871,0.27793428,0.014289539,0.2922238
2021-07-10 00:00:00+00:00,0.025498621,0.073738135,0.020122625,0.14558205,0.26494142,0.013621533,0.27856296
2021-07-11 00:00:00+00:00,0.02513326,0.0712155,0.020205112,0.14502817,0.26158205,0.013448816,0.27503085
2021-07-12 00:00:00+00:00,0.020088784,0.054574825,0.022137597,0.1428648,0.239666,0.012322038,0.25198805
2021-07-13 00:00:00+00:00,0.020767948,0.05607543,0.022175992,0.14243083,0.24145019,0.012413769,0.25386396
2021-07-14 00:00:00+00:00,0.026439864,0.07199871,0.022051044,0.14395913,0.26444876,0.013596203,0.27804497
2021-07-15 00:00:00+00:00,0.026586032,0.072506346,0.022300687,0.14395253,0.2653456,0.013642313,0.2789879
2021-07-16 00:00:00+00:00,0.022776227,0.06510423,0.021961823,0.14353685,0.25337914,0.013027077,0.2664062
2021-07-17 00:00:00+00:00,0.017995697,0.053085756,0.01999291,0.14220296,0.23327732,0.011993575,0.2452709
2021-07-18 00:00:00+00:00,0.016062977,0.045623537,0.020066092,0.14124541,0.22299802,0.011465081,0.23446311
2021-07-19 00:00:00+00:00,0.020917833,0.056176282,0.022153715,0.14317493,0.24242276,0.012463773,0.25488654
2021-07-20 00:00:00+00:00,0.026642125,0.07040265,0.022288334,0.1451395,0.2644726,0.01359743,0.27807003
2021-07-21 00:00:00+00:00,0.026558405,0.07122195,0.022103317,0.14525132,0.265135,0.0136314845,0.27876648
2021-07-22 00:00:00+00:00,0.023721373,0.06385271,0.022316948,0.14437594,0.25426698,0.0130727235,0.2673397
2021-07-23 00:00:00+00:00,0.02021941,0.05799532,0.02195667,0.14345528,0.24362668,0.01252567,0.25615236
2021-07-24 00:00:00+00:00,0.015343893,0.04653726,0.019972723,0.14169595,0.22354983,0.011493451,0.23504327
2021-07-25 00:00:00+00:00,0.014208309,0.040887997,0.020034485,0.14050676,0.21563755,0.011086655,0.2267242
2021-07-26 00:00:00+00:00,0.014421238,0.040689014,0.022031464,0.14031945,0.21746117,0.011180413,0.22864158
2021-07-27 00:00:00+00:00,0.015876593,0.043974623,0.022111807,0.14091823,0.22288124,0.011459077,0.23434032
2021-07-28 00:00:00+00:00,0.019274253,0.052674264,0.021991862,0.14251933,0.2364597,0.0121571915,0.24861689
2021-07-29 00:00:00+00:00,0.022117807,0.060060766,0.022292059,0.14377198,0.2482426,0.01276299,0.26100558
2021-07-30 00:00:00+00:00,0.019368896,0.0559299,0.021952296,0.14322484,0.24047592,0.012363679,0.2528396
2021-07-31 00:00:00+00:00,0.022296526,0.064453214,0.020079968,0.14431758,0.2511473,0.01291233,0.26405963
2021-08-01 00:00:00+00:00,0.031892106,0.08908895,0.02028765,0.14702423,0.28829294,0.014822113,0.30311507
2021-08-02 00:00:00+00:00,0.04222734,0.113328665,0.022386441,0.14871393,0.3266564,0.016794508,0.3434509
2021-08-03 00:00:00+00:00,0.049793515,0.13561259,0.022478018,0.1496314,0.3575155,0.01838108,0.3758966
2021-08-04 00:00:00+00:00,0.04626222,0.12627207,0.022270111,0.1492307,0.3440351,0.017688006,0.3617231
2021-08-05 00:00:00+00:00,0.038792856,0.10396699,0.022471037,0.14799605,0.31322694,0.016104054,0.32933098
2021-08-06 00:00:00+00:00,0.032187607,0.08993998,0.02210941,0.14703219,0.29126918,0.014975132,0.3062443
2021-08-07 00:00:00+00:00,0.02982831,0.08644928,0.02016659,0.14666711,0.28311127,0.014555707,0.29766697
2021-08-08 00:00:00+00:00,0.033901874,0.0965656,0.020302637,0.14747345,0.29824358,0.015333709,0.3135773
2021-08-09 00:00:00+00:00,0.035709143,0.09493322,0.022337018,0.14759006,0.30056942,0.015453288,0.3160227
2021-08-10 00:00:00+00:00,0.03292594,0.08688331,0.022366399,0.1470356,0.28921124,0.014869327,0.30408058
2021-08-11 00:00:00+00:00,0.026938604,0.072081216,0.022108903,0.14545938,0.2665881,0.013706194,0.2802943
2021-08-12 00:00:00+00:00,0.017918808,0.04980564,0.02222596,0.14229865,0.23224907,0.011940708,0.24418977
2021-08-13 00:00:00+00:00,0.011540559,0.035838407,0.021792088,0.13946588,0.20863694,0.010726729,0.21936367
2021-08-14 00:00:00+00:00,0.011712608,0.03513389,0.019873427,0.13905108,0.205771,0.010579382,0.21635038
2021-08-15 00:00:00+00:00,0.012615475,0.035312276,0.019987512,0.13909641,0.20701167,0.010643168,0.21765484
2021-08-16 00:00:00+00:00,0.024357812,0.0642411,0.02218954,0.14391996,0.2547084,0.013095419,0.26780382
2021-08-17 00:00:00+00:00,0.045838837,0.12385553,0.022460815,0.1491978,0.341353,0.01755011,0.3589031
2021-08-18 00:00:00+00:00,0.048140064,0.13241765,0.022290604,0.14970931,0.35255763,0.018126179,0.37068382
2021-08-19 00:00:00+00:00,0.04121952,0.111566566,0.02250328,0.14877076,0.32406014,0.016661026,0.34072116
2021-08-20 00:00:00+00:00,0.032915473,0.09207637,0.022122571,0.14743611,0.29455054,0.015143838,0.30969438
2021-08-21 00:00:00+00:00,0.0243359,0.07062838,0.02011003,0.14520948,0.26028377,0.013382067,0.27366585
2021-08-22 00:00:00+00:00,0.02717551,0.07572511,0.020242022,0.14584653,0.26898918,0.013829642,0.28281882
2021-08-23 00:00:00+00:00,0.036008336,0.09467444,0.022334417,0.14744978,0.30046695,0.015448021,0.315915
2021-08-24 00:00:00+00:00,0.04875396,0.13104439,0.022471178,0.14943142,0.35170096,0.018082134,0.3697831
2021-08-25 00:00:00+00:00,0.055166613,0.15097457,0.022315001,0.15024059,0.37869677,0.019470079,0.39816684
2021-08-26 00:00:00+00:00,0.069729455,0.18537214,0.02259312,0.15082598,0.42852068,0.022031695,0.45055237
2021-08-27 00:00:00+00:00,0.08702368,0.2274961,0.022285607,0.15122785,0.48803324,0.025091436,0.51312464
2021-08-28 00:00:00+00:00,0.0846032,0.23462035,0.020338962,0.15122686,0.49078935,0.025233138,0.5160225
2021-08-29 00:00:00+00:00,0.08393492,0.2275384,0.020439474,0.15106843,0.4829812,0.024831694,0.5078129
2021-08-30 00:00:00+00:00,0.07269643,0.18571036,0.022456432,0.15040626,0.43126947,0.02217302,0.45344248
2021-08-31 00:00:00+00:00,0.063872434,0.16657783,0.022500422,0.15013848,0.40308917,0.020724175,0.42381334
2021-09-01 00:00:00+00:00,0.06259452,0.16808213,0.022320146,0.15037751,0.4033743,0.020738835,0.42411315
2021-09-02 00:00:00+00:00,0.056193125,0.15426064,0.022573145,0.15039648,0.3834234,0.01971309,0.4031365
2021-09-03 00:00:00+00:00,0.045368563,0.128793,0.022216469,0.14958405,0.3459621,0.01778708,0.36374918
2021-09-04 00:00:00+00:00,0.04299692,0.13040814,0.020269811,0.14945003,0.3431249,0.017641209,0.3607661
2021-09-05 00:00:00+00:00,0.04325717,0.12656902,0.020347819,0.14869459,0.3388686,0.017422378,0.35629097
2021-09-06 00:00:00+00:00,0.040802572,0.111237735,0.022351837,0.14795566,0.3223478,0.016572988,0.33892077
2021-09-07 00:00:00+00:00,0.03495021,0.09375597,0.022373755,0.14721058,0.29829052,0.015336122,0.31362665
2021-09-08 00:00:00+00:00,0.02850467,0.07624327,0.02212162,0.14572817,0.27259773,0.01401517,0.2866129
2021-09-09 00:00:00+00:00,0.021803068,0.059055768,0.02228502,0.14362182,0.24676567,0.012687056,0.25945273
2021-09-10 00:00:00+00:00,0.018219147,0.053077634,0.02193072,0.14270963,0.23593713,0.012130325,0.24806745
2021-09-11 00:00:00+00:00,0.020648327,0.060237017,0.020058619,0.14379582,0.24473977,0.012582898,0.25732267
2021-09-12 00:00:00+00:00,0.027010038,0.07507686,0.020237012,0.14568308,0.26800698,0.013779144,0.2817861
2021-09-13 00:00:00+00:00,0.03630275,0.09652806,0.02234694,0.14784288,0.30302066,0.015579315,0.31859997
2021-09-14 00:00:00+00:00,0.032278065,0.08510637,0.022358742,0.14684787,0.28659105,0.014734614,0.30132568
2021-09-15 00:00:00+00:00,0.028221292,0.07440376,0.022127084,0.14572503,0.27047718,0.013906145,0.28438333
2021-09-16 00:00:00+00:00,0.03671806,0.09693467,0.02246794,0.1478154,0.30393606,0.015626378,0.31956244
2021-09-17 00:00:00+00:00,0.049916502,0.1418891,0.022240477,0.15011626,0.36416233,0.018722815,0.38288513
2021-09-18 00:00:00+00:00,0.063392475,0.1867602,0.020330103,0.15097478,0.42145756,0.021668555,0.4431261
2021-09-19 00:00:00+00:00,0.099919915,0.2628403,0.020449897,0.15131634,0.53452647,0.02748181,0.56200826
2021-09-20 00:00:00+00:00,0.14577699,0.33078775,0.022497408,0.15137318,0.6504353,0.033441074,0.6838764
2021-09-21 00:00:00+00:00,0.16423377,0.36422613,0.022552261,0.15137576,0.7023879,0.036112133,0.73850006
2021-09-22 00:00:00+00:00,0.15858054,0.35815448,0.022361586,0.1513716,0.6904682,0.0354993,0.72596747
2021-09-23 00:00:00+00:00,0.11716258,0.28314608,0.0226152,0.1513667,0.5742906,0.029526217,0.6038168
2021-09-24 00:00:00+00:00,0.07631922,0.2082051,0.022282071,0.15119235,0.45799875,0.023547262,0.481546
2021-09-25 00:00:00+00:00,0.047370218,0.14283712,0.020290298,0.15005285,0.36055046,0.018537117,0.37908757
2021-09-26 00:00:00+00:00,0.034270447,0.09690003,0.02031604,0.14784233,0.29932886,0.015389508,0.31471837
2021-09-27 00:00:00+00:00,0.037419762,0.09789557,0.022344744,0.1476588,0.30531886,0.015697474,0.32101634
2021-09-28 00:00:00+00:00,0.064014636,0.17091005,0.022523854,0.15068078,0.4081293,0.020983305,0.4291126
2021-09-29 00:00:00+00:00,0.11516992,0.27674338,0.022361098,0.15135996,0.56563437,0.029081173,0.59471554
2021-09-30 00:00:00+00:00,0.1852345,0.40110466,0.022615802,0.1513765,0.76033145,0.039091207,0.7994227
2021-10-01 00:00:00+00:00,0.17393741,0.39056012,0.022291686,0.1513765,0.7381657,0.03795159,0.77611727
2021-10-02 00:00:00+00:00,0.104983665,0.28239286,0.020342795,0.1513604,0.5590797,0.028744176,0.58782387
2021-10-03 00:00:00+00:00,0.057851057,0.16781045,0.020424075,0.15061548,0.39670107,0.02039574,0.4170968
2021-10-04 00:00:00+00:00,0.095710866,0.24101737,0.022496926,0.15136147,0.5105866,0.026250983,0.5368376
2021-10-05 00:00:00+00:00,0.13410051,0.31036884,0.022552196,0.1513741,0.6183956,0.031793807,0.65018946
2021-10-06 00:00:00+00:00,0.18195291,0.39676076,0.022361768,0.1513765,0.7524519,0.038686093,0.791138
2021-10-07 00:00:00+00:00,0.22144927,0.46286738,0.022615802,0.1513765,0.8583089,0.04412856,0.90243745
2021-10-08 00:00:00+00:00,0.23170769,0.490519,0.022291686,0.1513765,0.8958948,0.046060976,0.9419558
2021-10-09 00:00:00+00:00,0.25555617,0.55870265,0.020344809,0.1513765,0.9859801,0.050692566,1.0366727
2021-10-10 00:00:00+00:00,0.31345817,0.66838765,0.020452116,0.1513765,1.1536745,0.0593143,1.2129887
2021-10-11 00:00:00+00:00,0.3515722,0.68032974,0.022497544,0.1513765,1.205776,0.061993014,1.267769
2021-10-12 00:00:00+00:00,0.35587347,0.687575,0.022552293,0.1513765,1.2173772,0.062589474,1.2799667
2021-10-13 00:00:00+00:00,0.37468356,0.72480655,0.022361768,0.1513765,1.2732284,0.06546097,1.3386893
2021-10-14 00:00:00+00:00,0.32915756,0.64478874,0.022615802,0.1513765,1.1479386,0.059019398,1.206958
2021-10-15 00:00:00+00:00,0.30771086,0.6208214,0.022291686,0.1513765,1.1022004,0.056667842,1.1588682
2021-10-16 00:00:00+00:00,0.32564062,0.6875241,0.020344809,0.1513765,1.1848861,0.060918994,1.2458051
2021-10-17 00:00:00+00:00,0.32358903,0.68792486,0.020452116,0.1513765,1.1833426,0.060839638,1.2441822
2021-10-18 00:00:00+00:00,0.32914603,0.64422965,0.022497544,0.1513765,1.1472497,0.05898398,1.2062337
2021-10-19 00:00:00+00:00,0.24158181,0.4980456,0.022552293,0.1513765,0.9135562,0.046969008,0.9605252
2021-10-20 00:00:00+00:00,0.13805088,0.31908134,0.022361765,0.15137644,0.6308704,0.03243518,0.6633056
2021-10-21 00:00:00+00:00,0.17998357,0.39193395,0.022615802,0.1513765,0.7459098,0.03834974,0.78425956
2021-10-22 00:00:00+00:00,0.29139924,0.5920595,0.022291686,0.1513765,1.0571269,0.05435046,1.1114774
2021-10-23 00:00:00+00:00,0.34415337,0.7187814,0.020344809,0.1513765,1.2346561,0.06347784,1.298134
2021-10-24 00:00:00+00:00,0.39123833,0.81121653,0.020452116,0.1513765,1.3742834,0.07065655,1.44494
2021-10-25 00:00:00+00:00,0.41659027,0.78898746,0.022497544,0.1513765,1.3794518,0.07092227,1.450374
2021-10-26 00:00:00+00:00,0.33536178,0.6541938,0.022552293,0.1513765,1.1634843,0.05981866,1.223303
2021-10-27 00:00:00+00:00,0.28648338,0.5751035,0.022361768,0.1513765,1.0353252,0.053229563,1.0885547
2021-10-28 00:00:00+00:00,0.30096677,0.5968356,0.022615802,0.1513765,1.0717946,0.05510458,1.1268992
2021-10-29 00:00:00+00:00,0.3032983,0.61125726,0.022291686,0.1513765,1.0882237,0.055949252,1.1441729
2021-10-30 00:00:00+00:00,0.275347,0.60012805,0.020344809,0.1513765,1.0471964,0.053839903,1.1010363
2021-10-31 00:00:00+00:00,0.20408306,0.46544507,0.020629505,0.1512342,0.84139186,0.043258797,0.88465065
2021-11-01 00:00:00+00:00,0.2568785,0.52134633,0.022530394,0.1513765,0.9521317,0.048952304,1.001084
2021-11-02 00:00:00+00:00,0.33471712,0.6518195,0.022558862,0.1513765,1.1604719,0.05966378,1.2201357
2021-11-03 00:00:00+00:00,0.40198448,0.76966953,0.022355199,0.1513765,1.3453857,0.06917082,1.4145565
2021-11-04 00:00:00+00:00,0.44462964,0.83577794,0.022613613,0.1513765,1.4543977,0.074775495,1.5291731
2021-11-05 00:00:00+00:00,0.4374282,0.8384492,0.022256646,0.1513765,1.4495105,0.074524224,1.5240347
2021-11-06 00:00:00+00:00,0.40995118,0.8472543,0.02027035,0.1513765,1.4288523,0.07346212,1.5023144
2021-11-07 00:00:00+00:00,0.40025052,0.8243324,0.020530956,0.1513765,1.3964903,0.07179828,1.4682887
2021-11-08 00:00:00+00:00,0.44104755,0.8279,0.022530394,0.1513765,1.4428545,0.07418202,1.5170366
2021-11-09 00:00:00+00:00,0.46301782,0.8644284,0.022558862,0.1513765,1.5013815,0.07719109,1.5785726
2021-11-10 00:00:00+00:00,0.522515,0.971009,0.022355199,0.1513765,1.6672558,0.08571925,1.752975
2021-11-11 00:00:00+00:00,0.5574283,1.022274,0.022613613,0.1513765,1.7536925,0.09016325,1.8438557
2021-11-12 00:00:00+00:00,0.555312,1.0380535,0.022256646,0.1513765,1.7669985,0.09084736,1.8578459
2021-11-13 00:00:00+00:00,0.4775663,0.97100693,0.02027035,0.1513765,1.6202201,0.083300985,1.703521
2021-11-14 00:00:00+00:00,0.42754364,0.873491,0.020530956,0.1513765,1.4729421,0.07572892,1.548671
2021-11-15 00:00:00+00:00,0.479373,0.89075845,0.022530394,0.1513765,1.5440384,0.07938423,1.6234226
2021-11-16 00:00:00+00:00,0.5105148,0.9427303,0.022558862,0.1513765,1.6271805,0.08365884,1.7108393
2021-11-17 00:00:00+00:00,0.5106019,0.9510371,0.022355199,0.1513765,1.6353706,0.08407992,1.7194505
2021-11-18 00:00:00+00:00,0.47662115,0.8890538,0.022613613,0.1513765,1.5396651,0.07915938,1.6188245
2021-11-19 00:00:00+00:00,0.40453604,0.7823435,0.022256646,0.1513765,1.3605126,0.06994855,1.4304612
2021-11-20 00:00:00+00:00,0.3567657,0.7492594,0.02027035,0.1513765,1.2776719,0.06568943,1.3433614
2021-11-21 00:00:00+00:00,0.4123815,0.8450274,0.020530956,0.1513765,1.4293163,0.07348598,1.5028023
2021-11-22 00:00:00+00:00,0.5402878,0.99122626,0.022530394,0.1513765,1.705421,0.08768145,1.7931024
2021-11-23 00:00:00+00:00,0.59733576,1.0872564,0.022558862,0.1513765,1.8585275,0.095553175,1.9540807
2021-11-24 00:00:00+00:00,0.59999377,1.1017426,0.022355199,0.1513765,1.8754681,0.09642415,1.9718922
2021-11-25 00:00:00+00:00,0.64784783,1.1738371,0.022613613,0.1513765,1.995675,0.10260439,2.0982795
2021-11-26 00:00:00+00:00,0.65122664,1.2001784,0.022256646,0.1513765,2.0250382,0.104114056,2.1291523
2021-11-27 00:00:00+00:00,0.6155673,1.2247065,0.02027035,0.1513765,2.0119207,0.10343964,2.1153603
2021-11-28 00:00:00+00:00,0.65081006,1.2799271,0.020530956,0.1513765,2.1026447,0.108104065,2.2107487
2021-11-29 00:00:00+00:00,0.7236645,1.2983143,0.022530394,0.1513765,2.1958857,0.112897895,2.3087835
2021-11-30 00:00:00+00:00,0.6618595,1.1950866,0.022558862,0.1513765,2.0308814,0.10441447,2.1352959
2021-12-01 00:00:00+00:00,0.5583651,1.0299587,0.022355199,0.1513765,1.7620555,0.090593226,1.8526487
2021-12-02 00:00:00+00:00,0.6233885,1.13007,0.022613613,0.1513765,1.9274486,0.09909664,2.0265453
2021-12-03 00:00:00+00:00,0.6731473,1.2373359,0.022256646,0.1513765,2.0841165,0.10715146,2.191268
2021-12-04 00:00:00+00:00,0.60436815,1.2036872,0.02027035,0.1513765,1.9797022,0.10178318,2.0814855
2021-12-05 00:00:00+00:00,0.6172354,1.2171212,0.020530956,0.1513765,2.0062642,0.10314882,2.1094131
2021-12-06 00:00:00+00:00,0.7096292,1.2741233,0.022530394,0.1513765,2.1576593,0.11093255,2.268592
2021-12-07 00:00:00+00:00,0.70674664,1.2699479,0.022558862,0.1513765,2.15063,0.110571146,2.2612011
2021-12-08 00:00:00+00:00,0.69272405,1.2574294,0.022355199,0.1513765,2.1238852,0.109196104,2.2330813
2021-12-09 00:00:00+00:00,0.7102726,1.2772328,0.022613613,0.1513765,2.1614954,0.111129776,2.2726252
2021-12-10 00:00:00+00:00,0.7103165,1.3018092,0.022256646,0.1513765,2.1857588,0.11237724,2.298136
2021-12-11 00:00:00+00:00,0.66538477,1.3184495,0.02027035,0.1513765,2.155481,0.11082056,2.2663016
2021-12-12 00:00:00+00:00,0.61599475,1.2172233,0.020530956,0.1513765,2.0051255,0.10309027,2.1082158
2021-12-13 00:00:00+00:00,0.5633832,1.0304803,0.022530394,0.1513765,1.7677704,0.09088705,1.8586575
2021-12-14 00:00:00+00:00,0.517826,0.9556809,0.022558862,0.1513765,1.6474422,0.08470057,1.7321428
2021-12-15 00:00:00+00:00,0.4705725,0.8846417,0.022355199,0.1513765,1.5289459,0.078608274,1.6075542
2021-12-16 00:00:00+00:00,0.46533117,0.86968005,0.022613613,0.1513765,1.5090014,0.07758286,1.5865842
2021-12-17 00:00:00+00:00,0.48653123,0.9208637,0.022256646,0.1513765,1.581028,0.08128598,1.6623139
2021-12-18 00:00:00+00:00,0.4870411,0.98806113,0.02027035,0.1513765,1.646749,0.084664926,1.731414
2021-12-19 00:00:00+00:00,0.514254,1.0303774,0.020530956,0.1513765,1.7165388,0.08825305,1.8047918
2021-12-20 00:00:00+00:00,0.66283494,1.196295,0.022530394,0.1513765,2.033037,0.10452529,2.1375623
2021-12-21 00:00:00+00:00,0.79462266,1.4214941,0.022558862,0.1513765,2.3900523,0.12288066,2.512933
2021-12-22 00:00:00+00:00,0.8630373,1.554456,0.022355199,0.1513765,2.591225,0.13322362,2.7244484
2021-12-23 00:00:00+00:00,0.832951,1.4871542,0.022613613,0.1513765,2.4940953,0.12822986,2.6223252
2021-12-24 00:00:00+00:00,0.66468495,1.2231696,0.022256646,0.1513765,2.0614877,0.10598804,2.1674757
2021-12-25 00:00:00+00:00,0.6668321,1.3218135,0.02027035,0.1513765,2.1602924,0.11106792,2.2713604
2021-12-26 00:00:00+00:00,0.7201654,1.4148595,0.020530956,0.1513765,2.3069324,0.118607186,2.4255397
2021-12-27 00:00:00+00:00,0.72630304,1.3057711,0.022530394,0.1513765,2.205981,0.11341693,2.319398
2021-12-28 00:00:00+00:00,0.6213936,1.1286185,0.022558862,0.1513765,1.9239475,0.098916635,2.022864
2021-12-29 00:00:00+00:00,0.5060307,0.9443621,0.022355199,0.1513765,1.6241244,0.08350172,1.7076261
2021-12-30 00:00:00+00:00,0.3336884,0.65049285,0.022613613,0.1513765,1.1581714,0.059545502,1.2177169
2021-12-31 00:00:00+00:00,0.24460529,0.509358,0.022256646,0.1513765,0.92759645,0.047690865,0.9752873
2022-01-01 00:00:00+00:00,0.2250441,0.50729346,0.02027035,0.1513765,0.9039844,0.04647689,0.9504613
2022-01-02 00:00:00+00:00,0.25264737,0.55415654,0.020530956,0.1513765,0.97871137,0.050318856,1.0290302
2022-01-03 00:00:00+00:00,0.3065037,0.60413885,0.022530394,0.1513765,1.0845494,0.055760346,1.1403098
2022-01-04 00:00:00+00:00,0.38318864,0.73135245,0.022558862,0.1513765,1.2884763,0.066244915,1.3547213
2022-01-05 00:00:00+00:00,0.5318383,0.9850956,0.022355199,0.1513765,1.6906656,0.086922824,1.7775884
2022-01-06 00:00:00+00:00,0.64858776,1.1725596,0.022613613,0.1513765,1.9951376,0.102576755,2.0977144
2022-01-07 00:00:00+00:00,0.6964907,1.2777755,0.022256646,0.1513765,2.1478994,0.11043076,2.25833
2022-01-08 00:00:00+00:00,0.65658164,1.3017321,0.02027035,0.1513765,2.1299605,0.10950846,2.239469
2022-01-09 00:00:00+00:00,0.63445646,1.2495059,0.020530956,0.1513765,2.0558698,0.10569921,2.161569
2022-01-10 00:00:00+00:00,0.7039043,1.2642314,0.022530394,0.1513765,2.1420426,0.11012965,2.2521722
2022-01-11 00:00:00+00:00,0.73597294,1.3198819,0.022558862,0.1513765,2.2297902,0.11464104,2.3444312
2022-01-12 00:00:00+00:00,0.73951405,1.3387203,0.022355199,0.1513765,2.2519662,0.11578119,2.3677473
2022-01-13 00:00:00+00:00,0.7310184,1.3147644,0.022613613,0.1513765,2.2197728,0.11412601,2.3338988
2022-01-14 00:00:00+00:00,0.6930029,1.2740588,0.022256646,0.1513765,2.1406949,0.11006035,2.2507553
2022-01-15 00:00:00+00:00,0.6487815,1.2882591,0.02027035,0.1513765,2.1086874,0.10841474,2.217102
2022-01-16 00:00:00+00:00,0.6465639,1.2735333,0.020530956,0.1513765,2.0920048,0.10755703,2.1995618
2022-01-17 00:00:00+00:00,0.6431938,1.1630437,0.022530394,0.1513765,1.9801444,0.10180591,2.0819502
2022-01-18 00:00:00+00:00,0.6146317,1.1157298,0.022558862,0.1513765,1.9042968,0.09790632,2.002203
2022-01-19 00:00:00+00:00,0.63488364,1.1588615,0.022355199,0.1513765,1.9674768,0.101154625,2.0686314
2022-01-20 00:00:00+00:00,0.67738056,1.2214899,0.022613613,0.1513765,2.0728607,0.10657277,2.1794336
2022-01-21 00:00:00+00:00,0.6983416,1.2814304,0.022256646,0.1513765,2.1534052,0.11071383,2.264119
2022-01-22 00:00:00+00:00,0.6006275,1.1977787,0.02027035,0.1513765,1.970053,0.101287074,2.07134
2022-01-23 00:00:00+00:00,0.57330453,1.1378065,0.020530956,0.1513765,1.8830185,0.09681234,1.9798309
2022-01-24 00:00:00+00:00,0.6340629,1.1475128,0.022530394,0.1513765,1.9554826,0.10053796,2.0560205
2022-01-25 00:00:00+00:00,0.67430204,1.21652,0.022558862,0.1513765,2.0647573,0.10615615,2.1709135
2022-01-26 00:00:00+00:00,0.7046695,1.2792826,0.022355199,0.1513765,2.1576836,0.110933796,2.2686174
2022-01-27 00:00:00+00:00,0.6837031,1.2339144,0.022613613,0.1513765,2.0916078,0.10753662,2.1991444
2022-01-28 00:00:00+00:00,0.6313391,1.1668222,0.022256646,0.1513765,1.9717944,0.10137661,2.073171
2022-01-29 00:00:00+00:00,0.5178873,1.0447123,0.02027035,0.1513765,1.7342465,0.08916347,1.8234099
2022-01-30 00:00:00+00:00,0.5103426,1.0225351,0.020530956,0.1513765,1.7047851,0.08764876,1.7924339
2022-01-31 00:00:00+00:00,0.607599,1.1025848,0.022530394,0.1513765,1.8840908,0.096867464,1.9809582
2022-02-01 00:00:00+00:00,0.613776,1.1141431,0.022558862,0.1513765,1.9018544,0.09778076,1.9996351
2022-02-02 00:00:00+00:00,0.560819,1.034568,0.022355199,0.1513765,1.7691187,0.09095636,1.860075
2022-02-03 00:00:00+00:00,0.53268343,0.9804998,0.022613613,0.1513765,1.6871734,0.08674328,1.7739166
2022-02-04 00:00:00+00:00,0.50540364,0.9519887,0.022256646,0.1513765,1.6310254,0.08385652,1.7148819
2022-02-05 00:00:00+00:00,0.50734484,1.0244203,0.02027035,0.1513765,1.7034119,0.087578155,1.7909901
2022-02-06 00:00:00+00:00,0.50386566,1.0106677,0.020530956,0.1513765,1.6864407,0.08670561,1.7731463
2022-02-07 00:00:00+00:00,0.5903269,1.0744116,0.022530394,0.1513765,1.8386455,0.09453097,1.9331764
2022-02-08 00:00:00+00:00,0.54165655,0.9950163,0.022558862,0.1513765,1.7106081,0.087948136,1.7985562
2022-02-09 00:00:00+00:00,0.46968326,0.8826506,0.022355199,0.1513765,1.5260656,0.07846019,1.6045258
2022-02-10 00:00:00+00:00,0.49464595,0.917547,0.022613613,0.1513765,1.5861831,0.08155102,1.6677341
2022-02-11 00:00:00+00:00,0.5664049,1.054226,0.022256646,0.1513765,1.7942641,0.09224917,1.8865132
2022-02-12 00:00:00+00:00,0.60634667,1.2075963,0.02027035,0.1513765,1.9855897,0.10208587,2.0876756
2022-02-13 00:00:00+00:00,0.5866154,1.1625249,0.020530956,0.1513765,1.9210477,0.09876755,2.0198152
2022-02-14 00:00:00+00:00,0.53722125,0.98664343,0.022530394,0.1513765,1.6977717,0.08728817,1.7850598
2022-02-15 00:00:00+00:00,0.50487643,0.93447566,0.022558862,0.1513765,1.6132873,0.08294455,1.6962318
2022-02-16 00:00:00+00:00,0.42148393,0.80288005,0.022355199,0.1513765,1.3980957,0.07188082,1.4699765
2022-02-17 00:00:00+00:00,0.3734806,0.7176141,0.022613613,0.1513765,1.2650849,0.06504229,1.3301271
2022-02-18 00:00:00+00:00,0.36970088,0.72272366,0.022256646,0.1513765,1.2660576,0.065092295,1.3311499
2022-02-19 00:00:00+00:00,0.40979427,0.8455753,0.02027035,0.1513765,1.4270164,0.07336773,1.5003841
2022-02-20 00:00:00+00:00,0.4141413,0.8483558,0.020530956,0.1513765,1.4344046,0.07374758,1.5081522
2022-02-21 00:00:00+00:00,0.4981232,0.9214129,0.022530394,0.1513765,1.593443,0.08192429,1.6753674
2022-02-22 00:00:00+00:00,0.50637156,0.93590957,0.022558862,0.1513765,1.6162164,0.08309514,1.6993116
2022-02-23 00:00:00+00:00,0.48102066,0.9013684,0.022355199,0.1513765,1.5561208,0.08000542,1.6361262
2022-02-24 00:00:00+00:00,0.4825233,0.8977366,0.022613613,0.1513765,1.55425,0.07990924,1.6341592
2022-02-25 00:00:00+00:00,0.5562919,1.0376123,0.022256646,0.1513765,1.7675374,0.09087506,1.8584124
2022-02-26 00:00:00+00:00,0.56045914,1.1218998,0.02027035,0.1513765,1.8540058,0.095320694,1.9493265
2022-02-27 00:00:00+00:00,0.5979248,1.1818177,0.020530956,0.1513765,1.9516499,0.10034091,2.0519907
2022-02-28 00:00:00+00:00,0.6723418,1.211313,0.022530394,0.1513765,2.0575619,0.105786204,2.1633482
2022-03-01 00:00:00+00:00,0.6801895,1.2253118,0.022558862,0.1513765,2.0794365,0.106910855,2.1863475
2022-03-02 00:00:00+00:00,0.67058545,1.2198317,0.022355199,0.1513765,2.064149,0.10612486,2.1702738
2022-03-03 00:00:00+00:00,0.6825546,1.2304955,0.022613613,0.1513765,2.0870402,0.10730178,2.194342
2022-03-04 00:00:00+00:00,0.69065064,1.267511,0.022256646,0.1513765,2.1317947,0.109602764,2.2413974
2022-03-05 00:00:00+00:00,0.6554987,1.2993822,0.02027035,0.1513765,2.1265278,0.10933197,2.2358599
2022-03-06 00:00:00+00:00,0.68234485,1.3387599,0.020530956,0.1513765,2.1930122,0.112750165,2.3057623
2022-03-07 00:00:00+00:00,0.7492206,1.3416066,0.022530394,0.1513765,2.264734,0.11643762,2.3811717
2022-03-08 00:00:00+00:00,0.7081147,1.2724984,0.022558862,0.1513765,2.1545484,0.11077261,2.265321
2022-03-09 00:00:00+00:00,0.63510615,1.1599987,0.022355199,0.1513765,1.9688364,0.10122453,2.070061
2022-03-10 00:00:00+00:00,0.56314176,1.0311012,0.022613613,0.1513765,1.7682332,0.09091084,1.859144
2022-03-11 00:00:00+00:00,0.5288881,0.9922196,0.022256646,0.1513765,1.6947408,0.08713234,1.7818731
2022-03-12 00:00:00+00:00,0.4500012,0.9198398,0.02027035,0.1513765,1.5414878,0.07925309,1.6207409
2022-03-13 00:00:00+00:00,0.41495422,0.8500914,0.020530956,0.1513765,1.4369531,0.07387861,1.5108317
2022-03-14 00:00:00+00:00,0.43604842,0.818839,0.022530394,0.1513765,1.4287944,0.07345914,1.5022535
2022-03-15 00:00:00+00:00,0.45057473,0.8439173,0.022558862,0.1513765,1.4684273,0.07549681,1.5439241
2022-03-16 00:00:00+00:00,0.4339826,0.82287014,0.022355199,0.1513765,1.4305844,0.07355118,1.5041356
2022-03-17 00:00:00+00:00,0.427796,0.8072673,0.022613613,0.1513765,1.4090534,0.07244419,1.4814976
2022-03-18 00:00:00+00:00,0.42854154,0.82256407,0.022256646,0.1513765,1.4247386,0.07325062,1.4979893
2022-03-19 00:00:00+00:00,0.41797286,0.86074823,0.02027035,0.1513765,1.4503679,0.07456831,1.5249362
2022-03-20 00:00:00+00:00,0.40281087,0.8292657,0.020530956,0.1513765,1.4039841,0.072183564,1.4761677
2022-03-21 00:00:00+00:00,0.40268204,0.76433694,0.022530394,0.1513765,1.3409259,0.068941526,1.4098674
2022-03-22 00:00:00+00:00,0.36769235,0.70702195,0.022558862,0.1513765,1.2486496,0.064197294,1.3128469
2022-03-23 00:00:00+00:00,0.3343298,0.6565293,0.022355199,0.1513765,1.1645908,0.059875548,1.2244663
2022-03-24 00:00:00+00:00,0.32364285,0.6347017,0.022613613,0.1513765,1.1323347,0.05821715,1.1905519
2022-03-25 00:00:00+00:00,0.2953306,0.5978928,0.021553667,0.14978391,1.064561,0.054732677,1.1192937
