time,Temp [K]
2017-01-01,271.61856496949355
2017-01-02,272.2141566523448
2017-01-03,273.14190079950737
2017-01-04,274.1127821065833
2017-01-05,272.13079181688965
2017-01-06,268.3664966414882
2017-01-07,267.5287057982037
2017-01-08,269.8385567775692
2017-01-09,271.5957140934469
2017-01-10,272.5132083808722
2017-01-11,273.6759936539437
2017-01-12,275.1761966138474
2017-01-13,274.7658547992986
2017-01-14,274.2109600474738
2017-01-15,273.10185159966454
2017-01-16,271.2532845043533
2017-01-17,269.8964878307799
2017-01-18,269.07449261962734
2017-01-19,268.66010333064514
2017-01-20,269.24602195888247
2017-01-21,269.8018551513699
2017-01-22,269.1094733901683
2017-01-23,268.37822289808736
2017-01-24,269.02359694492077
2017-01-25,269.4206765905543
2017-01-26,270.15933702978515
2017-01-27,270.7376407338097
2017-01-28,271.41904875944255
2017-01-29,272.8438700112827
2017-01-30,274.0817139487234
2017-01-31,274.59877498551674
2017-02-01,274.5946713449256
2017-02-02,275.6692332932206
2017-02-03,276.76892515404177
2017-02-04,277.21711553664477
2017-02-05,276.9790755020978
2017-02-06,275.89678305074284
2017-02-07,274.87690690499846
2017-02-08,273.6605921360975
2017-02-09,272.144718618494
2017-02-10,271.70689714475117
2017-02-11,272.358497055147
2017-02-12,272.92100969228864
2017-02-13,273.33694651279546
2017-02-14,273.9181023531992
2017-02-15,275.3358771740756
2017-02-16,277.07748617079864
2017-02-17,277.78889382786247
2017-02-18,277.61371510105016
2017-02-19,277.08683934227355
2017-02-20,278.5794982029759
2017-02-21,280.0372217825476
2017-02-22,281.01375062653057
2017-02-23,281.4193906692821
2017-02-24,278.9476926609177
2017-02-25,277.3890390193531
2017-02-26,278.68209633469735
2017-02-27,280.4457716813834
2017-02-28,279.4377015878318
2017-03-01,278.687572218896
2017-03-02,278.8553380860185
2017-03-03,278.88918066059193
2017-03-04,280.7011332994545
2017-03-05,280.4485570595269
2017-03-06,279.27082905089486
2017-03-07,278.04948522114404
2017-03-08,277.78908735782767
2017-03-09,279.38504062447805
2017-03-10,279.27491622656794
2017-03-11,279.0445717084269
2017-03-12,278.77350697597603
2017-03-13,278.57809656172907
2017-03-14,279.71082123720123
2017-03-15,280.7800272100643
2017-03-16,281.1941218504978
2017-03-17,281.4505626860913
2017-03-18,280.9335342164262
2017-03-19,281.4840310240644
2017-03-20,282.5266586271485
2017-03-21,281.94057971874025
2017-03-22,280.29447662922144
2017-03-23,280.4188995404209
2017-03-24,280.34538151638054
2017-03-25,280.5203684362874
2017-03-26,280.59230858385234
2017-03-27,281.37952850718614
2017-03-28,283.13023714310776
2017-03-29,284.1421521300582
2017-03-30,285.6860523879889
2017-03-31,287.06009258595003
2017-04-01,286.7396015056034
2017-04-02,285.7644089089793
2017-04-03,284.2121726320727
2017-04-04,282.8058262846963
2017-04-05,281.9804459423662
2017-04-06,281.01768376099545
2017-04-07,281.24237032937503
2017-04-08,282.346361718187
2017-04-09,283.92665453755734
2017-04-10,284.5598558674328
2017-04-11,282.84566738614967
2017-04-12,282.856717112178
2017-04-13,282.4932193137634
2017-04-14,281.8610845323196
2017-04-15,281.80343683766165
2017-04-16,280.50777853143825
2017-04-17,279.20359838064417
2017-04-18,277.658435384578
2017-04-19,276.364035819212
2017-04-20,276.4806585787543
2017-04-21,278.86396774943046
2017-04-22,279.69527476436036
2017-04-23,279.2241985623086
2017-04-24,280.27727208292737
2017-04-25,279.98565192689813
2017-04-26,278.8587249855248
2017-04-27,278.51950559728107
2017-04-28,278.72773746389083
2017-04-29,279.40423701752695
2017-04-30,281.3000722877078
2017-05-01,281.9984557989726
2017-05-02,281.93181705519146
2017-05-03,282.62718761425856
2017-05-04,282.3918139599906
2017-05-05,282.3536434637779
2017-05-06,283.8462692662782
2017-05-07,284.5687439662932
2017-05-08,283.0639733198993
2017-05-09,281.57914670594107
2017-05-10,281.8014283923127
2017-05-11,284.33795757873696
2017-05-12,286.39403603930884
2017-05-13,287.68499172472343
2017-05-14,288.02807024754975
2017-05-15,287.9897769221641
2017-05-16,289.1473857233776
2017-05-17,291.44826922030836
2017-05-18,292.0042092585164
2017-05-19,290.02762479303135
2017-05-20,287.6331800662794
2017-05-21,287.1329028715471
2017-05-22,288.0630672561235
2017-05-23,289.50852551289023
2017-05-24,288.78915521556866
2017-05-25,288.6555210363819
2017-05-26,289.7789721498957
2017-05-27,291.87435249150514
2017-05-28,293.548322283412
2017-05-29,295.00049468038486
2017-05-30,294.52255171415186
2017-05-31,292.69351206984044
2017-06-01,291.4219297624348
2017-06-02,291.7136900204615
2017-06-03,292.00811509577903
2017-06-04,290.37134920417003
2017-06-05,289.397599819807
2017-06-06,288.5202671145064
2017-06-07,286.90841337909336
2017-06-08,287.9237874994245
2017-06-09,289.1208374515949
2017-06-10,289.6768133516146
2017-06-11,292.12478898874525
2017-06-12,291.99897812271803
2017-06-13,290.7181786551108
2017-06-14,290.69011170322796
2017-06-15,292.1886702620675
2017-06-16,291.23390079250805
2017-06-17,290.1913879825462
2017-06-18,291.36038694044936
2017-06-19,293.4000993203127
2017-06-20,294.865201099005
2017-06-21,294.8520031305719
2017-06-22,295.91720267888763
2017-06-23,295.01339705059587
2017-06-24,293.4868279225692
2017-06-25,292.43708886765785
2017-06-26,292.087493560798
2017-06-27,291.45644917600373
2017-06-28,291.7583975389107
2017-06-29,290.8101758369875
2017-06-30,290.094211910801
2017-07-01,289.2762964315747
2017-07-02,288.8779131996963
2017-07-03,289.50312297928883
2017-07-04,290.3617226140031
2017-07-05,291.63183917583825
2017-07-06,293.20560002366983
2017-07-07,294.38007593440227
2017-07-08,294.5308520865696
2017-07-09,294.04544218520095
2017-07-10,293.12335135526814
2017-07-11,292.087256335625
2017-07-12,290.6570636512072
2017-07-13,289.1948074961008
2017-07-14,288.8794373838857
2017-07-15,288.65919317894907
2017-07-16,289.6781488673984
2017-07-17,290.9634510480623
2017-07-18,292.3664574466882
2017-07-19,294.47293028563485
2017-07-20,294.1651852199021
2017-07-21,293.7481305953561
2017-07-22,293.66992405272686
2017-07-23,292.23772729549347
2017-07-24,290.1963185888754
2017-07-25,288.6405648500506
2017-07-26,288.6944594091667
2017-07-27,289.5250718413348
2017-07-28,289.9692256934262
2017-07-29,291.7081632526873
2017-07-30,293.6969703659083
2017-07-31,294.05407288394304
2017-08-01,294.2998174543063
2017-08-02,294.1847119783055
2017-08-03,294.4147522993975
2017-08-04,293.79469630385887
2017-08-05,292.5191519145099
2017-08-06,290.81352861646866
2017-08-07,290.68366094268606
2017-08-08,290.9205290351348
2017-08-09,291.0897670301796
2017-08-10,289.91316810478156
2017-08-11,288.55916583211484
2017-08-12,288.12106350068285
2017-08-13,288.93286954220196
2017-08-14,290.33743146752414
2017-08-15,292.3003583809266
2017-08-16,292.4540793569198
2017-08-17,292.74205964513624
2017-08-18,292.4988405680471
2017-08-19,290.3654616076261
2017-08-20,288.85898062311867
2017-08-21,288.2405811828617
2017-08-22,288.2527792243613
2017-08-23,289.40867296630717
2017-08-24,290.59427143691306
2017-08-25,291.32485649802305
2017-08-26,292.4076469116503
2017-08-27,292.23097260177616
2017-08-28,291.98346076008886
2017-08-29,292.92792803324335
2017-08-30,294.1006799204182
2017-08-31,291.9557168822551
2017-09-01,289.2018330227302
2017-09-02,287.29817847354497
2017-09-03,286.16724477852006
2017-09-04,286.54747719183047
2017-09-05,288.4660117716345
2017-09-06,289.07915305058225
2017-09-07,288.19231270221627
2017-09-08,287.83700350195323
2017-09-09,287.28675628818297
2017-09-10,286.7545613568521
2017-09-11,286.7897867254593
2017-09-12,286.3899749141853
2017-09-13,286.5965982363561
2017-09-14,285.62980153417806
2017-09-15,284.9997275671563
2017-09-16,284.01869789907335
2017-09-17,283.56251049820065
2017-09-18,283.38535361256027
2017-09-19,283.5315846146839
2017-09-20,283.9014209363208
2017-09-21,284.49074108840165
2017-09-22,285.06192415242526
2017-09-23,285.54476454352533
2017-09-24,285.90625706443035
2017-09-25,286.05445318237145
2017-09-26,286.23716245768344
2017-09-27,286.67718918622336
2017-09-28,287.37802203926805
2017-09-29,288.51182711940004
2017-09-30,288.07993177669385
2017-10-01,286.50266592945314
2017-10-02,286.41478023513224
2017-10-03,285.63748321201734
2017-10-04,284.790579010792
2017-10-05,284.7076819486192
2017-10-06,283.5144371420694
2017-10-07,283.10729317609156
2017-10-08,283.25190470388793
2017-10-09,282.98912906258636
2017-10-10,284.0662885852946
2017-10-11,285.38253134756184
2017-10-12,285.8796702494396
2017-10-13,286.1815306227889
2017-10-14,287.0487625526623
2017-10-15,287.4188691929314
2017-10-16,288.1318410223272
2017-10-17,287.8163804361454
2017-10-18,286.6946546779653
2017-10-19,286.3004355862433
2017-10-20,286.14662239016815
2017-10-21,285.7479046338715
2017-10-22,284.17216011258813
2017-10-23,283.19212823708176
2017-10-24,283.9475994809515
2017-10-25,285.42413822933804
2017-10-26,285.4957376379169
2017-10-27,284.5221362676565
2017-10-28,283.20519721440263
2017-10-29,282.31127350370883
2017-10-30,280.28484883079597
2017-10-31,279.59371855009454
2017-11-01,280.62093455348156
2017-11-02,281.5244203360228
2017-11-03,281.50936261721364
2017-11-04,281.7131165452929
2017-11-05,281.3970181463028
2017-11-06,279.4641584083005
2017-11-07,278.43231328481704
2017-11-08,278.81273338776185
2017-11-09,279.0970523358273
2017-11-10,279.2980461703444
2017-11-11,278.844727669681
2017-11-12,277.78597770060844
2017-11-13,277.2008397067153
2017-11-14,276.65398445131314
2017-11-15,277.29986475827764
2017-11-16,277.5607503139311
2017-11-17,277.4850809344527
2017-11-18,277.1853182463119
2017-11-19,277.1287550003839
2017-11-20,276.9372711927471
2017-11-21,278.6567888624295
2017-11-22,280.0792638961618
2017-11-23,281.40421609275995
2017-11-24,281.6103477059335
2017-11-25,279.4997379154919
2017-11-26,277.3662310902959
2017-11-27,276.90039651802135
2017-11-28,276.9123888166062
2017-11-29,275.87506561480757
2017-11-30,274.8395187389225
2017-12-01,273.9864757102462
2017-12-02,273.0381505393651
2017-12-03,272.78004292994353
2017-12-04,274.38378905491635
2017-12-05,276.11973754221833
2017-12-06,277.1618101518395
2017-12-07,277.2172793463801
2017-12-08,276.45444263303625
2017-12-09,274.5989603840121
2017-12-10,273.8449217601054
2017-12-11,275.1483397965183
2017-12-12,275.2153766646444
2017-12-13,275.13818474115453
2017-12-14,275.8506983215806
2017-12-15,275.4871843777696
2017-12-16,275.0615469450616
2017-12-17,274.56256418941945
2017-12-18,273.9906192162964
2017-12-19,274.487339946131
2017-12-20,275.5963433122878
2017-12-21,277.1909632744715
2017-12-22,278.2703634047304
2017-12-23,279.2447057125147
2017-12-24,279.7808674147179
2017-12-25,278.86157758956733
2017-12-26,277.90848690098534
2017-12-27,277.03933909505463
2017-12-28,275.86607377624193
2017-12-29,274.7926933922917
2017-12-30,276.6052221987782
2017-12-31,280.07443165560585
2018-01-01,279.96943517791016
2018-01-02,278.9038505362518
2018-01-03,279.1206956356936
2018-01-04,279.3520031223071
2018-01-05,279.8215922797329
2018-01-06,279.15932342147516
2018-01-07,277.27155764090094
2018-01-08,276.0467373854068
2018-01-09,276.2721797600934
2018-01-10,276.898986982653
2018-01-11,276.69709591943
2018-01-12,276.4452595038444
2018-01-13,275.8594795761052
2018-01-14,274.5375004775017
2018-01-15,274.6777739788325
2018-01-16,275.8481697257841
2018-01-17,275.2797651508567
2018-01-18,276.05980340107794
2018-01-19,275.6366862477894
2018-01-20,274.9384070599488
2018-01-21,274.36194417321394
2018-01-22,274.9453585519113
2018-01-23,276.6598923700258
2018-01-24,279.5350997366778
2018-01-25,280.3653109331879
2018-01-26,279.5426909421878
2018-01-27,278.51130990677467
2018-01-28,279.15613583398556
2018-01-29,280.17104889421194
2018-01-30,278.9241867890313
2018-01-31,278.9701129617312
2018-02-01,277.188838165344
2018-02-02,275.9353649271195
2018-02-03,274.8830141207215
2018-02-04,273.448598838532
2018-02-05,272.56194483958444
2018-02-06,271.44942702994757
2018-02-07,271.0321226731643
2018-02-08,270.5834982549224
2018-02-09,270.90544137000325
2018-02-10,272.1352100789665
2018-02-11,273.57397388537015
2018-02-12,273.7587980602139
2018-02-13,273.05078544482524
2018-02-14,272.27463464949744
2018-02-15,272.86521801279883
2018-02-16,274.27275639676
2018-02-17,273.97259073362306
2018-02-18,273.64819266478605
2018-02-19,273.1489600579618
2018-02-20,272.6390363549663
2018-02-21,272.3552124228743
2018-02-22,271.95338610338536
2018-02-23,271.2827883893886
2018-02-24,270.7810708281717
2018-02-25,269.05893069121163
2018-02-26,267.4936959399634
2018-02-27,266.1105015981796
2018-02-28,264.8251470071366
2018-03-01,265.5936567709765
2018-03-02,266.5376600871698
2018-03-03,268.36727633511214
2018-03-04,271.8475193431738
2018-03-05,275.1590600567453
2018-03-06,275.9505920767511
2018-03-07,276.5823517165657
2018-03-08,277.4354190745948
2018-03-09,277.9158109780949
2018-03-10,279.89927541576
2018-03-11,281.8516592000991
2018-03-12,282.0039023201729
2018-03-13,280.9092470886421
2018-03-14,279.1602461654833
2018-03-15,278.39078019694267
2018-03-16,277.30736043557346
2018-03-17,273.93039232568225
2018-03-18,271.71948394574304
2018-03-19,270.90524656531926
2018-03-20,271.45897108985025
2018-03-21,272.3905832171941
2018-03-22,273.72512124562513
2018-03-23,275.4193070646638
2018-03-24,276.7581714041556
2018-03-25,277.7390385156508
2018-03-26,277.97953346482103
2018-03-27,277.9909364078513
2018-03-28,278.5354530432631
2018-03-29,278.1613883348938
2018-03-30,278.7729810299067
2018-03-31,278.7308229988556
2018-04-01,277.8773696233035
2018-04-02,278.9522315459714
2018-04-03,282.62356833227295
2018-04-04,284.11958890592
2018-04-05,282.6748111154408
2018-04-06,281.42375535407393
2018-04-07,283.4601159157395
2018-04-08,285.61740924533007
2018-04-09,286.50582899958613
2018-04-10,286.7577438948872
2018-04-11,285.4939714322545
2018-04-12,285.9655671726391
2018-04-13,285.2701990873388
2018-04-14,285.03071171591534
2018-04-15,285.57636713183155
2018-04-16,285.6762184990358
2018-04-17,286.2092369748062
2018-04-18,287.80992943920995
2018-04-19,289.5962370607229
2018-04-20,290.9214447696555
2018-04-21,290.5186624082256
2018-04-22,290.62729177873854
2018-04-23,289.50480359948824
2018-04-24,287.56733361193267
2018-04-25,286.7199576528865
2018-04-26,284.3751278348918
2018-04-27,284.2567650892096
2018-04-28,285.44865449174716
2018-04-29,287.2198180740781
2018-04-30,286.9995902036887
2018-05-01,284.6247087181036
2018-05-02,284.13752124031936
2018-05-03,284.64752698649085
2018-05-04,285.24741116446194
2018-05-05,286.5896360119459
2018-05-06,288.1048333453647
2018-05-07,289.3615437544218
2018-05-08,290.569921532153
2018-05-09,291.279883599634
2018-05-10,289.66124302157584
2018-05-11,288.24430361642726
2018-05-12,289.2687955400293
2018-05-13,289.59153010980776
2018-05-14,289.9872197440857
2018-05-15,289.34900384469887
2018-05-16,288.16938983833893
2018-05-17,286.8635013050587
2018-05-18,285.70408184983376
2018-05-19,285.72025443892426
2018-05-20,287.04434767632375
2018-05-21,288.94295103015236
2018-05-22,289.91045088584497
2018-05-23,290.59574753953416
2018-05-24,290.6405653823148
2018-05-25,291.29924331041593
2018-05-26,292.3656491550146
2018-05-27,292.8735857082755
2018-05-28,294.26638330092254
2018-05-29,294.77837842018204
2018-05-30,294.7222171213205
2018-05-31,294.7691785962852
2018-06-01,293.54956460407095
2018-06-02,292.38291861282346
2018-06-03,292.34528540890153
2018-06-04,292.66918862896637
2018-06-05,292.332016167756
2018-06-06,292.8948074023391
2018-06-07,293.34386369753446
2018-06-08,293.7307325201567
2018-06-09,294.15783783148964
2018-06-10,293.85506003550285
2018-06-11,292.7636248311371
2018-06-12,290.7304511704783
2018-06-13,288.61301724050475
2018-06-14,288.32698338889924
2018-06-15,289.3302891959154
2018-06-16,290.9412118420082
2018-06-17,291.04226192172956
2018-06-18,291.00358421505297
2018-06-19,291.3842900349522
2018-06-20,293.0058472845922
2018-06-21,291.6038878846485
2018-06-22,288.3249378296899
2018-06-23,286.9520937997825
2018-06-24,286.73113866690034
2018-06-25,287.6662430702711
2018-06-26,288.7567010541136
2018-06-27,290.1677195323804
2018-06-28,291.414525766425
2018-06-29,292.94230540939196
2018-06-30,293.0954709326637
2018-07-01,292.2438487296709
2018-07-02,291.97515290001616
2018-07-03,292.5313482989592
2018-07-04,293.34749228105073
2018-07-05,293.2562917783351
2018-07-06,292.4843364523614
2018-07-07,292.1403927364454
2018-07-08,292.0403858880716
2018-07-09,291.80335030685035
2018-07-10,290.16240782692057
2018-07-11,289.3333009255029
2018-07-12,290.2321959634062
2018-07-13,291.4939865472638
2018-07-14,292.35144466209596
2018-07-15,292.7722176588939
2018-07-16,293.37139958050824
2018-07-17,294.0903477446537
2018-07-18,293.9629307245946
2018-07-19,293.84716734255386
2018-07-20,294.23137747726537
2018-07-21,293.7939056202742
2018-07-22,293.5712062322
2018-07-23,294.15178586921513
2018-07-24,295.7278429954252
2018-07-25,297.15933731681827
2018-07-26,298.2464935015017
2018-07-27,298.66173279278695
2018-07-28,297.4152414970887
2018-07-29,296.6150228550073
2018-07-30,297.72104082413716
2018-07-31,298.58234383907387
2018-08-01,297.97710696764665
2018-08-02,297.73991844702397
2018-08-03,298.4392034377609
2018-08-04,298.5391508734398
2018-08-05,296.99869542025533
2018-08-06,296.73219250356505
2018-08-07,298.04041818886986
2018-08-08,297.67150880998867
2018-08-09,296.7188943495202
2018-08-10,293.86447421508745
2018-08-11,291.796755783679
2018-08-12,291.88050045476285
2018-08-13,292.068938629441
2018-08-14,291.96483996472017
2018-08-15,292.1364083827013
2018-08-16,293.26965740902136
2018-08-17,293.50417494007576
2018-08-18,293.2458315358345
2018-08-19,293.88732402513585
2018-08-20,293.90297353182484
2018-08-21,293.9744704138296
2018-08-22,294.92225140737384
2018-08-23,295.06573842355726
2018-08-24,292.73580073823297
2018-08-25,289.2777522699281
2018-08-26,287.6860538155551
2018-08-27,288.38597765557427
2018-08-28,289.6246316969027
2018-08-29,291.2467253718784
2018-08-30,290.4171783033024
2018-08-31,288.8347579017634
2018-09-01,288.14515568495085
2018-09-02,288.3330141566402
2018-09-03,289.7964090332061
2018-09-04,290.942353051384
2018-09-05,291.6953947109087
2018-09-06,291.5884960504351
2018-09-07,290.3117588419602
2018-09-08,289.10297553064845
2018-09-09,289.5455267321113
2018-09-10,290.3596863846261
2018-09-11,291.5381256206411
2018-09-12,291.90446801601524
2018-09-13,290.15381702852085
2018-09-14,289.0305417381625
2018-09-15,288.37088723873944
2018-09-16,288.40353317689556
2018-09-17,289.66692635079437
2018-09-18,291.99526522157663
2018-09-19,292.9998092564373
2018-09-20,293.3804656429958
2018-09-21,291.8597242820603
2018-09-22,288.361355230581
2018-09-23,286.41386939975314
2018-09-24,283.93875145226383
2018-09-25,282.37724998392355
2018-09-26,282.98546243524817
2018-09-27,285.359946449719
2018-09-28,285.2293874505019
2018-09-29,283.7020216725868
2018-09-30,283.4764649161371
2018-10-01,282.5325631722446
2018-10-02,281.77356872417937
2018-10-03,283.032305890408
2018-10-04,283.5856439750711
2018-10-05,284.9903607285452
2018-10-06,286.7074743242281
2018-10-07,285.93853178740045
2018-10-08,284.7469246730501
2018-10-09,285.07775977843085
2018-10-10,286.3152858443295
2018-10-11,287.8523035722375
2018-10-12,289.4279046350518
2018-10-13,290.2373845573695
2018-10-14,290.0778213443289
2018-10-15,289.4762379301624
2018-10-16,288.39097827281853
2018-10-17,287.5041411845608
2018-10-18,286.2887847643295
2018-10-19,284.6509196608861
2018-10-20,283.3539927818729
2018-10-21,282.53297372087604
2018-10-22,281.7950351147633
2018-10-23,281.9420235064535
2018-10-24,283.24806510933354
2018-10-25,283.89104243401005
2018-10-26,283.23234427788543
2018-10-27,281.03707909181037
2018-10-28,278.683416076226
2018-10-29,278.0752527283342
2018-10-30,279.1015671255752
2018-10-31,279.85046819353664
2018-11-01,280.52870499640545
2018-11-02,280.9845994709413
2018-11-03,280.21429031150495
2018-11-04,280.79947611644275
2018-11-05,282.01679420179954
2018-11-06,282.74146224368
2018-11-07,283.0672198527772
2018-11-08,282.7952788952112
2018-11-09,282.3694456570277
2018-11-10,282.65917232745073
2018-11-11,283.25849755695134
2018-11-12,283.77475677323923
2018-11-13,283.2091863392121
2018-11-14,281.3112628436622
2018-11-15,279.5220543384624
2018-11-16,278.20417024850263
2018-11-17,276.8710196949582
2018-11-18,275.54491437482375
2018-11-19,275.47071446281274
2018-11-20,275.06313784777075
2018-11-21,274.6031914768098
2018-11-22,274.65884839573664
2018-11-23,274.75043267298696
2018-11-24,275.47638623619264
2018-11-25,276.2766560050187
2018-11-26,276.419883916669
2018-11-27,275.3598765185093
2018-11-28,274.76077240246264
2018-11-29,275.6881064765588
2018-11-30,276.7907536018314
2018-12-01,277.935679023313
2018-12-02,280.0324752633692
2018-12-03,282.2237808731283
2018-12-04,280.6095526914288
2018-12-05,278.2348011242033
2018-12-06,279.33923608429745
2018-12-07,281.1233275791626
2018-12-08,280.4730496025382
2018-12-09,280.2530589496556
2018-12-10,278.460030460464
2018-12-11,276.8992156612251
2018-12-12,275.6041708666531
2018-12-13,274.1960010913018
2018-12-14,273.21549552632155
2018-12-15,272.4320103938339
2018-12-16,272.193198598746
2018-12-17,273.80223463072736
2018-12-18,275.1585992237556
2018-12-19,275.95305797002976
2018-12-20,277.24598603376944
2018-12-21,279.21871975895033
2018-12-22,280.37799895386763
2018-12-23,280.3288386756583
2018-12-24,278.4175147118447
2018-12-25,276.683583152236
2018-12-26,275.3953097332756
2018-12-27,275.02284328591304
2018-12-28,274.88492517612536
2018-12-29,275.55019439130785
2018-12-30,277.1597060133296
2018-12-31,278.32975640997546
2019-01-01,278.6136461616478
2019-01-02,276.7737884326623
2019-01-03,274.5886145021354
2019-01-04,274.2952061103077
2019-01-05,275.8038280031568
2019-01-06,276.3918033184701
2019-01-07,276.81453337806823
2019-01-08,277.22104746711847
2019-01-09,275.8479404111253
2019-01-10,274.32983940022075
2019-01-11,274.1831473093982
2019-01-12,275.54304500127273
2019-01-13,277.3498415640477
2019-01-14,276.8331396893085
2019-01-15,276.7340798705664
2019-01-16,277.0156616204748
2019-01-17,276.7566985681803
2019-01-18,274.48416846476323
2019-01-19,272.2164749873833
2019-01-20,270.313245364742
2019-01-21,269.4130160084608
2019-01-22,269.1633544225905
2019-01-23,268.8711014543503
2019-01-24,268.7753043680268
2019-01-25,269.3948300720285
2019-01-26,272.72045975581904
2019-01-27,275.303074241552
2019-01-28,275.2780846642569
2019-01-29,274.3870985817963
2019-01-30,273.3189847003877
2019-01-31,272.60018588418933
2019-02-01,273.1094411615605
2019-02-02,273.7378837429303
2019-02-03,273.8425447804759
2019-02-04,273.5753894766348
2019-02-05,273.68910421125264
2019-02-06,273.9560983809642
2019-02-07,274.9001463119814
2019-02-08,276.7366608645861
2019-02-09,278.47410147279425
2019-02-10,279.1017662098913
2019-02-11,277.8974078910579
2019-02-12,276.71671567379695
2019-02-13,276.5755027979921
2019-02-14,276.8568354750872
2019-02-15,277.7011411965091
2019-02-16,278.5957621492949
2019-02-17,279.0257485124201
2019-02-18,279.31600868843293
2019-02-19,279.1641027969095
2019-02-20,278.9479750039634
2019-02-21,279.62986304544273
2019-02-22,279.65716174125293
2019-02-23,277.6641256004046
2019-02-24,277.40700809249984
2019-02-25,278.369655273217
2019-02-26,279.39476851488945
2019-02-27,280.47231430769466
2019-02-28,281.1562616792967
2019-03-01,280.3283743797862
2019-03-02,279.6176622902674
2019-03-03,281.046749034112
2019-03-04,281.33014341807007
2019-03-05,279.90071614341366
2019-03-06,280.4690032370755
2019-03-07,281.3180053883056
2019-03-08,280.54573448108806
2019-03-09,280.7216140630668
2019-03-10,280.3118683976494
2019-03-11,278.09084968454226
2019-03-12,278.08998708352965
2019-03-13,278.28236948647697
2019-03-14,278.28264091888474
2019-03-15,279.65861137715984
2019-03-16,280.7297317703845
2019-03-17,280.67981944016407
2019-03-18,278.90266472938566
2019-03-19,277.71963408691425
2019-03-20,278.0893347975709
2019-03-21,279.77466008371545
2019-03-22,281.5020954819547
2019-03-23,281.8240092398848
2019-03-24,281.0924774386463
2019-03-25,279.3792112777419
2019-03-26,278.57042255759546
2019-03-27,278.95561421496694
2019-03-28,280.15943908890637
2019-03-29,281.6221292694122
2019-03-30,282.8148143480374
2019-03-31,282.4105038300183
2019-04-01,281.5751717505171
2019-04-02,282.47202424698725
2019-04-03,282.39636982873594
2019-04-04,281.02382935205975
2019-04-05,280.5213758290881
2019-04-06,282.1287395369523
2019-04-07,283.58920305204464
2019-04-08,283.95418958673525
2019-04-09,282.9686554457195
2019-04-10,281.24989472218925
2019-04-11,279.4217132411225
2019-04-12,277.7239759359691
2019-04-13,276.6614059559099
2019-04-14,276.895115609209
2019-04-15,279.2602611853676
2019-04-16,281.3367804172767
2019-04-17,283.3327507441096
2019-04-18,285.3539525557774
2019-04-19,286.875871884682
2019-04-20,287.4539461214584
2019-04-21,287.60172604127746
2019-04-22,287.89831618913166
2019-04-23,287.8658355457772
2019-04-24,288.61084197876505
2019-04-25,288.46639368263146
2019-04-26,286.3006955866094
2019-04-27,284.2073735963906
2019-04-28,282.2431656092954
2019-04-29,281.55018161972174
2019-04-30,282.5601086859082
2019-05-01,283.3532876923374
2019-05-02,283.6080321987728
2019-05-03,282.5340932701036
2019-05-04,280.07217227384655
2019-05-05,278.9001836930415
2019-05-06,278.87556136284786
2019-05-07,279.7380145038563
2019-05-08,281.38224805768704
2019-05-09,283.0280830407187
2019-05-10,283.7098224916188
2019-05-11,283.28260915897107
2019-05-12,282.4189830729808
2019-05-13,282.23447988319896
2019-05-14,281.885400791703
2019-05-15,281.7637903439646
2019-05-16,281.8995988572238
2019-05-17,283.454944798761
2019-05-18,285.85262795871023
2019-05-19,287.5603850300049
2019-05-20,287.65658671464155
2019-05-21,286.9793009596991
2019-05-22,286.034096428211
2019-05-23,286.36615814223103
2019-05-24,287.6443373712909
2019-05-25,287.27386735233335
2019-05-26,287.9805115430714
2019-05-27,288.2293356059939
2019-05-28,286.7601197066193
2019-05-29,285.6668135549859
2019-05-30,286.5732025545341
2019-05-31,288.6458798024666
2019-06-01,290.69701501634495
2019-06-02,293.29290962169443
2019-06-03,293.8414480379121
2019-06-04,294.1392400409775
2019-06-05,295.18574563951
2019-06-06,291.9219190545613
2019-06-07,290.66492438755364
2019-06-08,289.44167712975326
2019-06-09,289.49185186565256
2019-06-10,290.42573403492327
2019-06-11,290.5759938089947
2019-06-12,290.24419779555126
2019-06-13,290.3637814807397
2019-06-14,291.87976440814106
2019-06-15,292.5690621586256
2019-06-16,291.40146203041337
2019-06-17,292.03719757504956
2019-06-18,293.59734293461014
2019-06-19,294.7996527470202
2019-06-20,293.47821669468834
2019-06-21,292.1821285296734
2019-06-22,291.65110353438286
2019-06-23,292.7212429882006
2019-06-24,294.6845405438535
2019-06-25,297.0972409922639
2019-06-26,298.4335219605299
2019-06-27,296.36828365981034
2019-06-28,294.29726157435005
2019-06-29,294.9479989619573
2019-06-30,296.9169099825457
2019-07-01,295.92632475903105
2019-07-02,293.5027859323167
2019-07-03,291.40199110311386
2019-07-04,290.6473687834228
2019-07-05,291.4755942828214
2019-07-06,292.16027726556257
2019-07-07,290.5043738273284
2019-07-08,288.8618018509615
2019-07-09,287.906564318445
2019-07-10,288.27981107375393
2019-07-11,288.931853457526
2019-07-12,289.53234265020444
2019-07-13,289.5873435161367
2019-07-14,289.05352807063457
2019-07-15,288.71209999422314
2019-07-16,288.7687231988787
2019-07-17,289.61083584865787
2019-07-18,291.20780351982813
2019-07-19,292.21763658400295
2019-07-20,293.72339719440555
2019-07-21,293.6430751140532
2019-07-22,293.93776871296456
2019-07-23,295.851387270679
2019-07-24,298.18085226705034
2019-07-25,300.09649999586696
2019-07-26,300.18452417675593
2019-07-27,297.8843256328366
2019-07-28,295.6396840774307
2019-07-29,294.41214654257544
2019-07-30,294.56080152288655
2019-07-31,293.2827059455178
2019-08-01,292.5413063496837
2019-08-02,292.13977930909306
2019-08-03,291.488764448158
2019-08-04,291.93865429727856
2019-08-05,292.9445393327634
2019-08-06,293.2349254793882
2019-08-07,292.4997393678205
2019-08-08,292.35560048190456
2019-08-09,293.25327802680266
2019-08-10,293.63099812629974
2019-08-11,293.25352478563633
2019-08-12,291.56722702405926
2019-08-13,289.8011115140759
2019-08-14,289.0879926298123
2019-08-15,289.15327120009886
2019-08-16,289.8432411902917
2019-08-17,290.71623236441616
2019-08-18,291.8833066465514
2019-08-19,291.5384422872795
2019-08-20,290.40138028153245
2019-08-21,289.66379893081097
2019-08-22,290.2284722585906
2019-08-23,291.3202281626624
2019-08-24,292.82318544316576
2019-08-25,294.49902379141037
2019-08-26,295.6429528046386
2019-08-27,296.3182969392078
2019-08-28,296.6149850626097
2019-08-29,295.45834880827914
2019-08-30,294.60040302545224
2019-08-31,295.3874729032935
2019-09-01,293.62995478998505
2019-09-02,290.7280699165664
2019-09-03,289.4781937761187
2019-09-04,289.73968789688394
2019-09-05,288.4765465039055
2019-09-06,287.45289008808436
2019-09-07,286.7468592683659
2019-09-08,285.95785578327474
2019-09-09,285.53574594316086
2019-09-10,285.7426607649345
2019-09-11,286.62239922472895
2019-09-12,288.7073465362841
2019-09-13,289.501327428667
2019-09-14,288.7488532996696
2019-09-15,289.2441100011869
2019-09-16,288.6908626597742
2019-09-17,287.39792956794025
2019-09-18,285.6022571549572
2019-09-19,284.1592800651923
2019-09-20,283.78923204177926
2019-09-21,285.39388629805063
2019-09-22,287.5791332167822
2019-09-23,287.84776035418076
2019-09-24,287.7833432039746
2019-09-25,287.66636470883776
2019-09-26,287.90683305302053
2019-09-27,288.1453867154968
2019-09-28,287.8523766103266
2019-09-29,288.0248567692266
2019-09-30,287.59433892752986
2019-10-01,287.3217286255694
2019-10-02,285.34448875592324
2019-10-03,283.4928712373296
2019-10-04,282.7440752985306
2019-10-05,282.3413359262933
2019-10-06,281.46745042780293
2019-10-07,281.3871273664703
2019-10-08,283.1229011944257
2019-10-09,283.8292345032754
2019-10-10,283.90922361877875
2019-10-11,284.93645420873713
2019-10-12,286.55079943577715
2019-10-13,288.75978989233175
2019-10-14,289.37183656361645
2019-10-15,288.62775264073986
2019-10-16,286.9502895074517
2019-10-17,286.59130526261885
2019-10-18,286.2692764934021
2019-10-19,285.61844462300024
2019-10-20,285.7759766732963
2019-10-21,286.10972362916425
2019-10-22,285.437162447776
2019-10-23,285.23096563608533
2019-10-24,285.87391479019544
2019-10-25,286.09894941643034
2019-10-26,286.5293613288632
2019-10-27,285.21076648564673
2019-10-28,282.29313886554604
2019-10-29,280.2199017402339
2019-10-30,278.13755522500367
2019-10-31,276.76270955391635
2019-11-01,277.4302064834269
2019-11-02,281.48090254651135
2019-11-03,282.9352881397237
2019-11-04,283.18452755314394
2019-11-05,282.3468537769348
2019-11-06,281.1367459902322
2019-11-07,280.3869155284986
2019-11-08,279.2967301940972
2019-11-09,278.3382174105047
2019-11-10,276.72099792047675
2019-11-11,275.9625236140327
2019-11-12,276.6405302397556
2019-11-13,276.7271737408199
2019-11-14,276.875084421599
2019-11-15,277.26038785806276
2019-11-16,277.1710565590518
2019-11-17,276.8661377058573
2019-11-18,277.4340846457323
2019-11-19,277.31630517934985
2019-11-20,276.38014190376146
2019-11-21,276.7095488213053
2019-11-22,277.2412584459422
2019-11-23,278.16399510682305
2019-11-24,278.1285774425935
2019-11-25,277.79585676327684
2019-11-26,278.89158335634914
2019-11-27,280.1464495936065
2019-11-28,281.2219279280591
2019-11-29,279.75173456342924
2019-11-30,277.10469965245886
2019-12-01,275.0794571701758
2019-12-02,274.7444570255631
2019-12-03,275.2641548917455
2019-12-04,274.86894205780186
2019-12-05,273.82522067582914
2019-12-06,274.74231398647754
2019-12-07,277.7240149968485
2019-12-08,279.6912594231207
2019-12-09,279.64229709692637
2019-12-10,277.62352835235896
2019-12-11,276.22670779297056
2019-12-12,275.6963299096002
2019-12-13,275.3412787312094
2019-12-14,276.72656105012686
2019-12-15,278.52520319877937
2019-12-16,279.2636386797318
2019-12-17,280.8810077863493
2019-12-18,280.67279005503985
2019-12-19,280.0388200630979
2019-12-20,280.12478110049955
2019-12-21,279.4140095356533
2019-12-22,278.94615976994316
2019-12-23,279.1748479442992
2019-12-24,279.12847008132104
2019-12-25,278.972340479409
2019-12-26,277.7995171397286
2019-12-27,276.81827621168856
2019-12-28,274.6376494154243
2019-12-29,273.29803277097704
2019-12-30,274.41568440227866
2019-12-31,275.0552879150046
2020-01-01,274.0185713531075
2020-01-02,273.44723727021267
2020-01-03,275.75917857039656
2020-01-04,276.5475029859669
2020-01-05,276.50981058538844
2020-01-06,276.10489715853896
2020-01-07,276.2919689601252
2020-01-08,277.67735619959666
2020-01-09,279.89854013304466
2020-01-10,280.30424388848326
2020-01-11,278.4175950417261
2020-01-12,277.1549086432457
2020-01-13,277.3464651835605
2020-01-14,278.7352759183152
2020-01-15,280.4108510490278
2020-01-16,280.1695439278925
2020-01-17,279.3743990851455
2020-01-18,277.97855070973935
2020-01-19,276.3212721486161
2020-01-20,275.3916696575037
2020-01-21,274.01121521455167
2020-01-22,273.4574501800734
2020-01-23,273.6196970156665
2020-01-24,273.13752366452394
2020-01-25,273.37586882787537
2020-01-26,274.26017047028387
2020-01-27,276.46051818265136
2020-01-28,277.14679935875836
2020-01-29,276.84405800681867
2020-01-30,278.11017769230926
2020-01-31,281.06370089074625
2020-02-01,282.45150595591224
2020-02-02,282.10852284125735
2020-02-03,281.7779132097633
2020-02-04,279.2189885911877
2020-02-05,277.09867254014546
2020-02-06,275.95197279162295
2020-02-07,275.57067251775135
2020-02-08,276.05290626868606
2020-02-09,278.7904241338361
2020-02-10,279.85612005594396
2020-02-11,278.52532505033747
2020-02-12,277.48134275648385
2020-02-13,276.7722740544489
2020-02-14,277.41568035259826
2020-02-15,278.5366924660808
2020-02-16,281.8064341909094
2020-02-17,281.6752796822668
2020-02-18,280.36835228880915
2020-02-19,278.9350974996908
2020-02-20,278.6189009452003
2020-02-21,278.3041137632548
2020-02-22,279.4595201471685
2020-02-23,280.69534113192697
2020-02-24,280.07374335062633
2020-02-25,280.1221989558936
2020-02-26,277.67138330184974
2020-02-27,276.19261593786496
2020-02-28,276.0134538982267
2020-02-29,278.1549344259066
2020-03-01,279.077032116233
2020-03-02,279.05366681953785
2020-03-03,278.1322391342251
2020-03-04,277.22217428073134
2020-03-05,277.43024922312605
2020-03-06,277.62898263228084
2020-03-07,277.5344232010748
2020-03-08,278.56618716724324
2020-03-09,279.1216431083256
2020-03-10,279.6561406403778
2020-03-11,282.01916324635346
2020-03-12,282.4762553671991
2020-03-13,280.6826974354582
2020-03-14,278.9601129949254
2020-03-15,279.60625746020725
2020-03-16,280.9057014512375
2020-03-17,281.81514913549614
2020-03-18,282.71004228228765
2020-03-19,283.0315900741797
2020-03-20,282.1798065136773
2020-03-21,279.3496143949542
2020-03-22,277.0225294065
2020-03-23,275.5047359750088
2020-03-24,275.24315634870817
2020-03-25,275.73626739619397
2020-03-26,276.54431636651276
2020-03-27,279.091644582276
2020-03-28,280.3954751463499
2020-03-29,278.29579757159405
2020-03-30,276.2074040165394
2020-03-31,275.4576683275647
2020-04-01,275.6519919057264
2020-04-02,277.21327671448756
2020-04-03,278.4629437372302
2020-04-04,279.46627845710583
2020-04-05,281.68669717230887
2020-04-06,284.2870942523769
2020-04-07,285.571812278616
2020-04-08,286.74463740024737
2020-04-09,286.58561203848086
2020-04-10,285.5210351356048
2020-04-11,285.0522391382713
2020-04-12,286.2187566604339
2020-04-13,283.80106970737
2020-04-14,280.5573727725457
2020-04-15,280.8244235813473
2020-04-16,283.11832465505756
2020-04-17,284.70017656873387
2020-04-18,285.8582462833484
2020-04-19,285.3247260183665
2020-04-20,284.6660877777917
2020-04-21,284.9891888347981
2020-04-22,285.62863593322135
2020-04-23,286.15296171638334
2020-04-24,286.4017097821502
2020-04-25,285.0279989582593
2020-04-26,284.453880987972
2020-04-27,285.53543277250435
2020-04-28,285.81087860484195
2020-04-29,285.4764007115466
2020-04-30,284.99723498839484
2020-05-01,283.9649107894432
2020-05-02,282.80133483854326
2020-05-03,282.959887862423
2020-05-04,283.2724613669556
2020-05-05,282.4099339867771
2020-05-06,282.5666872376012
2020-05-07,283.79756119056765
2020-05-08,285.98949754160657
2020-05-09,287.7932889904911
2020-05-10,288.46935426395754
2020-05-11,284.44492095876825
2020-05-12,281.6366780759557
2020-05-13,281.10963339653335
2020-05-14,281.17998061077043
2020-05-15,281.87728200774916
2020-05-16,283.22577631894876
2020-05-17,284.5310322503205
2020-05-18,286.6002187003949
2020-05-19,288.1855866416939
2020-05-20,288.5843721366129
2020-05-21,289.3336517563614
2020-05-22,290.3050296876614
2020-05-23,288.4786917756224
2020-05-24,286.8033476656424
2020-05-25,286.3875074398981
2020-05-26,286.28311974311845
2020-05-27,287.39781838065153
2020-05-28,287.38921034684694
2020-05-29,287.3165932631223
2020-05-30,287.3636925118095
2020-05-31,287.3891863721547
2020-06-01,288.91131744990764
2020-06-02,290.63253099134124
2020-06-03,291.29000868847663
2020-06-04,289.37469863864163
2020-06-05,286.7413394473944
2020-06-06,285.82144169206435
2020-06-07,285.7161923785247
2020-06-08,286.22562123764504
2020-06-09,286.7401726912506
2020-06-10,287.2119075007163
2020-06-11,287.8397583088816
2020-06-12,290.3140640593431
2020-06-13,292.0678810785397
2020-06-14,291.4000500128364
2020-06-15,290.9177505583154
2020-06-16,290.6767225501973
2020-06-17,290.94045826850265
2020-06-18,290.63080304905895
2020-06-19,290.2137037240193
2020-06-20,290.01192350720873
2020-06-21,290.67115014262106
2020-06-22,291.20022498975453
2020-06-23,291.8387521236801
2020-06-24,292.6511425815835
2020-06-25,293.28908608383455
2020-06-26,294.0362215600092
2020-06-27,294.69558439769946
2020-06-28,293.51246902031113
2020-06-29,291.72306805046566
2020-06-30,290.85307940318626
2020-07-01,291.58364278576624
2020-07-02,291.33993855504224
2020-07-03,290.7952207892927
2020-07-04,291.2820700844319
2020-07-05,292.5460964805934
2020-07-06,290.67801659404887
2020-07-07,289.2219894008381
2020-07-08,288.53550640124325
2020-07-09,289.95484396682514
2020-07-10,290.6161272230451
2020-07-11,289.3289969755032
2020-07-12,289.03548549421146
2020-07-13,289.7882505819173
2020-07-14,290.4866949325625
2020-07-15,289.73868403601443
2020-07-16,288.8214211650778
2020-07-17,289.28117159387944
2020-07-18,290.68622496956164
2020-07-19,292.5163121748785
2020-07-20,292.4115620028059
2020-07-21,291.48360277669076
2020-07-22,290.86655466910383
2020-07-23,291.1745057029327
2020-07-24,291.89934130024005
2020-07-25,292.5868708715896
2020-07-26,292.34761060858966
2020-07-27,292.87212526586455
2020-07-28,293.5635601527716
2020-07-29,292.36358104879787
2020-07-30,292.4282094631389
2020-07-31,294.2510290470498
2020-08-01,295.5900877973295
2020-08-02,294.266128953385
2020-08-03,291.9598446623474
2020-08-04,290.38862398599434
2020-08-05,291.1997042302591
2020-08-06,293.25159415631964
2020-08-07,295.52537593135384
2020-08-08,297.55516971205003
2020-08-09,298.24698654738467
2020-08-10,298.1171592599437
2020-08-11,298.1195943800639
2020-08-12,297.8250695609002
2020-08-13,296.8420341272659
2020-08-14,295.631949276996
2020-08-15,294.98128303242083
2020-08-16,295.29350563433235
2020-08-17,294.27944895200017
2020-08-18,293.18253001546236
2020-08-19,293.0202072103519
2020-08-20,294.7085197785381
2020-08-21,296.6119488350659
2020-08-22,295.23343199662196
2020-08-23,293.1088830717938
2020-08-24,291.0813883664301
2020-08-25,290.43707158270604
2020-08-26,290.9281361748245
2020-08-27,290.22493403814116
2020-08-28,290.06115552272934
2020-08-29,289.4005710016454
2020-08-30,288.5999640885429
2020-08-31,288.2213405487061
2020-09-01,287.65238663647
2020-09-02,287.40060576047875
2020-09-03,287.83189190831547
2020-09-04,290.0093855662362
2020-09-05,289.7066244334519
2020-09-06,288.2967870389491
2020-09-07,287.7336361952621
2020-09-08,288.32414910024505
2020-09-09,289.70172975470433
2020-09-10,289.18229853833793
2020-09-11,289.1661814029846
2020-09-12,289.6714191657132
2020-09-13,290.2899936598014
2020-09-14,291.9345814288136
2020-09-15,293.3800017086512
2020-09-16,293.3723904215798
2020-09-17,290.7208094187054
2020-09-18,288.76390328795463
2020-09-19,288.1246795172369
2020-09-20,288.1011757113947
2020-09-21,288.6027106678067
2020-09-22,289.4255513401929
2020-09-23,289.94071937382347
2020-09-24,289.50887343437
2020-09-25,286.7503225889151
2020-09-26,284.1313357099328
2020-09-27,283.2934101774655
2020-09-28,283.26600390228003
2020-09-29,283.9195333107487
2020-09-30,285.1980672735248
2020-10-01,285.55745821643876
2020-10-02,286.3528965309284
2020-10-03,286.3998710781901
2020-10-04,285.5151141540696
2020-10-05,284.77564050748697
2020-10-06,284.7089982390496
2020-10-07,284.52172934618153
2020-10-08,284.94635700273227
2020-10-09,285.35822788401055
2020-10-10,283.7592319264008
2020-10-11,282.0252453773371
2020-10-12,281.26812767286464
2020-10-13,280.69674580216497
2020-10-14,280.60716353465574
2020-10-15,280.9223566389464
2020-10-16,281.01791002355577
2020-10-17,280.7099988333372
2020-10-18,280.662778088627
2020-10-19,280.8308007202583
2020-10-20,281.42746813050354
2020-10-21,284.051153774603
2020-10-22,286.2314752706772
2020-10-23,286.3754557143883
2020-10-24,286.0434891628202
2020-10-25,285.3266787739618
2020-10-26,283.7053300266592
2020-10-27,282.577864637714
2020-10-28,282.8883452302992
2020-10-29,282.7549531604149
2020-10-30,284.0438660131619
2020-10-31,284.74929810380496
2020-11-01,285.43776908541565
2020-11-02,287.82982234750733
2020-11-03,285.64551610024057
2020-11-04,282.57715366512826
2020-11-05,280.2984666866777
2020-11-06,279.41106018165215
2020-11-07,279.34216149619436
2020-11-08,279.7272756355141
2020-11-09,280.04600956204416
2020-11-10,279.50007940721696
2020-11-11,279.83672304188696
2020-11-12,280.50695061384766
2020-11-13,281.04934384168195
2020-11-14,282.66875899270656
2020-11-15,283.40031445648003
2020-11-16,282.98439429343716
2020-11-17,282.764092120637
2020-11-18,282.53623608605426
2020-11-19,281.5669998139735
2020-11-20,278.7113383205579
2020-11-21,277.05616425676936
2020-11-22,277.58961204404744
2020-11-23,277.84388926023865
2020-11-24,277.48728319032824
2020-11-25,276.7719031301473
2020-11-26,276.70887477661796
2020-11-27,276.2426404526176
2020-11-28,275.41230942850785
2020-11-29,274.327771838166
2020-11-30,273.2853325390301
2020-12-01,274.20931556066796
2020-12-02,274.08229699011554
2020-12-03,273.9477758818643
2020-12-04,274.718142570842
2020-12-05,275.043982691744
2020-12-06,275.5914147850543
2020-12-07,276.0481192664494
2020-12-08,275.577097440591
2020-12-09,274.97476262906173
2020-12-10,274.13859745572336
2020-12-11,274.13714034241406
2020-12-12,275.4283276716199
2020-12-13,276.7287019625703
2020-12-14,277.6662355279661
2020-12-15,278.5861430175762
2020-12-16,279.12509905281644
2020-12-17,279.1753511645832
2020-12-18,278.5115412921454
2020-12-19,278.2069186104483
2020-12-20,278.18139965972114
2020-12-21,278.3853398840552
2020-12-22,281.11765099866034
2020-12-23,282.02190630496204
2020-12-24,280.3106965394283
2020-12-25,277.22947627339084
2020-12-26,275.1458593297859
2020-12-27,274.4776447037952
2020-12-28,274.87429303005064
2020-12-29,275.0232515782451
2020-12-30,275.21543514777375
2020-12-31,274.93107408682846
2021-01-01,274.57198329111606
2021-01-02,274.3391383940161
2021-01-03,274.10117823033056
2021-01-04,273.8333761643326
2021-01-05,273.8731644495178
2021-01-06,273.8366627348175
2021-01-07,273.6276405170119
2021-01-08,273.3740431482868
2021-01-09,272.9225158492604
2021-01-10,272.38455753777697
2021-01-11,272.06136477250465
2021-01-12,273.4638043715452
2021-01-13,273.9344596821862
2021-01-14,273.64708352108005
2021-01-15,272.64545230610236
2021-01-16,271.6463153386456
2021-01-17,271.51086069149073
2021-01-18,273.13006329248634
2021-01-19,274.7346489031399
2021-01-20,276.8262378140867
2021-01-21,278.7465516825699
2021-01-22,278.6632136037465
2021-01-23,276.7415579901352
2021-01-24,274.8991210699267
2021-01-25,273.49081183471884
2021-01-26,273.41249505189626
2021-01-27,273.54261378266557
2021-01-28,275.07355653560734
2021-01-29,276.4737652590021
2021-01-30,275.36049950247593
2021-01-31,273.2972632096235
2021-02-01,273.43667551758483
2021-02-02,275.41033571758464
2021-02-03,278.07471449451464
2021-02-04,278.3493605493707
2021-02-05,277.927027321866
2021-02-06,276.61911336024656
2021-02-07,273.7336387399386
2021-02-08,270.5812405158126
2021-02-09,267.8632543063544
2021-02-10,266.5339665098473
2021-02-11,266.15167761979643
2021-02-12,265.52543781319525
2021-02-13,265.34431910203654
2021-02-14,266.29284708106167
2021-02-15,268.9190806432865
2021-02-16,273.3991921108487
2021-02-17,276.82058571278657
2021-02-18,278.3498499302597
2021-02-19,279.08097829727035
2021-02-20,280.3775227571288
2021-02-21,281.2097177877818
2021-02-22,281.1104260526979
2021-02-23,282.4829750795402
2021-02-24,283.63855314380424
2021-02-25,283.87167602487926
2021-02-26,281.77743826171394
2021-02-27,279.25664841637507
2021-02-28,277.86822951082235
2021-03-01,277.3809502359788
2021-03-02,277.84064416239613
2021-03-03,278.69364294181037
2021-03-04,278.59268905128846
2021-03-05,276.5862613221963
2021-03-06,275.0336997552986
2021-03-07,274.64955016811916
2021-03-08,274.5511962483043
2021-03-09,274.7699060242064
2021-03-10,276.1500415037513
2021-03-11,278.7091889736119
2021-03-12,279.1312327314988
2021-03-13,279.16229314734255
2021-03-14,278.168123224989
2021-03-15,277.59462874243997
2021-03-16,277.17556951065063
2021-03-17,276.22307437867806
2021-03-18,275.35375857463384
2021-03-19,274.7273321866088
2021-03-20,274.11338318436987
2021-03-21,275.53899495310617
2021-03-22,276.43959889382296
2021-03-23,277.44356077445315
2021-03-24,278.95130485897255
2021-03-25,280.26740973061106
2021-03-26,281.7916854965963
2021-03-27,280.6233393883669
2021-03-28,280.8423474342058
2021-03-29,283.15206289492704
2021-03-30,284.6416166552019
2021-03-31,286.22475446719136
2021-04-01,286.01892464023484
2021-04-02,282.65842525986255
2021-04-03,280.43051092596266
2021-04-04,278.899846301381
2021-04-05,277.22426123676985
2021-04-06,275.2105882392687
2021-04-07,274.58160157716407
2021-04-08,275.312714210491
2021-04-09,277.919615230536
2021-04-10,279.72945542279297
2021-04-11,280.81601037692127
2021-04-12,278.4918508379528
2021-04-13,277.15271703727865
2021-04-14,276.3291045061482
2021-04-15,276.1629790206124
2021-04-16,277.03562475409893
2021-04-17,278.1407063815895
2021-04-18,279.42832365472435
2021-04-19,280.4855084092432
2021-04-20,281.6657591543154
2021-04-21,282.24092122523433
2021-04-22,281.2355158547413
2021-04-23,280.893850317288
2021-04-24,280.92370251232524
2021-04-25,280.3689889743737
2021-04-26,280.09591370011475
2021-04-27,280.71464339760877
2021-04-28,282.6958530294158
2021-04-29,283.03475591844756
2021-04-30,281.93640469136614
2021-05-01,281.6819854641169
2021-05-02,280.6547498382943
2021-05-03,280.55480602492725
2021-05-04,281.6620564851306
2021-05-05,280.7776659884157
2021-05-06,280.24292876723246
2021-05-07,279.82392213925976
2021-05-08,281.2859449285521
2021-05-09,286.8836535342086
2021-05-10,289.43292604949124
2021-05-11,288.5926573115686
2021-05-12,286.86662750092
2021-05-13,285.2897990065615
2021-05-14,284.4785785003407
2021-05-15,283.9654754691975
2021-05-16,284.00428532081617
2021-05-17,283.9753759168368
2021-05-18,283.74565988558606
2021-05-19,283.4354782976648
2021-05-20,283.88347049068443
2021-05-21,284.8001474521412
2021-05-22,284.4416030148982
2021-05-23,284.23976220747363
2021-05-24,284.95523070513275
2021-05-25,283.8583613915766
2021-05-26,283.5327231110965
2021-05-27,283.42223319429144
2021-05-28,284.09357372127926
2021-05-29,284.7369443120595
2021-05-30,285.6344588794398
2021-05-31,286.8054637868145
2021-06-01,288.30740354960903
2021-06-02,290.07284454031327
2021-06-03,291.57983152638536
2021-06-04,292.37100560781613
2021-06-05,291.82271213300936
2021-06-06,290.58361124224024
2021-06-07,290.3009480006741
2021-06-08,290.73182340149276
2021-06-09,291.464787849
2021-06-10,292.1001575188406
2021-06-11,292.7687445030954
2021-06-12,292.17265251761495
2021-06-13,290.51972277520906
2021-06-14,291.21032485798105
2021-06-15,291.8873939005589
2021-06-16,293.5732248010744
2021-06-17,296.30633161062667
2021-06-18,297.6135489687744
2021-06-19,297.9272495665918
2021-06-20,296.93210559575044
2021-06-21,294.482609355759
2021-06-22,291.5396999496836
2021-06-23,290.5302866625159
2021-06-24,289.93655156804635
2021-06-25,289.90780210575116
2021-06-26,290.9725100645589
2021-06-27,292.36766144214414
2021-06-28,293.87894968945216
2021-06-29,293.1731617360362
2021-06-30,290.9850290915693
2021-07-01,289.1022762583637
2021-07-02,289.17404760739777
2021-07-03,290.2781711537539
2021-07-04,290.95756346862646
2021-07-05,290.9419942100098
2021-07-06,291.77705745016976
2021-07-07,291.53321249917997
2021-07-08,291.1968257771304
2021-07-09,290.527740844507
2021-07-10,290.79255153777245
2021-07-11,291.02827083660577
2021-07-12,292.0445175872964
2021-07-13,292.26038147433
2021-07-14,291.518879096121
2021-07-15,291.5018250323168
2021-07-16,291.7103924487196
2021-07-17,292.33255901328084
2021-07-18,292.8001434930002
2021-07-19,291.92112020412253
2021-07-20,291.0051512863143
2021-07-21,290.9425966060943
2021-07-22,291.3451300120213
2021-07-23,291.75842799762074
2021-07-24,292.57130335777015
2021-07-25,293.12621621027967
2021-07-26,293.2193042697837
2021-07-27,292.9550160755972
2021-07-28,292.21740666511386
2021-07-29,291.62586713226625
2021-07-30,291.892124438024
2021-07-31,291.4061393317648
2021-08-01,290.14283200700874
2021-08-02,289.3237033380284
2021-08-03,288.76936236022703
2021-08-04,288.9825711299209
2021-08-05,289.62309521197045
2021-08-06,290.110703831012
2021-08-07,290.30120463130555
2021-08-08,289.90726089293764
2021-08-09,289.8596072674947
2021-08-10,290.11786881473256
2021-08-11,290.82837672713936
2021-08-12,292.2794806255379
2021-08-13,293.5992023819144
2021-08-14,293.79143158331505
2021-08-15,293.81627962342424
2021-08-16,291.6130090142105
2021-08-17,289.0477082998442
2021-08-18,288.7684074052739
2021-08-19,289.2810858270907
2021-08-20,289.91748027228306
2021-08-21,290.97602071898126
2021-08-22,290.69349610994175
2021-08-23,289.94065777058535
2021-08-24,288.89262881885645
2021-08-25,288.44289727649203
2021-08-26,287.84999946939735
2021-08-27,287.1676207257368
2021-08-28,287.0654226708442
2021-08-29,287.1706784193979
2021-08-30,287.89504538229914
2021-08-31,288.2287750910597
2021-09-01,288.145555799879
2021-09-02,288.3132900389051
2021-09-03,288.8693705150335
2021-09-04,288.913746927193
2021-09-05,289.1754629165098
2021-09-06,289.5915563191506
2021-09-07,290.02215881076137
2021-09-08,290.7055258148421
2021-09-09,291.68537744336686
2021-09-10,292.12291357603016
2021-09-11,291.6324134526669
2021-09-12,290.7704719817078
2021-09-13,289.7464003505878
2021-09-14,290.2078434317562
2021-09-15,290.7535509300574
2021-09-16,289.7924840487018
2021-09-17,288.596903426869
2021-09-18,287.8237482502336
2021-09-19,286.68916963434145
2021-09-20,285.73476207397283
2021-09-21,285.26567008282865
2021-09-22,285.3173779703401
2021-09-23,286.3229237496214
2021-09-24,287.39299365436676
2021-09-25,288.5257937215347
2021-09-26,289.74779591175445
2021-09-27,289.85893040880717
2021-09-28,288.1162807497124
2021-09-29,286.5178206572533
2021-09-30,284.78029966723074
2021-10-01,284.87387375813427
2021-10-02,286.2947887870921
2021-10-03,288.15902075542004
2021-10-04,286.9820721591919
2021-10-05,286.0222805472307
2021-10-06,284.8800383858837
2021-10-07,284.0175612470159
2021-10-08,283.7139814534501
2021-10-09,282.9139518868517
2021-10-10,281.5476509068928
2021-10-11,281.4272700900247
2021-10-12,281.35349277002837
2021-10-13,280.8404967951604
2021-10-14,281.81909697384685
2021-10-15,282.1640897646066
2021-10-16,281.3234297900564
2021-10-17,281.29171264713864
2021-10-18,281.74952128919494
2021-10-19,283.4847931165688
2021-10-20,285.924212124849
2021-10-21,285.05694555353864
2021-10-22,282.50937961122395
2021-10-23,281.01017071906125
2021-10-24,279.90160300373697
2021-10-25,280.0804140917301
2021-10-26,281.66863397150644
2021-10-27,282.6915105204771
2021-10-28,282.43776738172505
2021-10-29,282.2634070791046
2021-10-30,282.303160252306
2021-10-31,284.01774347374334
2021-11-01,283.3493896036004
2021-11-02,281.7654864096906
2021-11-03,280.3970327782143
2021-11-04,279.6317664854411
2021-11-05,279.60446564797985
2021-11-06,279.4929298232094
2021-11-07,279.7614603329834
2021-11-08,279.7314935607388
2021-11-09,279.33842606220713
2021-11-10,278.1166741985062
2021-11-11,277.5144196285566
2021-11-12,277.30237730007735
2021-11-13,278.0581779383749
2021-11-14,279.20902434273313
2021-11-15,279.0259220689463
2021-11-16,278.42848879035137
2021-11-17,278.3117245202565
2021-11-18,278.99951077814507
2021-11-19,280.232871409863
2021-11-20,280.664269732505
2021-11-21,279.57072084513106
2021-11-22,277.9037653438856
2021-11-23,276.7685106587485
2021-11-24,276.6136729370488
2021-11-25,275.7612771534857
2021-11-26,275.44599970955477
2021-11-27,275.19665766985344
2021-11-28,274.53298501217307
2021-11-29,274.27127386980584
2021-11-30,275.4575801210097
2021-12-01,277.4677731436974
2021-12-02,276.3248098966387
2021-12-03,275.0235584098164
2021-12-04,275.4312667934424
2021-12-05,275.2906915565753
2021-12-06,274.59744602176846
2021-12-07,274.6400062678383
2021-12-08,274.78626417926245
2021-12-09,274.55653772004047
2021-12-10,274.2604284356892
2021-12-11,274.0197120185476
2021-12-12,275.1855306096247
2021-12-13,277.39166323119787
2021-12-14,278.2454159817694
2021-12-15,279.06908704543355
2021-12-16,279.25706101085916
2021-12-17,278.68395342233816
2021-12-18,277.9011238911873
2021-12-19,277.4586573952343
2021-12-20,275.5949321009528
2021-12-21,272.85019022814765
2021-12-22,271.02857295613956
2021-12-23,271.81706834903036
2021-12-24,275.2374187119769
2021-12-25,273.9720980700503
2021-12-26,272.6430518662581
2021-12-27,274.0031198496183
2021-12-28,276.1690395175121
2021-12-29,278.30174430187367
2021-12-30,281.7453571040458
2021-12-31,283.4514265864105
2022-01-01,283.49760705617297
2022-01-02,282.93767521602155
2022-01-03,282.33596686872204
2022-01-04,280.8983350244185
2022-01-05,278.01390286283606
2022-01-06,275.8324836580822
2022-01-07,274.5526021821071
2022-01-08,274.2374026287566
2022-01-09,274.8874408248505
2022-01-10,274.7354196820231
2022-01-11,274.0568141714469
2022-01-12,273.7782012791715
2022-01-13,274.032177150191
2022-01-14,274.54680556713976
2022-01-15,274.3778656170308
2022-01-16,274.52632571977955
2022-01-17,275.8669388894264
2022-01-18,276.45783021227027
2022-01-19,275.96228174440955
2022-01-20,275.24404842925793
2022-01-21,274.46715794732694
2022-01-22,275.460494540606
2022-01-23,276.18643572504203
2022-01-24,276.08736467324513
2022-01-25,275.2788150983462
2022-01-26,274.48409810717357
2022-01-27,274.9975796646832
2022-01-28,275.7935984665448
2022-01-29,277.2417479836384
2022-01-30,277.5459019359214
2022-01-31,276.60721859013347
2022-02-01,276.4378220839513
2022-02-02,277.3598327474215
2022-02-03,277.98083501946974
2022-02-04,278.348542454066
2022-02-05,277.4890388929815
2022-02-06,277.67875797524664
2022-02-07,276.89287494870473
2022-02-08,277.7848096548249
2022-02-09,279.10629143711844
2022-02-10,278.7553786608047
2022-02-11,277.2086203903581
2022-02-12,275.37598771440963
2022-02-13,275.8467724558782
2022-02-14,277.89802089724463
2022-02-15,278.47405376156723
2022-02-16,279.9823943658246
2022-02-17,280.9806627154805
2022-02-18,280.9575890454143
2022-02-19,279.52513714020296
2022-02-20,279.51582839217093
2022-02-21,278.6716058312993
2022-02-22,278.490178780048
2022-02-23,278.8877628014702
2022-02-24,278.98905107296093
2022-02-25,277.37746888430456
2022-02-26,276.39844137619974
2022-02-27,275.69545841283656
2022-02-28,275.3370927844899
2022-03-01,275.1538663762662
2022-03-02,275.2222510641188
2022-03-03,275.1153848774036
2022-03-04,274.6775889281873
2022-03-05,274.3064036185972
2022-03-06,273.81440887864716
2022-03-07,273.74930034565057
2022-03-08,274.56268924994623
2022-03-09,275.88623875967477
2022-03-10,277.4020834824521
2022-03-11,277.83667087547923
2022-03-12,278.6623534154616
2022-03-13,279.47385445780037
2022-03-14,279.84040655948206
2022-03-15,279.53608170070027
2022-03-16,279.7777029113923
2022-03-17,279.9618799497883
2022-03-18,279.7969006902926
2022-03-19,279.34379899770005
2022-03-20,279.69339795350544
2022-03-21,280.433265272289
2022-03-22,281.10161827088655
2022-03-23,281.686881246612
2022-03-24,281.94119613067227
2022-03-25,282.10908291920794
2022-03-26,282.4539892144601
2022-03-27,282.63547775325657
2022-03-28,282.8452158723737
2022-03-29,282.33643130509205
2022-03-30,280.7073256339303
2022-03-31,278.718676868711
2022-04-01,276.33691130111794
2022-04-02,274.833565064242
2022-04-03,274.3871833540355
2022-04-04,275.27239288475386
2022-04-05,277.87246209167944
2022-04-06,280.6267056302668
2022-04-07,281.75147442363453
2022-04-08,280.41091500460556
2022-04-09,278.7404631865
2022-04-10,277.8283772098564
2022-04-11,278.8674020696507
2022-04-12,282.09353299426715
2022-04-13,285.12683821219963
2022-04-14,286.01089158693793
2022-04-15,284.67128543317824
2022-04-16,282.72890764657063
2022-04-17,281.777351016901
2022-04-18,282.00607259627935
2022-04-19,282.2742724206763
2022-04-20,282.1566024660776
2022-04-21,282.4012520369439
2022-04-22,283.06962056759795
2022-04-23,283.7431637055101
2022-04-24,283.3458881814657
2022-04-25,282.59318316713177
2022-04-26,282.17799075953434
2022-04-27,282.39951660454966
2022-04-28,282.9840362191653
2022-04-29,283.487210748083
2022-04-30,283.15435669677026
2022-05-01,283.27584465422854
2022-05-02,284.275853246643
2022-05-03,284.8046898522245
2022-05-04,285.0007908626578
2022-05-05,285.27290803737344
2022-05-06,285.8163822832587
2022-05-07,286.57216690319103
2022-05-08,286.4508909862075
2022-05-09,287.4364246103361
2022-05-10,289.37893232117517
2022-05-11,291.3269951856415
2022-05-12,290.65378103067917
2022-05-13,289.1307859915716
2022-05-14,288.6052939483541
2022-05-15,289.05554218165685
2022-05-16,289.808625309592
2022-05-17,290.2739037303953
2022-05-18,291.9388860552405
2022-05-19,292.8525920862495
2022-05-20,292.49229147841226
2022-05-21,290.1538406992259
2022-05-22,289.13559057862483
2022-05-23,289.64339402266194
2022-05-24,288.57453128756526
2022-05-25,288.0713693684521
2022-05-26,288.46885334699255
2022-05-27,287.73629784378755
2022-05-28,286.07772578041073
2022-05-29,284.40370720431605
2022-05-30,283.8774680541157
2022-05-31,284.9556124834634
